point,label,n,plast_age_max,plast_outside_rec,social_rec_lambda,inherit_weight,s_newborn_base,rec,crowd_aversion,refuge_frac,refuge_pref,refuge_hard,alpha,f_O1,lo_O1,hi_O1,n_O1,k_O1,f_O2,lo_O2,hi_O2,n_O2,k_O2,f_O3,lo_O3,hi_O3,n_O3,k_O3,f_O4,lo_O4,hi_O4,n_O4,k_O4,f_O5,lo_O5,hi_O5,n_O5,k_O5,f_O6,lo_O6,hi_O6,n_O6,k_O6,f_O7,lo_O7,hi_O7,n_O7,k_O7,f_O8,lo_O8,hi_O8,n_O8,k_O8,f_O8b,lo_O8b,hi_O8b,n_O8b,k_O8b,f_O9,lo_O9,hi_O9,n_O9,k_O9,f_O10,lo_O10,hi_O10,n_O10,k_O10,f_O11,lo_O11,hi_O11,n_O11,k_O11,f_O11b,lo_O11b,hi_O11b,n_O11b,k_O11b,f_O13,lo_O13,hi_O13,n_O13,k_O13,f_O13b,lo_O13b,hi_O13b,n_O13b,k_O13b,f_O13p,lo_O13p,hi_O13p,n_O13p,k_O13p,f_O14,lo_O14,hi_O14,n_O14,k_O14,f_O15,lo_O15,hi_O15,n_O15,k_O15,f_O15b,lo_O15b,hi_O15b,n_O15b,k_O15b,f_O17_run,lo_O17_run,hi_O17_run,n_O17_run,k_O17_run,f_O17p,lo_O17p,hi_O17p,n_O17p,k_O17p,trig_A1,trig_A2,trig_A3,trig_A4,f_PRIMARIO,lo_PRIMARIO,hi_PRIMARIO,k_PRIMARIO,n_PRIMARIO,P_ext,P_ext_lo,P_ext_hi,k_ext,f_exploded,t_ext_med,t_ext_med_lo,t_ext_med_hi,t_ext_mean,t_ext_sd,t_ext_cv,N_max_mean,t_peak_mean,x_rho_pk_mean,x_f0_pk_mean,x_BO_mean,x_BO4_mean,x_CR_mean,x_in_ref_pk_mean,x_S_adult_pk_mean,x_rho8_mean,x_D_last_mean,x_smat_B_mean,x_smat_sen_mean,S_at_peak_mean,mstar_at_peak_mean,wall_time_s_mean,f_rho8_ge_1.84,x_D_last_sd
0,C1,120,12.0,0.0,1.0,0.2,0.0,0.1,0.15,0.3,100.0,strict,4.0,,,,0,0,,,,0,0,,,,0,0,1.0,0.9689808335812966,1.0,120,120,0.9916666666666667,0.9543037087549505,0.998527444266658,120,119,1.0,0.9689808335812966,1.0,120,120,1.0,0.9689808335812966,1.0,120,120,0.725,0.6390703417242319,0.7969710333873515,120,87,1.0,0.9689808335812966,1.0,120,120,0.44166666666666665,0.3559974669953786,0.5309547690868035,120,53,1.0,0.9689808335812966,1.0,120,120,1.0,0.9689808335812966,1.0,120,120,1.0,0.9689808335812966,1.0,120,120,1.0,0.9689808335812966,1.0,120,120,0.0,0.0,0.031019166418703486,120,0,1.0,0.9689808335812966,1.0,120,120,1.0,0.9689808335812966,1.0,120,120,0.008333333333333333,0.0014725557333420923,0.045696291245049675,120,1,0.6583333333333333,0.5697483143197224,0.7370956163143549,120,79,0.9916666666666667,0.9543037087549505,0.998527444266658,120,119,0.9916666666666667,0.9543037087549505,0.998527444266658,120,119,0.0,0.0,0.0,0.0,0.9916666666666667,0.9543037087549505,0.998527444266658,119,120,1.0,0.9689808335812966,1.0,120,0.0,167.0,165.0,171.0,168.26666666666668,9.900966197935485,0.058840924314196616,2613.108333333333,55.041666666666664,0.36293171296296295,0.16272222222222218,0.28674726437316095,0.17321937389029796,0.19541174244666382,0.19394534370632563,0.015183512107456307,2.0943812241337474,109.50833333333334,0.22213334651383623,-0.006318842654601248,0.015349032279173714,4.440537292887678,0.7200296531583035,0.7333333333333333,4.88006721494786
1,C1 -R1,120,,1.0,1.0,0.2,0.0,0.1,0.15,0.3,100.0,strict,4.0,,,,0,0,,,,0,0,,,,0,0,1.0,0.9689808335812966,1.0,120,120,0.20833333333333334,0.14528439608109694,0.2894767843298135,120,25,0.225,0.15949154668383533,0.3075689948464516,120,27,0.225,0.15949154668383533,0.3075689948464516,120,27,0.0,0.0,0.12455502974186705,27,0,1.0,0.9689808335812966,1.0,120,120,0.05952380952380952,0.025690561091495437,0.13188262822618113,84,5,1.0,0.9689808335812966,1.0,120,120,0.7142857142857143,0.5643279073180463,0.8283297537395091,42,30,1.0,0.9689808335812966,1.0,120,120,1.0,0.9689808335812966,1.0,120,120,0.0,0.0,0.031019166418703486,120,0,1.0,0.9689808335812966,1.0,120,120,1.0,0.9689808335812966,1.0,120,120,0.03333333333333333,0.0130375510983506,0.082580337559106,120,4,0.9259259259259259,0.7663040731697686,0.9794453459390113,27,25,0.20833333333333334,0.14528439608109694,0.2894767843298135,120,25,0.20833333333333334,0.14528439608109694,0.2894767843298135,120,25,0.0,0.775,0.0,0.0,0.20833333333333334,0.14528439608109694,0.2894767843298135,25,120,0.225,0.15949154668383533,0.3075689948464516,27,0.0,,,,216.8148148148148,25.205367311557694,0.11625297530100064,3021.483333333333,71.19166666666666,0.41965046296296293,0.12744444444444442,0.2348294341111636,0.12984186490716446,0.24907322349648559,0.16426304324534644,0.03016315509062361,2.2839471485539327,107.4074074074074,0.2036736688831376,-0.003455255237595882,0.03038768922896902,5.052177381854104,2.1620854630083612,0.9259259259259259,4.8298690797614094
2,C1 -R2,120,12.0,0.0,0.0,1.0,1.0,0.01,0.15,0.3,100.0,strict,4.0,,,,0,0,,,,0,0,,,,0,0,0.9916666666666667,0.9543037087549505,0.998527444266658,120,119,0.975,0.9290699666721339,0.9914618252300978,120,117,1.0,0.9689808335812966,1.0,120,120,1.0,0.9689808335812966,1.0,120,120,0.6833333333333333,0.5955213183551313,0.7597716539580108,120,82,1.0,0.9689808335812966,1.0,120,120,0.44166666666666665,0.3559974669953786,0.5309547690868035,120,53,1.0,0.9689808335812966,1.0,120,120,0.0,0.0,0.031019166418703486,120,0,0.9916666666666667,0.9543037087549505,0.998527444266658,120,119,1.0,0.9689808335812966,1.0,120,120,0.0,0.0,0.031019166418703486,120,0,1.0,0.9689808335812966,1.0,120,120,1.0,0.9689808335812966,1.0,120,120,0.0,0.0,0.031019166418703486,120,0,0.23333333333333334,0.16665575133182917,0.31655447075814613,120,28,0.0,0.0,0.031019166418703486,120,0,0.0,0.0,0.031019166418703486,120,0,0.0,0.0,0.0,0.0,0.0,0.0,0.031019166418703486,0,120,1.0,0.9689808335812966,1.0,120,0.0,170.0,167.0,171.0,170.45,10.311819114267772,0.060497618740204005,3148.383333333333,56.225,0.4372754629629629,0.1181296296296296,0.22706787335541356,0.1396494762242354,0.2583823785711363,0.1610337909828044,0.011731484925577988,2.079759059516623,111.41666666666667,0.47359027459035624,-0.0062212979356191,0.013683047494440959,5.161726289324643,0.8493903644750466,0.7083333333333334,3.798680295681056
3,C1 -AV,120,12.0,0.0,1.0,0.2,0.0,0.1,0.0,0.3,100.0,strict,4.0,,,,0,0,,,,0,0,,,,0,0,1.0,0.9689808335812966,1.0,120,120,0.825,0.7472429012735073,0.8825946405543355,120,99,1.0,0.9689808335812966,1.0,120,120,1.0,0.9689808335812966,1.0,120,120,0.15833333333333333,0.10376977359410051,0.23409332345868022,120,19,1.0,0.9689808335812966,1.0,120,120,0.24166666666666667,0.1738584121753525,0.325501490474311,120,29,1.0,0.9689808335812966,1.0,120,120,0.9666666666666667,0.917419662440894,0.9869624489016494,120,116,0.9916666666666667,0.9543037087549505,0.998527444266658,120,119,1.0,0.9689808335812966,1.0,120,120,0.0,0.0,0.031019166418703486,120,0,1.0,0.9689808335812966,1.0,120,120,1.0,0.9689808335812966,1.0,120,120,0.008333333333333333,0.0014725557333420923,0.045696291245049675,120,1,0.725,0.6390703417242319,0.7969710333873515,120,87,0.7916666666666666,0.7105232156701865,0.8547156039189031,120,95,0.7916666666666666,0.7105232156701865,0.8547156039189031,120,95,0.0,0.0,0.0,0.0,0.7916666666666666,0.7105232156701865,0.8547156039189031,95,120,1.0,0.9689808335812966,1.0,120,0.0,185.0,181.0,188.0,188.825,23.672365373002783,0.12536669070834255,2338.6583333333333,61.06666666666667,0.32481365740740736,0.5161666666666667,0.24327554812018112,0.15842996182947827,0.7028016905701213,0.2060936397925011,0.009882129681465231,2.133157711693378,109.50833333333334,0.20783584669032173,-0.004622254993970127,0.010179030558192142,28.13847615769275,0.6216256532666572,0.7666666666666667,5.253243629173406
4,C1 -R7,120,12.0,0.0,1.0,0.2,0.0,0.1,0.15,0.0,0.0,False,4.0,,,,0,0,,,,0,0,,,,0,0,1.0,0.9689808335812966,1.0,120,120,0.9916666666666667,0.9543037087549505,0.998527444266658,120,119,1.0,0.9689808335812966,1.0,120,120,1.0,0.9689808335812966,1.0,120,120,0.7916666666666666,0.7105232156701865,0.8547156039189031,120,95,1.0,0.9689808335812966,1.0,120,120,0.38333333333333336,0.30124527754856906,0.47265919461579525,120,46,1.0,0.9689808335812966,1.0,120,120,1.0,0.9689808335812966,1.0,120,120,1.0,0.9689808335812966,1.0,120,120,0.95,0.8951971146376326,0.9768856355855343,120,114,0.0,6.938893903907228e-18,0.07410012966611748,48,0,0.0,0.0,0.031019166418703486,120,0,1.0,0.9689808335812966,1.0,120,120,0.016666666666666666,0.004582564565921141,0.0587359629721589,120,2,0.44166666666666665,0.3559974669953786,0.5309547690868035,120,53,0.9416666666666667,0.8844740796636988,0.9714589899997798,120,113,0.0,0.0,0.031019166418703486,120,0,0.0,0.0,0.0,0.0,0.0,0.0,0.031019166418703486,0,120,1.0,0.9689808335812966,1.0,120,0.0,167.0,164.0,170.0,168.91666666666666,15.285288875988213,0.09049011668073931,2986.275,53.2,0.4147604166666667,0.18625925925925924,0.12196324067408386,0.00626619263824438,0.14258939812621377,,0.017002183358647928,2.21693591987163,110.85,0.24589291805980568,-0.007677127255700524,0.017207313497513154,4.5911055796346565,0.8316990715333455,0.8666666666666667,4.82752959771421
5,C1 -R1 alpha=6,120,,1.0,1.0,0.2,0.0,0.1,0.15,0.3,100.0,strict,6.0,,,,0,0,,,,0,0,,,,0,0,1.0,0.9689808335812966,1.0,120,120,0.041666666666666664,0.017926716880109515,0.09384085233703535,120,5,0.041666666666666664,0.017926716880109515,0.09384085233703535,120,5,0.041666666666666664,0.017926716880109515,0.09384085233703535,120,5,0.0,0.0,0.43448246478317476,5,0,1.0,0.9689808335812966,1.0,120,120,0.02127659574468085,0.0037657680385967812,0.11112981041629329,47,1,1.0,0.9689808335812966,1.0,120,120,0.48,0.30031285954112974,0.6650148304964322,25,12,1.0,0.9689808335812966,1.0,120,120,1.0,0.9689808335812966,1.0,120,120,0.0,0.0,0.031019166418703486,120,0,1.0,0.9689808335812966,1.0,120,120,1.0,0.9689808335812966,1.0,120,120,0.008333333333333333,0.0014725557333420923,0.045696291245049675,120,1,1.0,0.5655175352168251,1.0,5,5,0.041666666666666664,0.017926716880109515,0.09384085233703535,120,5,0.041666666666666664,0.017926716880109515,0.09384085233703535,120,5,0.0,0.9583333333333334,0.0,0.0,0.041666666666666664,0.017926716880109515,0.09384085233703535,5,120,0.041666666666666664,0.017926716880109515,0.09384085233703535,5,0.0,,,,202.0,13.30413469565007,0.06586205294876273,2695.0,72.96666666666667,0.37430555555555556,0.19838888888888884,0.25500354555552845,0.14479991498459507,0.2575801007081911,0.18405555815959934,0.03198373191504913,1.9514513223129626,104.6,0.1958266604780316,-0.0026816783167440115,0.032385253783238914,5.029763450682746,2.192419636916664,0.4,3.6469165057620936
6,C1 w=0 rec=0.15,120,12.0,0.0,1.0,0.0,0.0,0.15,0.15,0.3,100.0,strict,4.0,,,,0,0,,,,0,0,,,,0,0,1.0,0.9689808335812966,1.0,120,120,1.0,0.9689808335812966,1.0,120,120,1.0,0.9689808335812966,1.0,120,120,1.0,0.9689808335812966,1.0,120,120,0.7,0.6128485756752643,0.7747437577572543,120,84,1.0,0.9689808335812966,1.0,120,120,0.375,0.29352429786446804,0.4642304937402079,120,45,1.0,0.9689808335812966,1.0,120,120,1.0,0.9689808335812966,1.0,120,120,1.0,0.9689808335812966,1.0,120,120,1.0,0.9689808335812966,1.0,120,120,0.0,0.0,0.031019166418703486,120,0,1.0,0.9689808335812966,1.0,120,120,1.0,0.9689808335812966,1.0,120,120,0.041666666666666664,0.017926716880109515,0.09384085233703535,120,5,0.6333333333333333,0.5442242408550699,0.7141706480999424,120,76,1.0,0.9689808335812966,1.0,120,120,1.0,0.9689808335812966,1.0,120,120,0.0,0.0,0.0,0.0,1.0,0.9689808335812966,1.0,120,120,1.0,0.9689808335812966,1.0,120,0.0,169.0,166.0,172.0,171.00833333333333,11.893431442800427,0.06954884133989822,2711.366666666667,55.516666666666666,0.3765787037037037,0.14897222222222217,0.27462243975424644,0.16484021134846333,0.20268205673679013,0.18673776963925542,0.013801705514960882,2.114875382761535,110.25833333333334,0.16820348068328403,-0.005304733455843462,0.013795085382583545,4.511407744780145,0.7342180104999595,0.8083333333333333,4.666158935965027
7,C1 -pref (refugios sin preferencia),120,12.0,0.0,1.0,0.2,0.0,0.1,0.15,0.3,0.0,strict,4.0,,,,0,0,,,,0,0,,,,0,0,1.0,0.9689808335812966,1.0,120,120,0.9833333333333333,0.941264037027841,0.9954174354340789,120,118,1.0,0.9689808335812966,1.0,120,120,1.0,0.9689808335812966,1.0,120,120,0.8166666666666667,0.7379908648282967,0.8756969964398578,120,98,1.0,0.9689808335812966,1.0,120,120,0.43333333333333335,0.34810176437788437,0.5227007911446095,120,52,1.0,0.9689808335812966,1.0,120,120,1.0,0.9689808335812966,1.0,120,120,0.9916666666666667,0.9543037087549505,0.998527444266658,120,119,1.0,0.9689808335812966,1.0,120,120,0.0,0.0,0.031019166418703486,120,0,0.0,0.0,0.031019166418703486,120,0,1.0,0.9689808335812966,1.0,120,120,0.016666666666666666,0.004582564565921141,0.0587359629721589,120,2,0.4083333333333333,0.3245613454748446,0.4977921683685844,120,49,0.9833333333333333,0.941264037027841,0.9954174354340789,120,118,0.0,0.0,0.031019166418703486,120,0,0.0,0.0,0.0,0.0,0.0,0.0,0.031019166418703486,0,120,1.0,0.9689808335812966,1.0,120,0.0,162.0,159.0,164.0,163.76666666666668,9.599311366524402,0.058615782820218204,2575.125,50.45,0.35765624999999995,0.275,0.15593478058131036,0.012408296509097312,0.19654157481375248,0.06897713005794387,0.014941519367188452,2.2977093687593273,110.8,0.2313348886937141,-0.007070736481195328,0.015230154073158324,4.8781662213773,0.7154716416332728,0.8833333333333333,4.1578113182278
8,C1 -hard (capacidad blanda),120,12.0,0.0,1.0,0.2,0.0,0.1,0.15,0.3,100.0,False,4.0,,,,0,0,,,,0,0,,,,0,0,1.0,0.9689808335812966,1.0,120,120,1.0,0.9689808335812966,1.0,120,120,1.0,0.9689808335812966,1.0,120,120,1.0,0.9689808335812966,1.0,120,120,0.43333333333333335,0.34810176437788437,0.5227007911446095,120,52,1.0,0.9689808335812966,1.0,120,120,0.3333333333333333,0.25531740501258443,0.4216889837936501,120,40,1.0,0.9689808335812966,1.0,120,120,1.0,0.9689808335812966,1.0,120,120,1.0,0.9689808335812966,1.0,120,120,0.0,0.0,0.031019166418703486,120,0,0.0,0.0,0.05132795219689034,71,0,0.0,0.0,0.031019166418703486,120,0,1.0,0.9689808335812966,1.0,120,120,0.0,0.0,0.031019166418703486,120,0,0.15,0.09703812292584739,0.22467529356724508,120,18,0.0,0.0,0.031019166418703486,120,0,0.0,0.0,0.031019166418703486,120,0,0.0,0.0,0.0,0.0,0.0,0.0,0.031019166418703486,0,120,1.0,0.9689808335812966,1.0,120,0.0,178.0,176.0,180.0,179.31666666666666,9.595152254066189,0.05350953947801574,4262.0,63.36666666666667,0.5919444444444444,0.6080000000000001,0.051423336814271824,0.004739377413883872,0.9035098993344785,0.8967207760648476,0.005485880569147061,1.8464036434841296,112.4,0.09911216355957396,-0.0026902145856922133,0.005762483720603475,32.88016955280662,1.2059475482416246,0.45,3.510847535876212
