point,plast_age_max,rec
0,4.0,0.02
1,4.0,0.03
2,4.0,0.05
3,4.0,0.07
4,4.0,0.1
5,4.0,0.15
6,4.0,0.2
7,4.0,0.3
8,6.0,0.02
9,6.0,0.03
10,6.0,0.05
11,6.0,0.07
12,6.0,0.1
13,6.0,0.15
14,6.0,0.2
15,6.0,0.3
16,8.0,0.02
17,8.0,0.03
18,8.0,0.05
19,8.0,0.07
20,8.0,0.1
21,8.0,0.15
22,8.0,0.2
23,8.0,0.3
24,12.0,0.02
25,12.0,0.03
26,12.0,0.05
27,12.0,0.07
28,12.0,0.1
29,12.0,0.15
30,12.0,0.2
31,12.0,0.3
32,16.0,0.02
33,16.0,0.03
34,16.0,0.05
35,16.0,0.07
36,16.0,0.1
37,16.0,0.15
38,16.0,0.2
39,16.0,0.3
40,24.0,0.02
41,24.0,0.03
42,24.0,0.05
43,24.0,0.07
44,24.0,0.1
45,24.0,0.15
46,24.0,0.2
47,24.0,0.3
48,,0.02
49,,0.03
50,,0.05
51,,0.07
52,,0.1
53,,0.15
54,,0.2
55,,0.3
