point,label,P_T_B,lo_B,hi_B,n_B,k_B,P_T_D,lo_D,hi_D,n_D,k_D,P_T_MIX_M,lo_MIX_M,hi_MIX_M,n_MIX_M,k_MIX_M,P_T_MIX_F,lo_MIX_F,hi_MIX_F,n_MIX_F,k_MIX_F,O12,O12b,early_D
0,a=2 k=0.1,0.775,0.6249690325768998,0.8768390867645927,40,31,0.0,0.0,0.08762160119728664,40,0,0.0,0.0,0.08762160119728664,40,0,0.0,0.0,0.08762160119728664,40,0,PASS,PASS,0.0
1,a=2 k=0.15,0.925,0.8013576647568946,0.9741639742254119,40,37,0.0,0.0,0.08762160119728664,40,0,0.0,0.0,0.08762160119728664,40,0,0.0,0.0,0.08762160119728664,40,0,PASS,PASS,0.0
2,a=2 k=0.2,0.875,0.738878801611489,0.945404997490546,40,35,0.0,0.0,0.08762160119728664,40,0,0.0,0.0,0.08762160119728664,40,0,0.0,0.0,0.08762160119728664,40,0,PASS,PASS,0.0
3,a=4 k=0.1,0.925,0.8013576647568946,0.9741639742254119,40,37,0.0,0.0,0.08762160119728664,40,0,0.0,0.0,0.08762160119728664,40,0,0.0,0.0,0.08762160119728664,40,0,PASS,PASS,0.0
4,a=4 k=0.15,1.0,0.9123783988027135,1.0,40,40,0.0,0.0,0.08762160119728664,40,0,0.0,0.0,0.08762160119728664,40,0,0.0,0.0,0.08762160119728664,40,0,PASS,PASS,0.0
5,a=4 k=0.2,0.975,0.8711863103652591,0.9955731684973186,40,39,0.0,0.0,0.08762160119728664,40,0,0.0,0.0,0.08762160119728664,40,0,0.0,0.0,0.08762160119728664,40,0,PASS,PASS,0.0
6,a=6 k=0.1,0.7,0.5456998118185507,0.8192515477025347,40,28,0.0,0.0,0.08762160119728664,40,0,0.0,0.0,0.08762160119728664,40,0,0.0,0.0,0.08762160119728664,40,0,PASS,PASS,0.0
7,a=6 k=0.15,0.7,0.5456998118185507,0.8192515477025347,40,28,0.0,0.0,0.08762160119728664,40,0,0.0,0.0,0.08762160119728664,40,0,0.0,0.0,0.08762160119728664,40,0,PASS,PASS,0.0
8,a=6 k=0.2,0.825,0.6805000966821229,0.9125458625396408,40,33,0.0,0.0,0.08762160119728664,40,0,0.0,0.0,0.08762160119728664,40,0,0.0,0.0,0.08762160119728664,40,0,PASS,PASS,0.0
9,a=8 k=0.1,0.7,0.5456998118185507,0.8192515477025347,40,28,0.0,0.0,0.08762160119728664,40,0,0.0,0.0,0.08762160119728664,40,0,0.0,0.0,0.08762160119728664,40,0,PASS,PASS,0.0
10,a=8 k=0.15,0.625,0.47032439137301096,0.7577702083276673,40,25,0.0,0.0,0.08762160119728664,40,0,0.0,0.0,0.08762160119728664,40,0,0.0,0.0,0.08762160119728664,40,0,PASS,PASS,0.025
11,a=8 k=0.2,0.8,0.652426936536005,0.895000102745623,40,32,0.0,0.0,0.08762160119728664,40,0,0.0,0.0,0.08762160119728664,40,0,0.0,0.0,0.08762160119728664,40,0,PASS,PASS,0.0
