t,s_f0_med,s_f0_q10,s_f0_q90,s_ad_med,s_ad_q10,s_ad_q90,s_aw_med,s_aw_q10,s_aw_q90,frac_f0_ad_med,frac_f0_ad_q10,frac_f0_ad_q90
0,,,,,,,,,,,,
1,1.0,1.0,1.0,,,,,,,0.0,0.0,0.0
2,1.0,1.0,1.0,1.0,1.0,1.0,,,,1.0,1.0,1.0
3,1.0,1.0,1.0,1.0,1.0,1.0,,,,1.0,1.0,1.0
4,0.999,0.9937,1.0,0.999,0.9937,1.0,,,,1.0,1.0,1.0
5,0.9942,0.9824,0.9997,0.9942,0.9824,0.9997,,,,1.0,1.0,1.0
6,0.9822,0.9606,0.9949,0.9822,0.9606,0.9949,,,,1.0,1.0,1.0
7,0.9614,0.931,0.982,0.9614,0.931,0.982,,,,1.0,1.0,1.0
8,0.9343,0.898,0.9626,0.8404,0.7945,0.8841,,,,0.8188,0.7647,0.8658
9,0.8954,0.8527,0.9339,0.7472,0.6925,0.7961,0.8954,0.8527,0.9339,0.6855,0.639,0.7353
10,0.8457,0.7935,0.8904,0.6641,0.6065,0.7112,0.8457,0.7935,0.8904,0.5801,0.5405,0.6279
11,0.7934,0.7367,0.8392,0.5893,0.5322,0.6384,0.7934,0.7367,0.8392,0.4984,0.4614,0.5378
12,0.7331,0.6771,0.7816,0.5328,0.4785,0.5795,0.7331,0.6771,0.7816,0.4396,0.4036,0.4718
13,0.6694,0.6151,0.725,0.4785,0.4327,0.5242,0.6694,0.6151,0.725,0.3906,0.3589,0.4243
14,0.6053,0.5514,0.6594,0.4315,0.3907,0.4713,0.6053,0.5514,0.6594,0.3501,0.3257,0.3794
15,0.5432,0.493,0.599,0.3899,0.3528,0.4301,0.5231,0.4695,0.5785,0.3199,0.2963,0.3467
16,0.4845,0.4373,0.5414,0.3531,0.318,0.3853,0.4567,0.403,0.4988,0.2924,0.2757,0.3162
17,0.4286,0.3817,0.4781,0.3152,0.2867,0.3486,0.3914,0.3489,0.4347,0.2717,0.2548,0.2914
18,0.378,0.3369,0.4285,0.2857,0.2571,0.3171,0.3361,0.3004,0.376,0.2513,0.2368,0.2676
19,0.3334,0.2926,0.3803,0.2589,0.2323,0.2879,0.2934,0.2607,0.329,0.2354,0.2207,0.2517
20,0.2963,0.2563,0.339,0.2342,0.2106,0.261,0.2555,0.2238,0.2909,0.222,0.2073,0.2372
21,0.2596,0.2218,0.3,0.2125,0.1882,0.2379,0.2252,0.1973,0.2576,0.2099,0.1972,0.2252
22,0.2306,0.1893,0.2681,0.1934,0.1722,0.2191,0.1994,0.1755,0.2278,0.2015,0.1908,0.2157
23,0.2003,0.1656,0.2357,0.1773,0.1564,0.1996,0.1772,0.157,0.2033,0.1941,0.1835,0.2065
24,0.1772,0.1426,0.2074,0.1611,0.1423,0.1822,0.1574,0.139,0.1785,0.1873,0.1778,0.1991
25,0.1553,0.125,0.1856,0.1464,0.1288,0.1666,0.1415,0.1253,0.1625,0.1822,0.1731,0.1931
26,0.1358,0.1113,0.1644,0.1345,0.1179,0.1501,0.1274,0.1125,0.1469,0.1778,0.1694,0.1889
27,0.1199,0.0969,0.1467,0.1235,0.1081,0.1385,0.1162,0.1025,0.1327,0.1746,0.1653,0.1837
28,0.1069,0.0846,0.1313,0.1123,0.0994,0.1268,0.1047,0.0931,0.1201,0.1715,0.1628,0.1793
29,0.0952,0.0748,0.1182,0.1019,0.0889,0.1164,0.0953,0.0829,0.1092,0.1685,0.1605,0.1765
30,0.0853,0.0671,0.1051,0.093,0.081,0.1066,0.0874,0.076,0.0998,0.1657,0.1583,0.1739
31,0.0753,0.0588,0.0937,0.0855,0.0741,0.0988,0.0794,0.0691,0.091,0.1643,0.1565,0.172
32,0.0677,0.0526,0.0845,0.0784,0.0678,0.0918,0.0729,0.0632,0.0851,0.1627,0.1547,0.1706
33,0.0609,0.0474,0.0755,0.0716,0.0628,0.0843,0.0666,0.0578,0.0784,0.1614,0.1535,0.1693
34,0.0553,0.0416,0.0688,0.0659,0.0568,0.0773,0.0616,0.0536,0.0719,0.1604,0.1526,0.1679
35,0.0494,0.0371,0.0625,0.061,0.0515,0.0716,0.057,0.0483,0.0661,0.1596,0.1518,0.1665
36,0.0448,0.0342,0.0568,0.0564,0.0476,0.0657,0.0528,0.0447,0.0613,0.1588,0.1513,0.1655
37,0.0409,0.0311,0.0524,0.0519,0.0439,0.0613,0.0482,0.0413,0.057,0.158,0.1505,0.1647
38,0.0373,0.0279,0.0482,0.0477,0.0396,0.0571,0.0447,0.0381,0.0532,0.1573,0.1498,0.1642
39,0.0338,0.0249,0.0449,0.0438,0.0357,0.0532,0.0417,0.0344,0.0494,0.1568,0.1492,0.1637
40,0.0309,0.0227,0.0414,0.0407,0.0333,0.0491,0.0386,0.0318,0.046,0.1563,0.1489,0.1632
41,0.0275,0.0194,0.038,0.0374,0.03,0.0458,0.0357,0.0291,0.0428,0.156,0.1488,0.1629
42,0.025,0.0173,0.036,0.0346,0.0279,0.0421,0.0329,0.027,0.0398,0.1558,0.1485,0.1624
43,0.0231,0.0151,0.0333,0.0322,0.0258,0.0391,0.0306,0.0252,0.0367,0.1554,0.1483,0.162
44,0.0213,0.0138,0.0303,0.0297,0.0236,0.0354,0.0286,0.0227,0.0341,0.1551,0.1482,0.1618
45,0.0197,0.0129,0.0273,0.0278,0.0216,0.0326,0.0267,0.0212,0.0316,0.1549,0.1479,0.1616
46,0.0179,0.0115,0.0255,0.0258,0.0199,0.0305,0.0249,0.0193,0.0296,0.1548,0.1476,0.1616
47,0.0167,0.0103,0.0235,0.0239,0.0184,0.0288,0.0229,0.018,0.0279,0.1546,0.1476,0.1616
48,0.0154,0.0092,0.0224,0.0221,0.0171,0.027,0.0214,0.0168,0.0262,0.1543,0.1475,0.1615
49,0.0143,0.0085,0.021,0.0208,0.0159,0.0256,0.02,0.0157,0.0247,0.1542,0.1472,0.1615
50,0.0133,0.0077,0.0192,0.0191,0.0146,0.0234,0.0187,0.0141,0.0229,0.1541,0.1472,0.1613
51,0.012,0.007,0.018,0.0179,0.0133,0.022,0.0173,0.0131,0.0217,0.154,0.1471,0.1613
52,0.011,0.0064,0.0168,0.0168,0.0124,0.0207,0.0163,0.0122,0.0198,0.154,0.1469,0.1613
53,0.0103,0.0059,0.0162,0.0155,0.0114,0.0194,0.0152,0.0113,0.0188,0.154,0.1469,0.161
54,0.0096,0.0052,0.0151,0.0145,0.0105,0.0183,0.0143,0.0105,0.0178,0.1539,0.1469,0.1609
55,0.0091,0.0047,0.0142,0.0134,0.0097,0.0174,0.0132,0.0097,0.0169,0.1539,0.1469,0.1608
56,0.0086,0.0045,0.0134,0.0126,0.0092,0.0166,0.0124,0.0091,0.0159,0.1539,0.1467,0.1608
57,0.008,0.0039,0.0123,0.0117,0.0085,0.0151,0.0114,0.0085,0.0148,0.1537,0.1467,0.1608
58,0.0074,0.0037,0.0117,0.0109,0.0079,0.0143,0.0108,0.0079,0.014,0.1537,0.1466,0.1608
59,0.0067,0.0033,0.011,0.01,0.0075,0.0136,0.01,0.0075,0.0133,0.1537,0.1466,0.1608
60,0.0064,0.003,0.0102,0.0095,0.0069,0.0126,0.0094,0.0068,0.0123,0.1537,0.1466,0.1608
61,0.006,0.0025,0.0098,0.0089,0.0064,0.0119,0.0088,0.0064,0.0117,0.1536,0.1466,0.1605
62,0.0057,0.0021,0.0093,0.0084,0.0061,0.011,0.0083,0.006,0.0109,0.1534,0.1466,0.1605
63,0.0052,0.002,0.0086,0.0077,0.0056,0.0104,0.0076,0.0056,0.0102,0.1533,0.1464,0.1604
64,0.0046,0.0016,0.0081,0.0072,0.0052,0.0096,0.0071,0.0052,0.0095,0.1533,0.1463,0.1603
65,0.0043,0.0016,0.0076,0.0067,0.0049,0.009,0.0067,0.0049,0.0089,0.1533,0.1461,0.1602
66,0.004,0.0015,0.0071,0.0064,0.0046,0.0086,0.0063,0.0046,0.0084,0.1533,0.146,0.16
67,0.0036,0.0013,0.007,0.0061,0.0043,0.0083,0.006,0.0043,0.0081,0.1532,0.146,0.16
68,0.0035,0.0012,0.0068,0.0058,0.004,0.0079,0.0057,0.004,0.0078,0.1531,0.1457,0.1601
69,0.0032,0.001,0.0063,0.0054,0.0037,0.0074,0.0054,0.0037,0.0073,0.153,0.1457,0.16
70,0.003,0.0009,0.0063,0.005,0.0035,0.007,0.005,0.0035,0.007,0.1527,0.1454,0.1598
71,0.0027,0.0008,0.006,0.0047,0.0033,0.0068,0.0047,0.0033,0.0066,0.1524,0.1454,0.1596
72,0.0025,0.0008,0.0055,0.0045,0.0032,0.0064,0.0045,0.0031,0.0063,0.1523,0.1453,0.1595
73,0.0023,0.0006,0.0053,0.0042,0.0029,0.0059,0.0042,0.0029,0.0058,0.1522,0.1451,0.159
74,0.0021,0.0006,0.0053,0.004,0.0028,0.0057,0.004,0.0028,0.0056,0.1519,0.1451,0.1588
75,0.002,0.0005,0.0051,0.0038,0.0027,0.0054,0.0038,0.0027,0.0054,0.1517,0.1446,0.1588
76,0.0019,0.0005,0.005,0.0036,0.0025,0.0051,0.0036,0.0025,0.005,0.1514,0.1444,0.1583
77,0.0018,0.0005,0.0048,0.0034,0.0024,0.0049,0.0034,0.0024,0.0048,0.151,0.1439,0.1583
78,0.0018,0.0004,0.0043,0.0032,0.0022,0.0046,0.0032,0.0022,0.0046,0.1504,0.1436,0.1577
79,0.0016,0.0004,0.0042,0.0031,0.0021,0.0044,0.0031,0.0021,0.0043,0.1502,0.1433,0.157
80,0.0016,0.0003,0.004,0.0029,0.002,0.0042,0.0029,0.002,0.0041,0.1494,0.1429,0.1567
81,0.0015,0.0003,0.0038,0.0028,0.0019,0.0041,0.0028,0.0019,0.0041,0.1488,0.1422,0.1557
82,0.0014,0.0003,0.0036,0.0027,0.0017,0.0038,0.0026,0.0017,0.0038,0.1485,0.1415,0.1554
83,0.0012,0.0002,0.0035,0.0025,0.0016,0.0036,0.0025,0.0016,0.0035,0.1476,0.1404,0.1547
84,0.0011,0.0001,0.0035,0.0024,0.0015,0.0034,0.0024,0.0015,0.0034,0.1467,0.1393,0.1538
85,0.0011,0.0,0.0033,0.0022,0.0015,0.0033,0.0022,0.0015,0.0033,0.1458,0.1386,0.1525
86,0.0011,0.0,0.0033,0.0021,0.0013,0.0033,0.0021,0.0013,0.0032,0.1446,0.1376,0.1513
87,0.001,0.0,0.0033,0.002,0.0013,0.0031,0.002,0.0013,0.0031,0.1431,0.1358,0.1503
88,0.001,0.0,0.0031,0.0019,0.0012,0.003,0.0019,0.0012,0.003,0.1413,0.1346,0.1486
89,0.0009,0.0,0.003,0.0018,0.0011,0.0029,0.0018,0.0011,0.0029,0.1395,0.1323,0.1466
90,0.0008,0.0,0.0031,0.0018,0.0011,0.0028,0.0017,0.0011,0.0028,0.1375,0.1301,0.1447
91,0.0007,0.0,0.0028,0.0017,0.0011,0.0027,0.0017,0.0011,0.0027,0.1351,0.1276,0.1422
92,0.0006,0.0,0.0027,0.0016,0.001,0.0026,0.0016,0.001,0.0026,0.1325,0.1252,0.1391
93,0.0006,0.0,0.0025,0.0016,0.0009,0.0025,0.0016,0.0009,0.0025,0.1294,0.1225,0.1361
94,0.0007,0.0,0.0024,0.0015,0.0009,0.0024,0.0015,0.0009,0.0024,0.1262,0.1193,0.1324
95,0.0007,0.0,0.0023,0.0015,0.0009,0.0023,0.0015,0.0009,0.0023,0.1224,0.1154,0.1287
96,0.0006,0.0,0.0022,0.0014,0.0008,0.0023,0.0014,0.0008,0.0023,0.118,0.1102,0.124
97,0.0004,0.0,0.0023,0.0013,0.0008,0.0022,0.0013,0.0008,0.0022,0.1129,0.1058,0.1193
98,0.0004,0.0,0.0022,0.0013,0.0008,0.0022,0.0013,0.0008,0.0022,0.1078,0.1008,0.1132
99,0.0004,0.0,0.0022,0.0013,0.0007,0.0021,0.0013,0.0007,0.0021,0.1012,0.0945,0.1073
100,0.0002,0.0,0.0021,0.0012,0.0007,0.002,0.0012,0.0007,0.002,0.094,0.0879,0.1003
101,0.0001,0.0,0.0021,0.0012,0.0007,0.002,0.0012,0.0007,0.002,0.0867,0.0802,0.093
102,0.0,0.0,0.002,0.0012,0.0007,0.0019,0.0012,0.0007,0.0019,0.0789,0.0732,0.0861
103,0.0,0.0,0.0019,0.0012,0.0007,0.0019,0.0012,0.0007,0.0019,0.0714,0.0656,0.0771
104,0.0,0.0,0.0016,0.0012,0.0007,0.0019,0.0012,0.0007,0.0019,0.0626,0.0573,0.069
105,0.0,0.0,0.0018,0.0012,0.0006,0.0019,0.0012,0.0006,0.0019,0.0545,0.0491,0.059
106,0.0,0.0,0.0014,0.0011,0.0006,0.0019,0.0011,0.0006,0.0019,0.046,0.0408,0.051
107,0.0,0.0,0.0016,0.0011,0.0006,0.0019,0.0011,0.0006,0.0019,0.0378,0.033,0.0428
108,0.0,0.0,0.0019,0.0011,0.0006,0.0019,0.0011,0.0006,0.0019,0.0301,0.0253,0.0354
109,0.0,0.0,0.0022,0.0011,0.0006,0.0019,0.0011,0.0006,0.0019,0.0234,0.0188,0.0275
110,0.0,0.0,0.0,0.0011,0.0006,0.0019,0.0011,0.0006,0.0019,0.0174,0.0138,0.0215
111,0.0,0.0,0.0,0.0011,0.0006,0.0019,0.0011,0.0006,0.0019,0.0124,0.009,0.0156
112,0.0,0.0,0.0,0.0011,0.0006,0.0019,0.0011,0.0006,0.0019,0.008,0.0054,0.0112
113,0.0,0.0,0.0,0.0011,0.0006,0.002,0.0011,0.0006,0.002,0.0049,0.0029,0.0074
114,0.0,0.0,0.0,0.0011,0.0005,0.002,0.0011,0.0005,0.002,0.003,0.0014,0.0055
115,0.0,0.0,0.0,0.0012,0.0005,0.0021,0.0012,0.0005,0.0021,0.0017,0.0,0.0034
116,0.0,0.0,0.0,0.0012,0.0005,0.0022,0.0012,0.0005,0.0022,0.0009,0.0,0.002
117,0.0,0.0,0.0,0.0012,0.0005,0.0022,0.0012,0.0005,0.0022,0.0,0.0,0.0011
118,0.0,0.0,0.0,0.0012,0.0005,0.0022,0.0012,0.0005,0.0022,0.0,0.0,0.0011
119,0.0,0.0,0.0,0.0012,0.0005,0.0023,0.0012,0.0005,0.0023,0.0,0.0,0.0
120,0.0,0.0,0.0,0.0012,0.0005,0.0024,0.0012,0.0005,0.0024,0.0,0.0,0.0
121,0.0,0.0,0.0,0.0013,0.0005,0.0025,0.0013,0.0005,0.0025,0.0,0.0,0.0
122,0.0,0.0,0.0,0.0013,0.0005,0.0026,0.0013,0.0005,0.0026,0.0,0.0,0.0
123,,,,0.0013,0.0005,0.0029,0.0013,0.0005,0.0029,0.0,0.0,0.0
124,,,,0.0013,0.0005,0.0031,0.0013,0.0005,0.0031,0.0,0.0,0.0
125,,,,0.0014,0.0004,0.0032,0.0014,0.0004,0.0032,0.0,0.0,0.0
126,,,,0.0013,0.0004,0.0035,0.0013,0.0004,0.0035,0.0,0.0,0.0
127,,,,0.0014,0.0004,0.0037,0.0014,0.0004,0.0037,0.0,0.0,0.0
128,,,,0.0014,0.0004,0.0042,0.0014,0.0004,0.0042,0.0,0.0,0.0
129,,,,0.0015,0.0004,0.0045,0.0015,0.0004,0.0045,0.0,0.0,0.0
130,,,,0.0016,0.0004,0.0049,0.0016,0.0004,0.0049,0.0,0.0,0.0
