success,n_M,n_F,s_mean,N_max,rep,trial,phase,t_snap,t_pk,early_D,S_snap
1.0,4,4,1.0,86,0,0,B,6.0,53.0,False,0.6280108163011384
1.0,4,4,1.0,89,1,0,B,7.0,46.0,False,0.6158909709873948
1.0,4,4,1.0,92,2,0,B,7.0,54.0,False,0.6160627124665359
1.0,4,4,1.0,84,3,0,B,6.0,59.0,False,0.6265069864133931
1.0,4,4,1.0,83,4,0,B,7.0,62.0,False,0.5990253532398019
1.0,4,4,1.0,107,5,0,B,7.0,53.0,False,0.5738353688208251
1.0,4,4,0.9950223379173083,81,6,0,B,7.0,55.0,False,0.6231308506373522
1.0,4,4,1.0,80,7,0,B,6.0,52.0,False,0.6089617958847084
1.0,4,4,0.875,84,8,0,B,7.0,53.0,False,0.5728902671243077
1.0,4,4,1.0,93,9,0,B,6.0,52.0,False,0.59034163272476
1.0,4,4,0.9908005578098171,83,10,0,B,6.0,48.0,False,0.621739279533875
1.0,4,4,1.0,85,11,0,B,6.0,65.0,False,0.5871583379609453
1.0,4,4,0.875,84,12,0,B,6.0,66.0,False,0.6143634594055949
1.0,4,4,1.0,85,13,0,B,7.0,51.0,False,0.5974015152350387
1.0,4,4,0.9883511904761905,80,14,0,B,7.0,50.0,False,0.5980680022997853
1.0,4,4,0.9152907157741791,86,15,0,B,6.0,51.0,False,0.6016690328629971
1.0,4,4,1.0,80,16,0,B,5.0,46.0,False,0.5959406745601095
1.0,4,4,1.0,81,17,0,B,6.0,68.0,False,0.6267624049831042
1.0,4,4,0.8756178361278569,80,18,0,B,7.0,61.0,False,0.5897367843142228
1.0,4,4,1.0,83,19,0,B,6.0,68.0,False,0.5901908447533525
1.0,4,4,1.0,81,20,0,B,7.0,51.0,False,0.5780089447078328
1.0,4,4,1.0,80,21,0,B,6.0,47.0,False,0.6264021156705568
1.0,4,4,1.0,81,22,0,B,6.0,66.0,False,0.5984210388189578
1.0,4,4,1.0,84,23,0,B,6.0,62.0,False,0.5991201321319395
1.0,4,4,0.9842841524886072,83,24,0,B,6.0,60.0,False,0.5977274294780096
1.0,4,4,1.0,81,25,0,B,6.0,50.0,False,0.6211123574776406
1.0,4,4,1.0,84,26,0,B,7.0,45.0,False,0.6009056247922707
1.0,4,4,1.0,90,27,0,B,7.0,45.0,False,0.6023554795866812
1.0,4,4,0.9573290864901963,81,28,0,B,7.0,69.0,False,0.5747219730252257
1.0,4,4,0.865382425709825,84,29,0,B,7.0,66.0,False,0.5865788423010483
1.0,4,4,0.9725449208973526,80,30,0,B,7.0,66.0,False,0.5766849017813914
1.0,4,4,0.9929014714209401,82,31,0,B,7.0,54.0,False,0.5961331134376735
1.0,4,4,1.0,84,32,0,B,6.0,47.0,False,0.6291894559991019
1.0,4,4,0.9800669147367924,81,33,0,B,6.0,48.0,False,0.6038487139633326
1.0,4,4,1.0,81,34,0,B,7.0,71.0,False,0.626286052558168
1.0,4,4,1.0,81,35,0,B,7.0,66.0,False,0.5905998851234282
1.0,4,4,0.9672533639004844,80,36,0,B,6.0,51.0,False,0.5948514700269103
1.0,4,4,1.0,84,37,0,B,7.0,52.0,False,0.6203988638326863
1.0,4,4,0.875,80,38,0,B,7.0,47.0,False,0.553106778138374
1.0,4,4,1.0,82,39,0,B,7.0,53.0,False,0.6127029249691079
0.0,4,4,0.0,8,0,0,D,93.0,53.0,False,0.0010771009740714853
0.0,4,4,0.004613121328220882,8,1,0,D,80.0,46.0,False,0.0009948484967269575
0.0,4,4,0.010001801577796572,8,2,0,D,94.0,54.0,False,0.001716001202137133
0.0,4,4,0.0,8,3,0,D,103.0,59.0,False,0.001324260868709703
0.0,4,4,0.0,8,4,0,D,108.0,62.0,False,0.0005334758789152774
0.0,4,4,0.0,8,5,0,D,93.0,53.0,False,0.001996759881547462
0.0,4,4,0.0,8,6,0,D,96.0,55.0,False,0.0011628836165187327
0.0,4,4,0.0,8,7,0,D,91.0,52.0,False,0.0014194331948805588
0.0,4,4,0.0,8,8,0,D,93.0,53.0,False,0.0008664925738172734
0.0,4,4,0.0,8,9,0,D,91.0,52.0,False,0.003120604168874104
0.0,4,4,0.0,8,10,0,D,84.0,48.0,False,0.0017549485725091142
0.0,4,4,0.0,8,11,0,D,114.0,65.0,False,0.0008800706403151506
0.0,4,4,0.009756784133970256,8,12,0,D,116.0,66.0,False,0.0024507585551034527
0.0,4,4,0.0,8,13,0,D,89.0,51.0,False,0.0007614424019346254
0.0,4,4,0.0,8,14,0,D,88.0,50.0,False,0.0018624504910379168
0.0,4,4,0.0,8,15,0,D,89.0,51.0,False,0.0014583551524348247
0.0,4,4,0.015427005388162654,8,16,0,D,80.0,46.0,False,0.003523758669743581
0.0,4,4,0.0,8,17,0,D,119.0,68.0,False,0.0020846964216287346
0.0,4,4,0.0,8,18,0,D,107.0,61.0,False,0.0004104543702931367
0.0,4,4,0.041086493844018926,8,19,0,D,119.0,68.0,False,0.002614318062947224
0.0,4,4,0.0,8,20,0,D,89.0,51.0,False,0.0021292698117425578
0.0,4,4,0.0026379508458017654,8,21,0,D,82.0,47.0,False,0.0020750853770857584
0.0,4,4,0.0,8,22,0,D,116.0,66.0,False,0.0008274334526975305
0.0,4,4,0.0,8,23,0,D,108.0,62.0,False,0.0010841044566176745
0.0,4,4,0.0,8,24,0,D,105.0,60.0,False,0.0011237088377529676
0.0,4,4,0.0,8,25,0,D,88.0,50.0,False,0.0014496947060237849
0.0,4,4,0.0,8,26,0,D,79.0,45.0,False,0.002227518151075812
0.0,4,4,0.0,8,27,0,D,79.0,45.0,False,0.0025262799628644112
0.0,4,4,0.004448855004310503,8,28,0,D,121.0,69.0,False,0.0035696950481227327
0.0,4,4,0.01164895666268324,8,29,0,D,116.0,66.0,False,0.0023124872489639573
0.0,4,4,0.0,8,30,0,D,116.0,66.0,False,0.0027579475115013003
0.0,4,4,0.0,8,31,0,D,94.0,54.0,False,0.0027643275152817496
0.0,4,4,0.0,8,32,0,D,82.0,47.0,False,0.001178658745094444
0.0,4,4,0.0,8,33,0,D,84.0,48.0,False,0.002961427356903986
0.0,4,4,0.0,8,34,0,D,124.0,71.0,False,0.0037082521310567423
0.0,4,4,0.0,8,35,0,D,116.0,66.0,False,0.0008768594378902599
0.0,4,4,0.0,8,36,0,D,89.0,51.0,False,0.0023493321155906104
0.0,4,4,0.0,8,37,0,D,91.0,52.0,False,0.003355698094923476
0.0,4,4,0.0,8,38,0,D,82.0,47.0,False,0.0017924776277991282
0.0,4,4,0.0,8,39,0,D,93.0,53.0,False,0.0013477206677653094
0.0,4,4,0.0,8,0,0,MIX_F,93.0,53.0,False,0.0010771009740714853
0.0,4,4,0.0,8,1,0,MIX_F,80.0,46.0,False,0.0009948484967269575
0.0,4,4,0.0,8,2,0,MIX_F,94.0,54.0,False,0.001716001202137133
0.0,4,4,0.0,8,3,0,MIX_F,103.0,59.0,False,0.001324260868709703
0.0,4,4,0.0,8,4,0,MIX_F,108.0,62.0,False,0.0005334758789152774
0.0,4,4,0.0,8,5,0,MIX_F,93.0,53.0,False,0.001996759881547462
0.0,4,4,0.0,8,6,0,MIX_F,96.0,55.0,False,0.0011628836165187327
0.0,4,4,0.0,8,7,0,MIX_F,91.0,52.0,False,0.0014194331948805588
0.0,4,4,0.0,8,8,0,MIX_F,93.0,53.0,False,0.0008664925738172734
0.0,4,4,0.0,8,9,0,MIX_F,91.0,52.0,False,0.003120604168874104
0.0,4,4,0.0,8,10,0,MIX_F,84.0,48.0,False,0.0017549485725091142
0.0,4,4,0.0,8,11,0,MIX_F,114.0,65.0,False,0.0008800706403151506
0.0,4,4,0.0,8,12,0,MIX_F,116.0,66.0,False,0.0024507585551034527
0.0,4,4,0.0,8,13,0,MIX_F,89.0,51.0,False,0.0007614424019346254
0.0,4,4,0.0,8,14,0,MIX_F,88.0,50.0,False,0.0018624504910379168
0.0,4,4,0.0,8,15,0,MIX_F,89.0,51.0,False,0.0014583551524348247
0.0,4,4,0.0,8,16,0,MIX_F,80.0,46.0,False,0.003523758669743581
0.0,4,4,0.0,8,17,0,MIX_F,119.0,68.0,False,0.0020846964216287346
0.0,4,4,0.0,8,18,0,MIX_F,107.0,61.0,False,0.0004104543702931367
0.0,4,4,0.03457508617220415,8,19,0,MIX_F,119.0,68.0,False,0.002614318062947224
0.0,4,4,0.0019746413919650924,8,20,0,MIX_F,89.0,51.0,False,0.0021292698117425578
0.0,4,4,0.0,8,21,0,MIX_F,82.0,47.0,False,0.0020750853770857584
0.0,4,4,0.0,8,22,0,MIX_F,116.0,66.0,False,0.0008274334526975305
0.0,4,4,0.0024517652359058494,8,23,0,MIX_F,108.0,62.0,False,0.0010841044566176745
0.0,4,4,0.0,8,24,0,MIX_F,105.0,60.0,False,0.0011237088377529676
0.0,4,4,0.0026765362727046616,8,25,0,MIX_F,88.0,50.0,False,0.0014496947060237849
0.0,4,4,0.06952983011501154,8,26,0,MIX_F,79.0,45.0,False,0.002227518151075812
0.0,4,4,0.0,8,27,0,MIX_F,79.0,45.0,False,0.0025262799628644112
0.0,4,4,0.0,8,28,0,MIX_F,121.0,69.0,False,0.0035696950481227327
0.0,4,4,0.011528840574001177,8,29,0,MIX_F,116.0,66.0,False,0.0023124872489639573
0.0,4,4,0.0,8,30,0,MIX_F,116.0,66.0,False,0.0027579475115013003
0.0,4,4,0.0,8,31,0,MIX_F,94.0,54.0,False,0.0027643275152817496
0.0,4,4,0.0,8,32,0,MIX_F,82.0,47.0,False,0.001178658745094444
0.0,4,4,0.01504823028465043,8,33,0,MIX_F,84.0,48.0,False,0.002961427356903986
0.0,4,4,0.009738787199733034,8,34,0,MIX_F,124.0,71.0,False,0.0037082521310567423
0.0,4,4,0.0,8,35,0,MIX_F,116.0,66.0,False,0.0008768594378902599
0.0,4,4,0.0,8,36,0,MIX_F,89.0,51.0,False,0.0023493321155906104
0.0,4,4,0.0,8,37,0,MIX_F,91.0,52.0,False,0.003355698094923476
0.0,4,4,0.0,8,38,0,MIX_F,82.0,47.0,False,0.0017924776277991282
0.0,4,4,0.0,8,39,0,MIX_F,93.0,53.0,False,0.0013477206677653094
0.0,4,4,0.0,8,0,0,MIX_M,93.0,53.0,False,0.0010771009740714853
0.0,4,4,0.0,8,1,0,MIX_M,80.0,46.0,False,0.0009948484967269575
0.0,4,4,0.0031128324406960745,8,2,0,MIX_M,94.0,54.0,False,0.001716001202137133
0.0,4,4,0.0,8,3,0,MIX_M,103.0,59.0,False,0.001324260868709703
0.0,4,4,0.0,8,4,0,MIX_M,108.0,62.0,False,0.0005334758789152774
0.0,4,4,0.0,8,5,0,MIX_M,93.0,53.0,False,0.001996759881547462
0.0,4,4,0.0,8,6,0,MIX_M,96.0,55.0,False,0.0011628836165187327
0.0,4,4,0.0,8,7,0,MIX_M,91.0,52.0,False,0.0014194331948805588
0.0,4,4,0.0,8,8,0,MIX_M,93.0,53.0,False,0.0008664925738172734
0.0,4,4,0.0,8,9,0,MIX_M,91.0,52.0,False,0.003120604168874104
0.0,4,4,0.0,8,10,0,MIX_M,84.0,48.0,False,0.0017549485725091142
0.0,4,4,0.0,8,11,0,MIX_M,114.0,65.0,False,0.0008800706403151506
0.0,4,4,0.0,8,12,0,MIX_M,116.0,66.0,False,0.0024507585551034527
0.0,4,4,0.0,8,13,0,MIX_M,89.0,51.0,False,0.0007614424019346254
0.0,4,4,0.0,8,14,0,MIX_M,88.0,50.0,False,0.0018624504910379168
0.0,4,4,0.0,8,15,0,MIX_M,89.0,51.0,False,0.0014583551524348247
0.0,4,4,0.0,8,16,0,MIX_M,80.0,46.0,False,0.003523758669743581
0.0,4,4,0.0,8,17,0,MIX_M,119.0,68.0,False,0.0020846964216287346
0.0,4,4,0.0019985651377291487,8,18,0,MIX_M,107.0,61.0,False,0.0004104543702931367
0.0,4,4,0.0,8,19,0,MIX_M,119.0,68.0,False,0.002614318062947224
0.0,4,4,0.022259696747578165,8,20,0,MIX_M,89.0,51.0,False,0.0021292698117425578
0.0,4,4,0.0,8,21,0,MIX_M,82.0,47.0,False,0.0020750853770857584
0.0,4,4,0.0,8,22,0,MIX_M,116.0,66.0,False,0.0008274334526975305
0.0,4,4,0.000557651805924721,8,23,0,MIX_M,108.0,62.0,False,0.0010841044566176745
0.0,4,4,0.0,8,24,0,MIX_M,105.0,60.0,False,0.0011237088377529676
0.0,4,4,0.0,8,25,0,MIX_M,88.0,50.0,False,0.0014496947060237849
0.0,4,4,0.0,8,26,0,MIX_M,79.0,45.0,False,0.002227518151075812
0.0,4,4,0.0,8,27,0,MIX_M,79.0,45.0,False,0.0025262799628644112
0.0,4,4,0.008897710008621006,8,28,0,MIX_M,121.0,69.0,False,0.0035696950481227327
0.0,4,4,0.01219798277576991,8,29,0,MIX_M,116.0,66.0,False,0.0023124872489639573
0.0,4,4,0.0,8,30,0,MIX_M,116.0,66.0,False,0.0027579475115013003
0.0,4,4,0.0,8,31,0,MIX_M,94.0,54.0,False,0.0027643275152817496
0.0,4,4,0.0,8,32,0,MIX_M,82.0,47.0,False,0.001178658745094444
0.0,4,4,0.0,8,33,0,MIX_M,84.0,48.0,False,0.002961427356903986
0.0,4,4,0.07903988255900136,8,34,0,MIX_M,124.0,71.0,False,0.0037082521310567423
0.0,4,4,0.0,8,35,0,MIX_M,116.0,66.0,False,0.0008768594378902599
0.0,4,4,0.0,8,36,0,MIX_M,89.0,51.0,False,0.0023493321155906104
0.0,4,4,0.0,8,37,0,MIX_M,91.0,52.0,False,0.003355698094923476
0.0,4,4,0.0,8,38,0,MIX_M,82.0,47.0,False,0.0017924776277991282
0.0,4,4,0.0,8,39,0,MIX_M,93.0,53.0,False,0.0013477206677653094
