point,rec,inherit_weight,gamma,alpha,crowd_aversion,crowd_power,plast_age_max
0,0.2,0.2,0.1,4.0,0.15,4.0,12.0
1,0.3,0.0,0.1,4.0,0.15,4.0,12.0
2,0.02,0.5,0.1,4.0,0.15,4.0,12.0
3,0.15,0.3,0.1,4.0,0.15,4.0,12.0
4,0.3,0.1,0.1,4.0,0.15,4.0,12.0
5,0.02,0.1,0.1,4.0,0.15,4.0,12.0
6,0.02,0.2,0.1,4.0,0.15,4.0,12.0
7,0.02,0.3,0.1,4.0,0.15,4.0,12.0
8,0.03,0.5,0.1,4.0,0.15,4.0,12.0
9,0.1,0.2,0.1,8.0,0.3,4.0,12.0
10,0.1,0.2,0.1,4.0,0.2,2.0,12.0
11,0.1,0.2,0.1,6.0,0.0,4.0,12.0
12,0.1,0.2,0.1,3.0,0.2,4.0,12.0
13,0.1,0.2,0.1,5.0,0.0,4.0,12.0
14,0.1,0.2,0.1,8.0,0.0,4.0,12.0
15,0.1,0.2,0.1,5.0,0.3,4.0,12.0
16,0.1,0.2,0.1,2.0,0.125,4.0,12.0
17,0.1,0.2,0.1,4.0,0.3,8.0,12.0
18,0.1,0.2,0.1,6.0,0.3,4.0,12.0
19,0.1,0.2,0.1,4.0,0.0,2.0,12.0
20,0.1,0.2,0.1,3.0,0.0,4.0,12.0
21,0.1,0.2,0.1,8.0,0.15,4.0,12.0
22,0.1,0.2,0.1,8.0,0.05,4.0,12.0
23,0.1,0.2,0.1,3.0,0.175,4.0,12.0
24,0.1,0.2,0.1,1.0,0.0,4.0,12.0
25,0.1,0.2,0.1,8.0,0.1,4.0,12.0
26,0.1,0.2,0.1,4.0,0.0,8.0,12.0
27,0.1,0.2,0.1,4.0,0.05,8.0,12.0
28,0.15,0.2,0.1,4.0,0.15,4.0,6.0
29,0.2,0.2,0.1,4.0,0.15,4.0,24.0
30,0.05,0.2,0.1,4.0,0.15,4.0,
31,0.2,0.2,0.1,4.0,0.15,4.0,12.0
32,0.07,0.2,0.1,4.0,0.15,4.0,
33,0.2,0.2,0.1,4.0,0.15,4.0,16.0
34,0.02,0.2,0.1,4.0,0.15,4.0,
35,0.02,0.2,0.1,4.0,0.15,4.0,4.0
36,0.15,0.2,0.1,4.0,0.15,4.0,8.0
37,0.15,0.2,0.1,4.0,0.15,4.0,4.0
38,0.03,0.2,0.1,4.0,0.15,4.0,4.0
39,0.02,0.2,0.1,4.0,0.15,4.0,8.0
