etapa,punto,brazo,n,agree,O11_m6,O11_aw,na_m6,na_aw,s_m6,s_aw,O17p_m6,O17p_aw,k6,kw
f2b_base,0,C1,200,200,"200/200 = 1,000 [0,981; 1,000]","199/200 = 0,995 [0,972; 0,999]",0,0,0.15300463567893405,0.13013240473878773,"199/200 = 0,995 [0,972; 0,999]","198/200 = 0,990 [0,964; 0,997]",200,199
f2b_base,1,C1p,200,200,"195/200 = 0,975 [0,943; 0,989]","187/200 = 0,935 [0,892; 0,962]",0,0,0.14493181028177177,0.10393303515727895,"167/200 = 0,835 [0,777; 0,880]","163/200 = 0,815 [0,755; 0,863]",195,187
f2b_base,2,C0 (control),200,200,"200/200 = 1,000 [0,981; 1,000]","198/200 = 0,990 [0,964; 0,997]",0,0,0.16432653430440156,0.1218967772573728,"0/200 = 0,000 [0,000; 0,019]","0/200 = 0,000 [0,000; 0,019]",200,198
f2b_base,3,C1 alpha=0 (control O14),200,200,"200/200 = 1,000 [0,981; 1,000]","200/200 = 1,000 [0,981; 1,000]",0,0,0.09039470001636599,0.044068142695839085,"0/200 = 0,000 [0,000; 0,019]","0/200 = 0,000 [0,000; 0,019]",200,200
f2b_nulos,0,C1 gamma=0 (sin hacinamiento),200,200,"0/200 = 0,000 [0,000; 0,019]","0/200 = 0,000 [0,000; 0,019]",200,200,,,"0/200 = 0,000 [0,000; 0,019]","0/200 = 0,000 [0,000; 0,019]",0,0
f2b_nulos,1,"C1 -R2 (w=1, sin aprendizaje social)",200,200,"0/200 = 0,000 [0,000; 0,019]","42/200 = 0,210 [0,159; 0,272]",0,0,0.39177848799466125,0.1416181167265102,"0/200 = 0,000 [0,000; 0,019]","41/200 = 0,205 [0,155; 0,266]",0,42
f2b_nulos,2,"longevo (notebook a_max=120, CI de C1)",200,200,"0/200 = 0,000 [0,000; 0,019]","162/200 = 0,810 [0,750; 0,858]",1,1,0.364028581150051,0.07361821584529009,"0/200 = 0,000 [0,000; 0,019]","0/200 = 0,000 [0,000; 0,019]",0,162
f2b_nulos,3,C1 sin reglas (-R1 -R2 -AV -R7),200,200,"0/200 = 0,000 [0,000; 0,019]","151/200 = 0,755 [0,691; 0,809]",0,0,0.3298706727198678,0.05525996903859501,"0/200 = 0,000 [0,000; 0,019]","0/200 = 0,000 [0,000; 0,019]",0,151
f2b_rob,6,C1 s0=0.25,200,200,"16/200 = 0,080 [0,050; 0,126]","195/200 = 0,975 [0,943; 0,989]",0,0,0.22321807240090566,0.12457502321315395,"16/200 = 0,080 [0,050; 0,126]","193/200 = 0,965 [0,930; 0,983]",16,195
f2b_rob,7,C1 s0=0.5,200,200,"0/200 = 0,000 [0,000; 0,019]","157/200 = 0,785 [0,723; 0,836]",0,0,0.29839638465463714,0.12450297278014852,"0/200 = 0,000 [0,000; 0,019]","152/200 = 0,760 [0,696; 0,814]",0,157
f2b_rob,14,C1p s0=0.25,200,200,"63/200 = 0,315 [0,255; 0,382]","176/200 = 0,880 [0,828; 0,918]",0,0,0.2095344223785446,0.08411979995762522,"52/200 = 0,260 [0,204; 0,325]","151/200 = 0,755 [0,691; 0,809]",63,176
f2b_rob,15,C1p s0=0.5,200,200,"2/200 = 0,010 [0,003; 0,036]","183/200 = 0,915 [0,868; 0,946]",0,0,0.26310856632692303,0.06929708146664659,"0/200 = 0,000 [0,000; 0,019]","154/200 = 0,770 [0,707; 0,823]",2,183
