metric,name,mu,mu_star,sigma,mu_star_conf,n_nan,mu_star_rel,rank
f_PRIMARIO,alpha,0.0375,0.0825,0.2615112959218719,0.10882207986795153,0,0.45833333333333337,5.0
f_PRIMARIO,crowd_aversion,-0.15750000000000003,0.15750000000000003,0.35588104162693707,0.15048374088924726,0,0.8750000000000002,2.0
f_PRIMARIO,crowd_power,0.014999999999999996,0.014999999999999996,0.06708203932499368,0.029292954991572105,0,0.08333333333333331,13.5
f_PRIMARIO,rec,0.030000000000000006,0.030000000000000006,0.09233805168766392,0.038570715570117306,0,0.1666666666666667,9.0
f_PRIMARIO,inherit_weight,-0.075,0.075,0.3354101966249686,0.13626088703972453,0,0.4166666666666667,6.5
f_PRIMARIO,plast_age_max,0.015000000000000003,0.015000000000000003,0.0670820393249937,0.02818853746388036,0,0.08333333333333336,11.0
f_PRIMARIO,gamma,0.015000000000000003,0.015000000000000003,0.06708203932499371,0.029435914274307824,0,0.08333333333333336,11.0
f_PRIMARIO,a_max,0.0,0.014999999999999996,0.04866642633922875,0.019818057974288972,0,0.08333333333333331,13.5
f_PRIMARIO,p0,0.045,0.09000000000000001,0.3231831809068235,0.13365736866057146,0,0.5000000000000001,4.0
f_PRIMARIO,delta,0.0,0.0,0.0,0.0,0,0.0,15.0
f_PRIMARIO,m_c,0.06,0.15000000000000002,0.3965641913924363,0.16488184065542477,0,0.8333333333333335,3.0
f_PRIMARIO,eta,0.022500000000000003,0.05250000000000001,0.1559984817739887,0.059648019809383314,0,0.29166666666666674,8.0
f_PRIMARIO,refuge_frac,0.015000000000000003,0.015000000000000003,0.06708203932499371,0.02862898005634319,0,0.08333333333333336,11.0
f_PRIMARIO,refuge_pref,0.014999999999999996,0.075,0.18785492722899372,0.07468915314654508,0,0.4166666666666667,6.5
f_PRIMARIO,refuge_capacity,-0.030000000000000006,0.18,0.49295030175464943,0.1949544811835323,0,1.0,1.0
f_O13,alpha,-0.06000000000000001,0.21000000000000002,0.5090238335853191,0.20564950037865415,0,0.288659793814433,8.5
f_O13,crowd_aversion,-0.43500000000000005,0.495,0.6688757260075338,0.2676881834923835,0,0.6804123711340205,2.0
f_O13,crowd_power,0.15750000000000003,0.32249999999999995,0.6465037550263402,0.25137715272733063,0,0.4432989690721649,3.0
f_O13,rec,-0.05250000000000001,0.2625,0.561828546613176,0.21255520952320514,0,0.36082474226804123,5.0
f_O13,inherit_weight,-0.007500000000000007,0.1125,0.34575432409671897,0.14129146644824292,0,0.15463917525773196,10.5
f_O13,plast_age_max,0.06,0.06,0.23541676370126863,0.09882392648564606,0,0.08247422680412371,14.0
f_O13,gamma,-0.045000000000000005,0.255,0.5377585057684497,0.1988080215395952,0,0.35051546391752575,6.0
f_O13,a_max,-0.0675,0.0675,0.3018691769624717,0.12414535977788256,0,0.09278350515463918,13.0
f_O13,p0,-0.06,0.10500000000000001,0.32791205496210973,0.13674561437559885,0,0.1443298969072165,12.0
f_O13,delta,5.551115123125783e-18,0.045,0.10882143751650175,0.04017798042931929,0,0.06185567010309278,15.0
f_O13,m_c,-0.27749999999999997,0.7275,0.950273506334942,0.27655764655366805,0,1.0,1.0
f_O13,eta,0.195,0.21000000000000002,0.47707993371959667,0.19564774447804725,0,0.288659793814433,8.5
f_O13,refuge_frac,0.059999999999999984,0.24000000000000005,0.5182460297661923,0.1989447575807649,0,0.3298969072164949,7.0
f_O13,refuge_pref,-0.0225,0.1125,0.28904334040344004,0.10965395164962685,0,0.15463917525773196,10.5
f_O13,refuge_capacity,0.18,0.27,0.5410516076172986,0.20518864443866033,0,0.3711340206185567,4.0
f_O13p,alpha,0.06749999999999999,0.17250000000000001,0.455167696106553,0.18288247163550697,0,0.4259259259259259,6.0
f_O13p,crowd_aversion,-0.4050000000000001,0.4050000000000001,0.5942487517423729,0.25550803017597956,0,1.0,1.0
f_O13p,crowd_power,0.0675,0.08249999999999999,0.33883507865378365,0.1456545642914728,0,0.20370370370370364,9.0
f_O13p,rec,0.075,0.075,0.3354101966249686,0.14134847971836492,0,0.18518518518518515,10.0
f_O13p,inherit_weight,0.0825,0.0825,0.2550928623483077,0.10830351013768869,0,0.20370370370370366,8.0
f_O13p,plast_age_max,-0.0225,0.1275,0.41942159420350605,0.1772527789009501,0,0.31481481481481477,7.0
f_O13p,gamma,0.17250000000000001,0.20250000000000004,0.46748909359639507,0.2011283032548298,0,0.5,5.0
f_O13p,a_max,-0.037500000000000006,0.037500000000000006,0.13656982020004893,0.05777976389971207,0,0.09259259259259259,12.0
f_O13p,p0,0.015000000000000003,0.03,0.1077277269689412,0.04398574004815277,0,0.07407407407407406,14.0
f_O13p,delta,0.029999999999999992,0.029999999999999992,0.07847225456708952,0.033502778972735785,0,0.07407407407407404,15.0
f_O13p,m_c,-0.030000000000000006,0.21000000000000002,0.5141165135197313,0.20164868250299145,0,0.5185185185185185,3.5
f_O13p,eta,0.030000000000000006,0.030000000000000006,0.13416407864998742,0.05721684493239038,0,0.07407407407407407,13.0
f_O13p,refuge_frac,0.18,0.21000000000000002,0.478319426413156,0.19812986530958715,0,0.5185185185185185,3.5
f_O13p,refuge_pref,0.05250000000000001,0.0675,0.2397778577196643,0.10172922240227031,0,0.16666666666666666,11.0
f_O13p,refuge_capacity,0.007499999999999995,0.3975,0.73076654058742,0.2559764282454503,0,0.9814814814814813,2.0
f_O4,alpha,0.24749999999999997,0.24749999999999997,0.5110554094997404,0.21714620481072996,0,0.3142857142857143,4.0
f_O4,crowd_aversion,-0.6,0.6,0.7135898866406316,0.30763138850552796,0,0.7619047619047619,2.0
f_O4,crowd_power,0.21000000000000005,0.225,0.4753392140577638,0.2033377669565456,0,0.28571428571428575,5.0
f_O4,rec,-0.24750000000000005,0.24750000000000005,0.47998766431517487,0.20532377913626296,0,0.31428571428571433,3.0
f_O4,inherit_weight,-0.03749999999999999,0.03749999999999999,0.09579995604877574,0.04054889302481516,0,0.04761904761904761,13.0
f_O4,plast_age_max,-0.10500000000000002,0.10500000000000002,0.2841885956451048,0.12086829119261626,0,0.13333333333333336,8.0
f_O4,gamma,0.0675,0.0675,0.3018691769624717,0.1307201272910401,0,0.08571428571428573,9.5
f_O4,a_max,0.0,0.0,0.0,0.0,0,0.0,15.0
f_O4,p0,-0.0675,0.0675,0.3018691769624717,0.13062204896105276,0,0.08571428571428573,9.5
f_O4,delta,0.0,0.015000000000000003,0.04866642633922877,0.019558537930909326,0,0.019047619047619053,14.0
f_O4,m_c,-0.7875,0.7875,0.7394654897466927,0.31265020433725454,0,1.0,1.0
f_O4,eta,0.20249999999999999,0.20249999999999999,0.4775141221389219,0.20548433800409294,0,0.2571428571428571,6.0
f_O4,refuge_frac,0.15,0.16499999999999998,0.46424811877860495,0.19106456906522717,0,0.2095238095238095,7.0
f_O4,refuge_pref,-0.06000000000000001,0.06000000000000001,0.17814837104296852,0.07662596219122826,0,0.07619047619047621,11.0
f_O4,refuge_capacity,-0.0375,0.0375,0.10745255991170684,0.045128240002522496,0,0.047619047619047616,12.0
f_O11,alpha,-0.08833333333333332,0.11833333333333333,0.21234557512426253,0.08378551040279644,0,0.1360153256704981,10.0
f_O11,crowd_aversion,0.1725,0.29250000000000004,0.5202415936749711,0.20145330342942303,0,0.3362068965517242,5.0
f_O11,crowd_power,-0.195,0.24000000000000005,0.4593760069806364,0.17898009100976642,0,0.27586206896551735,7.5
f_O11,rec,-0.34500000000000003,0.36000000000000004,0.5221161395301765,0.2262699746531937,0,0.41379310344827597,3.0
f_O11,inherit_weight,-0.8699999999999999,0.8699999999999999,0.6701138944828315,0.28390918824984496,0,1.0,1.0
f_O11,plast_age_max,0.29250000000000004,0.29250000000000004,0.41430823765582286,0.18555940087567202,0,0.3362068965517242,5.0
f_O11,gamma,-0.22500000000000003,0.24000000000000005,0.3938674636820976,0.1591905337545185,0,0.27586206896551735,7.5
f_O11,a_max,-2.7755575615628915e-18,0.029999999999999992,0.06882472016116851,0.026197934544502654,0,0.03448275862068965,15.0
f_O11,p0,0.51,0.54,0.6277780365367164,0.25941268977169185,0,0.6206896551724139,2.0
f_O11,delta,-0.06750000000000002,0.09750000000000002,0.17864622493691418,0.06459298270875986,0,0.11206896551724141,13.0
f_O11,m_c,0.0075000000000000015,0.29250000000000004,0.46545817834631903,0.15184785708220944,0,0.3362068965517242,5.0
f_O11,eta,0.0375,0.21750000000000008,0.3828133391505304,0.13635474768481592,0,0.2500000000000001,9.0
f_O11,refuge_frac,0.0225,0.0975,0.21366168535671926,0.07965560360232454,0,0.1120689655172414,14.0
f_O11,refuge_pref,0.06999999999999999,0.11499999999999999,0.2142305693455191,0.08307327615684525,0,0.13218390804597702,11.0
f_O11,refuge_capacity,-0.0225,0.1125,0.20227326487751796,0.07471215382885209,0,0.12931034482758622,12.0
f_O7,alpha,-0.1125,0.1125,0.33673158137415155,0.14345016546144815,0,0.7894736842105262,2.0
f_O7,crowd_aversion,-0.0375,0.0375,0.16770509831248423,0.07284551614638683,0,0.2631578947368421,7.0
f_O7,crowd_power,-0.0675,0.08249999999999999,0.23579373233936124,0.1054731608824484,0,0.5789473684210525,3.0
f_O7,rec,-0.014999999999999996,0.014999999999999996,0.0670820393249937,0.028774441451415465,0,0.10526315789473681,9.5
f_O7,inherit_weight,-0.03,0.03,0.07847225456708953,0.03345217310031222,0,0.21052631578947364,8.0
f_O7,plast_age_max,-0.007499999999999998,0.007499999999999998,0.03354101966249684,0.01464740046319465,0,0.052631578947368404,11.0
f_O7,gamma,-0.045,0.045,0.16928642809405045,0.07084792240190796,0,0.31578947368421045,6.0
f_O7,a_max,0.0675,0.0675,0.20918073273456245,0.09396499265354877,0,0.47368421052631576,4.0
f_O7,p0,0.0,0.0,0.0,0.0,0,0.0,13.5
f_O7,delta,0.0,0.0,0.0,0.0,0,0.0,13.5
f_O7,m_c,-0.14250000000000002,0.14250000000000002,0.41715672935013914,0.1745928874054905,0,1.0,1.0
f_O7,eta,0.052500000000000005,0.052500000000000005,0.20227326487751798,0.08590998051176563,0,0.3684210526315789,5.0
f_O7,refuge_frac,0.0,0.0,0.0,0.0,0,0.0,13.5
f_O7,refuge_pref,0.0,0.0,0.0,0.0,0,0.0,13.5
f_O7,refuge_capacity,-0.014999999999999996,0.014999999999999996,0.046169025843831944,0.019591686914019038,0,0.10526315789473681,9.5
P_ext,alpha,-0.1125,0.1125,0.33673158137415155,0.14345016546144815,0,0.7894736842105262,2.0
P_ext,crowd_aversion,-0.0375,0.0375,0.16770509831248423,0.07284551614638683,0,0.2631578947368421,7.0
P_ext,crowd_power,-0.0675,0.08249999999999999,0.23579373233936124,0.1054731608824484,0,0.5789473684210525,3.0
P_ext,rec,-0.014999999999999996,0.014999999999999996,0.0670820393249937,0.028774441451415465,0,0.10526315789473681,9.5
P_ext,inherit_weight,-0.03,0.03,0.07847225456708953,0.03345217310031222,0,0.21052631578947364,8.0
P_ext,plast_age_max,-0.007499999999999998,0.007499999999999998,0.03354101966249684,0.01464740046319465,0,0.052631578947368404,11.0
P_ext,gamma,-0.045,0.045,0.16928642809405045,0.07084792240190796,0,0.31578947368421045,6.0
P_ext,a_max,0.0675,0.0675,0.20918073273456245,0.09396499265354877,0,0.47368421052631576,4.0
P_ext,p0,0.0,0.0,0.0,0.0,0,0.0,13.5
P_ext,delta,0.0,0.0,0.0,0.0,0,0.0,13.5
P_ext,m_c,-0.14250000000000002,0.14250000000000002,0.41715672935013914,0.1745928874054905,0,1.0,1.0
P_ext,eta,0.052500000000000005,0.052500000000000005,0.20227326487751798,0.08590998051176563,0,0.3684210526315789,5.0
P_ext,refuge_frac,0.0,0.0,0.0,0.0,0,0.0,13.5
P_ext,refuge_pref,0.0,0.0,0.0,0.0,0,0.0,13.5
P_ext,refuge_capacity,-0.014999999999999996,0.014999999999999996,0.046169025843831944,0.019591686914019038,0,0.10526315789473681,9.5
x_rho_pk_mean,alpha,-0.1373526041666667,0.1373526041666667,0.1193769161252353,0.05320013863800729,0,0.5673570224819824,8.0
x_rho_pk_mean,crowd_aversion,0.22810451388888886,0.22810451388888886,0.18252342572179828,0.07897841476470845,0,0.9422223815841372,2.0
x_rho_pk_mean,crowd_power,-0.14550815972222222,0.1457498263888889,0.10827863950235925,0.04841498672670947,0,0.6020430994298829,6.0
x_rho_pk_mean,rec,0.24203506944444442,0.24209201388888885,0.18086181092389594,0.07516821161571718,0,1.0,1.0
x_rho_pk_mean,inherit_weight,0.11080624999999995,0.11114374999999994,0.09761979528871412,0.042419359459618035,0,0.4590971350711749,11.0
x_rho_pk_mean,plast_age_max,0.14007309027777776,0.14007309027777776,0.13173815569915828,0.056436556115917254,0,0.5785944279106457,7.0
x_rho_pk_mean,gamma,-0.20690434027777777,0.20690434027777777,0.15733895049397534,0.0660677150563177,0,0.8546516547742838,3.0
x_rho_pk_mean,a_max,0.01649201388888889,0.017892013888888884,0.028691903014895815,0.011795081131859174,0,0.0739058410125856,14.0
x_rho_pk_mean,p0,0.1480595486111112,0.1480595486111112,0.0612395429412511,0.026183911700335072,0,0.6115837785506836,5.0
x_rho_pk_mean,delta,0.0011534722222222057,0.007402083333333369,0.009558431260768137,0.002540354009897897,0,0.030575495715156668,15.0
x_rho_pk_mean,m_c,0.08145920138888892,0.1350425347222223,0.16731359883474345,0.052476041449364574,0,0.5578149091039483,9.0
x_rho_pk_mean,eta,-0.17816805555555554,0.17816805555555554,0.13040006541791846,0.05563966165942213,0,0.7359518089569365,4.0
x_rho_pk_mean,refuge_frac,-0.09458836805555551,0.11994670138888888,0.1505723552168296,0.05497155759513671,0,0.4954591415970455,10.0
x_rho_pk_mean,refuge_pref,0.0009741319444444417,0.03501128472222221,0.044077726521594196,0.010851266000085808,0,0.14461974255082646,13.0
x_rho_pk_mean,refuge_capacity,0.06117586805555553,0.06527621527777779,0.08277496584230938,0.03400536801689698,0,0.26963390584101266,12.0
x_f0_pk_mean,alpha,0.11874166666666668,0.12334166666666668,0.1105348569694789,0.04600187994319759,0,0.4624589907826902,4.0
x_f0_pk_mean,crowd_aversion,-0.217225,0.2481583333333334,0.26763704624620227,0.10500445717699783,0,0.9304483674425872,2.0
x_f0_pk_mean,crowd_power,0.04910000000000001,0.07790000000000001,0.09189102368522255,0.02952892376470318,0,0.29207936259959383,8.0
x_f0_pk_mean,rec,-0.04809999999999999,0.07129999999999997,0.0702926713756335,0.01958565339406893,0,0.26733322918294,9.0
x_f0_pk_mean,inherit_weight,-0.025533333333333304,0.035716666666666626,0.040416891842382334,0.013470533719356699,0,0.13391657553507247,13.0
x_f0_pk_mean,plast_age_max,-0.024749999999999963,0.03986666666666664,0.04487551006405134,0.013086970051577428,0,0.14947664427433202,12.0
x_f0_pk_mean,gamma,0.07525833333333333,0.08885833333333336,0.10301549129800053,0.03687125958717341,0,0.333166692704265,7.0
x_f0_pk_mean,a_max,-0.012608333333333338,0.02000833333333333,0.025958146418746383,0.008499003347814327,0,0.07501952819871892,14.0
x_f0_pk_mean,p0,-0.09124999999999997,0.09846666666666663,0.0794209581690578,0.029643251964463026,0,0.36919231370098404,6.0
x_f0_pk_mean,delta,-0.005750000000000012,0.008833333333333335,0.010803332277778611,0.003499742039058972,0,0.03311982502733948,15.0
x_f0_pk_mean,m_c,-0.24202500000000002,0.2667083333333334,0.1847464619148591,0.058262419388401675,0,1.0,1.0
x_f0_pk_mean,eta,0.13779166666666667,0.150375,0.1578227026839173,0.06029985605599586,0,0.563818153413529,3.0
x_f0_pk_mean,refuge_frac,-0.05825000000000004,0.11485000000000004,0.12452839104171629,0.0304883647380723,0,0.4306202155913139,5.0
x_f0_pk_mean,refuge_pref,-0.022850000000000013,0.04421666666666669,0.057909434737173436,0.018180666344690805,0,0.16578659584439936,11.0
x_f0_pk_mean,refuge_capacity,-0.054991666666666675,0.05877500000000001,0.06707433414630064,0.02576735588863979,0,0.2203718169036088,10.0
t_ext_med,alpha,-3.397929936305732,15.397929936305733,25.87567652516238,8.83400722313341,6,0.19024712708127983,10.0
t_ext_med,crowd_aversion,3.6,38.25,70.35522649197317,25.270054797613234,6,0.472592916123168,3.0
t_ext_med,crowd_power,32.625,36.825,70.3644413412283,31.103844776309877,6,0.4549865133656383,4.0
t_ext_med,rec,-17.625,20.625,20.965432075329694,7.782342760707107,6,0.2548295135958259,6.0
t_ext_med,inherit_weight,0.6635350318471339,24.063535031847135,37.65545287101581,11.759065963531755,6,0.297313887396932,5.0
t_ext_med,plast_age_max,-3.6,11.1,15.454176747642315,4.702303892835602,6,0.13714461095338992,13.0
t_ext_med,gamma,2.025,17.925,38.622489698701656,14.012577115666693,6,0.22147001363419053,9.0
t_ext_med,a_max,74.33646496815287,80.93646496815288,63.39557955451392,23.153898316740243,6,1.0,1.0
t_ext_med,p0,-11.1,11.4,10.476289017536093,4.430119458104014,6,0.1408512220602383,12.0
t_ext_med,delta,2.25,5.7,7.899866754372639,2.51274636750737,6,0.07042561103011916,15.0
t_ext_med,m_c,37.92707006369427,39.57707006369427,31.188631642755308,12.047876530444034,6,0.4889893582486853,2.0
t_ext_med,eta,-1.275,14.175,19.613686816259605,5.533845037803626,6,0.17513737479858582,11.0
t_ext_med,refuge_frac,13.8,18.15,25.271889938281856,9.543353193597303,6,0.22424997196432678,8.0
t_ext_med,refuge_pref,16.65,18.6,17.647200463827865,6.5889989970658185,6,0.22980988862459936,7.0
t_ext_med,refuge_capacity,6.45,10.2,11.204909638189859,3.300926247478943,6,0.1260247776328448,14.0
x_BO4_mean,alpha,0.01577724819976619,0.024246487907651982,0.029955251139184482,0.01001965682854269,0,0.16663113994287176,9.0
x_BO4_mean,crowd_aversion,-0.01253771070344406,0.021359501049783017,0.029025030903741707,0.00981341888889105,0,0.14679066189264758,12.0
x_BO4_mean,crowd_power,0.021193075910277186,0.0217778831510077,0.029817390560403847,0.012517780413467114,0,0.14966594373652903,10.0
x_BO4_mean,rec,-0.030570098923452256,0.030570098923452256,0.04688626094111801,0.02029361377467992,0,0.21008941382284094,7.0
x_BO4_mean,inherit_weight,-0.008243794521551336,0.009230804256133917,0.011293599177103614,0.004410339829338328,0,0.06343761792006518,13.0
x_BO4_mean,plast_age_max,-0.021487399099621156,0.021487399099621156,0.021876439910446837,0.0092683259330492,0,0.14766962621614754,11.0
x_BO4_mean,gamma,0.05024755501474829,0.05026772927404938,0.062153130649810144,0.0266375191068713,0,0.34545906455305914,5.0
x_BO4_mean,a_max,-0.004969468355669765,0.007306260626263069,0.014236916423652532,0.00539412758990635,0,0.050211417897340856,14.0
x_BO4_mean,p0,-0.03713279872472302,0.03713279872472302,0.04508085640786974,0.01993607654054914,0,0.2551907972955166,6.0
x_BO4_mean,delta,0.0010512079786139784,0.0024916675183046825,0.003824725251791439,0.0012539595811306631,0,0.017123692326702102,15.0
x_BO4_mean,m_c,-0.13502315931794154,0.13502315931794154,0.1377733297377269,0.05827940277810319,0,0.9279308014228351,2.0
x_BO4_mean,eta,0.02550046652098748,0.026384535058120114,0.03508102974056704,0.014127189990207316,0,0.18132461783092824,8.0
x_BO4_mean,refuge_frac,0.1441270906952225,0.1455099443955356,0.15059633415783608,0.0646284421274117,0,1.0,1.0
x_BO4_mean,refuge_pref,0.060508143561132786,0.06660649168363213,0.08789465086489573,0.03552705840002361,0,0.4577452899203752,4.0
x_BO4_mean,refuge_capacity,-0.0055035624141333145,0.10259459852466848,0.13624685570185854,0.037348991822115825,0,0.705069326710678,3.0
ruido_PRIMARIO,alpha,0.0075000000000000015,0.022500000000000003,0.05910516942393093,0.023711835449857666,0,0.37499999999999994,5.5
ruido_PRIMARIO,crowd_aversion,0.0225,0.052500000000000005,0.13999530067300944,0.05588034220253093,0,0.8749999999999999,2.0
ruido_PRIMARIO,crowd_power,-0.015000000000000003,0.015000000000000003,0.06708203932499371,0.029292954991572116,0,0.25,8.5
ruido_PRIMARIO,rec,0.015000000000000003,0.015000000000000003,0.06708203932499371,0.028608906343899274,0,0.25,8.5
ruido_PRIMARIO,inherit_weight,0.0,0.0,0.0,0.0,0,0.0,14.0
ruido_PRIMARIO,plast_age_max,0.0,0.0,0.0,0.0,0,0.0,14.0
ruido_PRIMARIO,gamma,0.0,0.0,0.0,0.0,0,0.0,14.0
ruido_PRIMARIO,a_max,-4.163336342344337e-18,0.015000000000000003,0.04866642633922876,0.019818057974288983,0,0.25,8.5
ruido_PRIMARIO,p0,0.014999999999999996,0.014999999999999996,0.04616902584383194,0.01960170895491756,0,0.2499999999999999,11.5
ruido_PRIMARIO,delta,-0.015000000000000003,0.015000000000000003,0.06708203932499371,0.027939916598855762,0,0.25,8.5
ruido_PRIMARIO,m_c,-0.030000000000000006,0.030000000000000006,0.1341640786499874,0.05753372657331291,0,0.5,3.5
ruido_PRIMARIO,eta,-0.0075000000000000015,0.022500000000000003,0.07656266783010605,0.030557398446219453,0,0.37499999999999994,5.5
ruido_PRIMARIO,refuge_frac,-0.014999999999999996,0.014999999999999996,0.06708203932499368,0.030237981903659183,0,0.2499999999999999,11.5
ruido_PRIMARIO,refuge_pref,-0.045000000000000005,0.06000000000000001,0.15466432242627565,0.06487581210798798,0,1.0,1.0
ruido_PRIMARIO,refuge_capacity,0.015000000000000005,0.030000000000000006,0.1077277269689412,0.04544368214404631,0,0.5,3.5
