point,gamma,plast_age_max,rec,inherit_weight
0,0.0,6.0,0.04,0.0
1,0.0,6.0,0.04,0.05
2,0.0,6.0,0.04,0.1
3,0.0,6.0,0.06,0.0
4,0.0,6.0,0.06,0.05
5,0.0,6.0,0.06,0.1
6,0.0,6.0,0.08,0.0
7,0.0,6.0,0.08,0.05
8,0.0,6.0,0.08,0.1
9,0.0,6.0,0.09999999999999999,0.0
10,0.0,6.0,0.09999999999999999,0.05
11,0.0,6.0,0.09999999999999999,0.1
12,0.0,6.0,0.13999999999999999,0.0
13,0.0,6.0,0.13999999999999999,0.05
14,0.0,6.0,0.13999999999999999,0.1
15,0.0,6.0,0.19999999999999998,0.0
16,0.0,6.0,0.19999999999999998,0.05
17,0.0,6.0,0.19999999999999998,0.1
18,0.0,12.0,0.02,0.0
19,0.0,12.0,0.02,0.05
20,0.0,12.0,0.02,0.1
21,0.0,12.0,0.03,0.0
22,0.0,12.0,0.03,0.05
23,0.0,12.0,0.03,0.1
24,0.0,12.0,0.04,0.0
25,0.0,12.0,0.04,0.05
26,0.0,12.0,0.04,0.1
27,0.0,12.0,0.049999999999999996,0.0
28,0.0,12.0,0.049999999999999996,0.05
29,0.0,12.0,0.049999999999999996,0.1
30,0.0,12.0,0.06999999999999999,0.0
31,0.0,12.0,0.06999999999999999,0.05
32,0.0,12.0,0.06999999999999999,0.1
33,0.0,12.0,0.09999999999999999,0.0
34,0.0,12.0,0.09999999999999999,0.05
35,0.0,12.0,0.09999999999999999,0.1
36,0.0,24.0,0.01,0.0
37,0.0,24.0,0.01,0.05
38,0.0,24.0,0.01,0.1
39,0.0,24.0,0.015,0.0
40,0.0,24.0,0.015,0.05
41,0.0,24.0,0.015,0.1
42,0.0,24.0,0.02,0.0
43,0.0,24.0,0.02,0.05
44,0.0,24.0,0.02,0.1
45,0.0,24.0,0.024999999999999998,0.0
46,0.0,24.0,0.024999999999999998,0.05
47,0.0,24.0,0.024999999999999998,0.1
48,0.0,24.0,0.034999999999999996,0.0
49,0.0,24.0,0.034999999999999996,0.05
50,0.0,24.0,0.034999999999999996,0.1
51,0.0,24.0,0.049999999999999996,0.0
52,0.0,24.0,0.049999999999999996,0.05
53,0.0,24.0,0.049999999999999996,0.1
