modelo,g,n,n_sd,share,t_birth_med,s_birth,s6,s12,s26,f12_hi,dmg,pups_per_f,R_net,f_bred
C1,0,400.0,0.0,,,1.0,1.0,0.895,0.2008,0.9051,,7.6433,3.8242,0.7286
C1,1,1528.66,70.087,0.6918,10.0,0.1924,0.259,0.2264,0.0476,0.1953,,0.8011,0.3998,0.1575
C1,2,611.23,63.4218,0.2761,19.0,0.1356,0.1558,0.1336,0.0352,0.0631,,0.2213,0.1103,0.0636
C1,3,67.285,21.884,0.0304,28.0,0.0976,0.1175,0.1047,0.0326,0.017,,0.109,0.0493,0.0392
C1,4,3.65,4.4459,0.0024,38.0,0.071,0.0906,0.0771,0.0302,0.0018,,0.0578,0.0284,0.0235
C1,5,0.1,0.5399,0.0011,47.5,0.0591,0.0876,0.1131,0.0483,0.0,,0.0952,0.0,0.0476
C1,6,0.01,0.1414,0.0009,75.0,0.0827,0.0102,0.0063,0.0,0.0,,,,
C1,7,0.0,0.0,,,,,,,,,,,
C1p,0,400.0,0.0,,,1.0,1.0,0.8645,0.1251,0.8733,,6.8548,3.4184,0.6827
C1p,1,1370.955,73.7114,0.7042,9.0,0.1944,0.2336,0.1783,0.028,0.18,,0.7328,0.3661,0.1338
C1p,2,499.85,66.0154,0.2559,19.0,0.1434,0.145,0.1092,0.0287,0.0862,,0.2699,0.1353,0.0662
C1p,3,67.04,23.8321,0.0343,30.0,0.1091,0.1211,0.1043,0.0392,0.0495,,0.2013,0.1013,0.056
C1p,4,7.135,8.1707,0.0046,45.0,0.085,0.1013,0.107,0.0583,0.0271,,0.2393,0.1066,0.0717
C1p,5,1.14,3.9988,0.0031,59.0,0.0787,0.1244,0.1563,0.092,0.0953,,0.2686,0.1216,0.086
C1p,6,0.39,2.9207,0.0053,176.0,0.0721,0.1564,0.2696,0.1889,0.2551,,1.2563,0.712,0.2988
C1p,7,0.345,3.5481,0.0114,243.0,0.1145,0.2052,0.3132,0.2632,0.3194,,1.3333,0.9,0.2333
C0,0,400.0,0.0,,,1.0,1.0,0.9729,0.2709,0.9834,,8.7462,4.3774,0.7692
C0,1,1749.235,88.777,0.6751,10.0,0.192,0.2861,0.2231,0.042,0.1845,,0.8741,0.4381,0.1688
C0,2,764.02,97.7791,0.2936,18.0,0.1344,0.1595,0.1211,0.0281,0.0492,,0.202,0.0996,0.0603
C0,3,77.585,28.6348,0.0298,26.0,0.0953,0.1157,0.0949,0.0276,0.0144,,0.0893,0.0418,0.0315
C0,4,3.805,5.3947,0.0023,34.75,0.0677,0.0961,0.0792,0.0235,0.0097,,0.0375,0.0276,0.0236
C0,5,0.095,0.5454,0.0009,49.0,0.0618,0.1146,0.1574,0.059,0.0938,,0.5,0.4524,0.119
C0,6,0.045,0.4734,0.0016,52.5,0.0921,0.1565,0.1639,0.0717,0.0,,0.5667,0.2667,0.2667
C0,7,0.025,0.2912,0.0009,63.0,0.05,0.0378,0.0325,0.0255,0.0,,0.0,0.0,0.0
C1 alpha=0,0,400.0,0.0,,,1.0,1.0,0.9945,0.6468,0.9962,,11.9145,5.9491,0.873
C1 alpha=0,1,2382.895,85.0678,0.5035,16.0,0.194,0.2965,0.3058,0.0308,0.313,,1.7349,0.8669,0.2587
C1 alpha=0,2,2059.64,94.9062,0.435,21.0,0.1534,0.1464,0.0926,0.0072,0.0679,,0.2773,0.1381,0.0695
C1 alpha=0,3,285.005,57.8785,0.0602,26.0,0.113,0.0637,0.0326,0.0049,0.0081,,0.0439,0.0218,0.0158
C1 alpha=0,4,6.445,7.169,0.0016,31.0,0.0773,0.036,0.0143,0.0024,0.001,,0.0202,0.0126,0.0065
C1 alpha=0,5,0.165,1.1198,0.0012,37.0,0.0778,0.0428,0.0274,0.0001,0.0,,0.15,0.05,0.05
C1 alpha=0,6,0.015,0.2121,0.0006,41.0,0.0547,0.0063,0.0002,0.0,0.0,,0.0,0.0,0.0
C1 alpha=0,7,0.0,0.0,,,,,,,,,,,
