point,rep,n_peaks,n_troughs,first_peak,t_first_peak,period,mean_rest,trough_median,amplitude_log,slope_log,mk_S,mk_p,sen
0,0,1,0,5804.0,34,,,,,,,,
0,1,12,11,5759.0,33,174.9090909090909,2613.0,971.0,1.3870202808807521,0.01421919214972869,9.0,0.5334165134726945,0.01495397901277471
0,2,13,13,5555.0,34,147.16666666666666,2810.8333333333335,1071.0,1.0031893403029437,-0.012614712776943848,-16.0,0.303673214899419,-0.013538194754660358
0,3,12,11,5712.0,33,167.72727272727272,2493.5454545454545,809.0,1.2726314876658291,0.02185948453486641,9.0,0.5334165134726945,0.01797976007511141
0,4,1,0,5654.0,35,,,,,,,,
0,5,1,0,5556.0,37,,,,,,,,
0,6,1,0,5268.0,35,,,,,,,,
0,7,13,12,5201.0,35,156.5,2602.4166666666665,1116.5,1.022121752879397,0.006758118249855256,4.0,0.837011475105446,0.005192441505392139
0,8,1,0,5820.0,33,,,,,,,,
0,9,1,0,5557.0,36,,,,,,,,
0,10,1,0,5591.0,32,,,,,,,,
0,11,11,11,5774.0,34,185.3,2940.8,1076.0,1.2654587872181051,-0.02337842695612884,-13.0,0.28313087066234655,-0.025642761257129918
0,12,16,16,5789.0,36,122.66666666666667,2468.6666666666665,1199.5,0.9972751852009104,-0.009149917173107468,-7.0,0.7665252995235718,-0.0024365232556744056
0,13,13,13,5448.0,40,154.08333333333334,2514.6666666666665,945.0,1.2032235688807367,0.00841197066827663,0.0,1.0,-0.0027063045138127073
0,14,14,14,5350.0,34,144.46153846153845,2475.769230769231,1017.5,1.1160226637945037,0.00982313067916438,16.0,0.36012164775537814,0.01077102328763267
0,15,1,0,5727.0,37,,,,,,,,
0,16,1,0,5341.0,35,,,,,,,,
0,17,1,0,5140.0,35,,,,,,,,
0,18,12,11,5623.0,35,171.8181818181818,2666.2727272727275,931.0,1.3641057645765786,0.002315833218217737,-1.0,1.0,-0.0007817741461091376
0,19,1,0,5450.0,34,,,,,,,,
0,20,11,11,5567.0,37,174.7,2685.8,888.0,1.27631652182596,0.0131887098709542,-1.0,1.0,-0.0039951390847287275
0,21,1,0,5841.0,32,,,,,,,,
0,22,1,0,5927.0,34,,,,,,,,
0,23,1,0,5311.0,35,,,,,,,,
0,24,6,5,5664.0,37,170.0,2491.0,994.0,1.3963426951685076,0.07139543965177185,6.0,0.22067136191984682,0.061212943586948065
0,25,5,4,5244.0,38,150.5,2594.5,1255.5,1.8112628260813404,0.09089656924920264,4.0,0.3081795474670539,0.09684437632378998
0,26,1,0,5611.0,35,,,,,,,,
0,27,1,0,5419.0,34,,,,,,,,
0,28,15,15,5483.0,39,133.07142857142858,2514.5714285714284,1019.0,0.9343976355493141,-0.02177232110021398,-11.0,0.5840703669455065,-0.008335035355144349
0,29,14,14,5419.0,32,133.15384615384616,2666.153846153846,1088.0,0.9769081424261397,-0.011103264259793993,-24.0,0.16055589143580895,-0.01265336935037758
0,30,1,0,5550.0,36,,,,,,,,
0,31,1,0,5712.0,34,,,,,,,,
0,32,14,14,5941.0,35,141.0,2583.076923076923,1052.0,0.9756740426044531,-0.0016126133590691288,4.0,0.854777098065548,0.0025905007013447318
0,33,14,13,5647.0,36,149.07692307692307,2825.769230769231,1227.0,1.08340809273936,0.0003333236260073757,-2.0,0.9513521309544037,-0.0005414712961861135
0,34,6,5,4891.0,35,131.4,2571.2,1182.0,0.9990077251011549,0.017083922639816583,4.0,0.4624327264504764,0.03403425842819437
0,35,14,13,5404.0,37,147.3846153846154,2709.923076923077,933.0,1.2428682245823983,-0.009423927056986607,-10.0,0.5829505577618919,-0.008976032144929825
0,36,13,12,5259.0,35,158.91666666666666,2682.0833333333335,1064.5,1.0093977755922887,-0.014441332331945432,-11.0,0.491866357909307,-0.012906688658885468
0,37,11,11,5812.0,36,183.4,2601.3,979.0,1.1264370018186212,0.008130295037373546,9.0,0.4742743507673295,0.010865159416483769
0,38,16,16,5257.0,34,124.13333333333334,2674.733333333333,1167.0,1.0198926465950588,-0.009465799182172793,-25.0,0.23495478370334322,-0.015007167557894885
0,39,13,12,4966.0,34,160.66666666666666,2538.6666666666665,1160.5,1.168544710399951,-0.003312342165207359,-22.0,0.14986074751304912,-0.013715095382783104
0,40,10,9,5517.0,37,209.11111111111111,2507.4444444444443,943.0,1.513979198901955,0.0075205280720624995,2.0,0.9169652366288645,0.007483144709951484
0,41,12,11,5594.0,34,176.0,2737.6363636363635,906.0,1.2190138979321705,0.01585634662199472,21.0,0.11947098677170076,0.020816643705900823
0,42,13,13,5272.0,38,149.58333333333334,2776.4166666666665,945.0,1.1096713239215075,0.030513859765539313,24.0,0.11475673431864908,0.021989500489175983
0,43,12,11,5168.0,31,170.8181818181818,2697.5454545454545,911.0,1.5509769738178762,0.007669051200771464,1.0,1.0,0.002449690220553169
0,44,1,0,5428.0,38,,,,,,,,
0,45,14,13,5377.0,38,145.3846153846154,2568.3076923076924,1255.0,0.7979541387592662,0.005385737719284058,2.0,0.9513521309544037,0.0051074206832845805
0,46,1,0,5572.0,36,,,,,,,,
0,47,1,0,5559.0,36,,,,,,,,
0,48,1,0,5743.0,36,,,,,,,,
0,49,1,0,5469.0,33,,,,,,,,
0,50,14,13,4702.0,37,147.07692307692307,2624.769230769231,1205.0,0.979185730924882,-0.001055592858373122,-2.0,0.9513521309544037,-0.002418684493190321
0,51,1,0,5783.0,35,,,,,,,,
0,52,12,11,5400.0,33,168.0909090909091,2488.181818181818,1132.0,0.9927843737347334,-0.0007005440058004287,-3.0,0.8762696636277618,-0.00957461708017012
0,53,1,0,5416.0,33,,,,,,,,
0,54,1,0,5979.0,31,,,,,,,,
0,55,11,11,5487.0,37,185.4,2543.6,1201.0,1.139916677309843,0.008997307560499988,9.0,0.4742743507673295,0.005740813304469998
0,56,10,10,5664.0,36,194.55555555555554,2581.5555555555557,790.5,1.36482153676484,0.029867202086224925,16.0,0.11785089502136503,0.03052653762000368
0,57,1,0,5782.0,35,,,,,,,,
0,58,14,13,5629.0,32,144.0,2780.4615384615386,1382.0,1.0885008525985407,0.001875444731752457,4.0,0.854777098065548,0.0027518000421254294
0,59,1,0,5421.0,36,,,,,,,,
0,60,13,12,5428.0,34,156.58333333333334,2428.1666666666665,1012.5,1.1609227808289566,-0.0037827541483712738,-8.0,0.6312218204782534,-0.006201315549216946
0,61,6,5,5354.0,38,154.8,2471.8,1244.0,1.1634270048801696,-0.07225384185038275,-2.0,0.80649594050734,-0.06143974228112766
0,62,1,0,6159.0,34,,,,,,,,
0,63,1,0,5925.0,34,,,,,,,,
0,64,1,0,5417.0,35,,,,,,,,
0,65,1,0,5401.0,35,,,,,,,,
0,66,13,12,5622.0,37,156.58333333333334,2767.9166666666665,935.0,1.192745365748699,0.01299713988527306,22.0,0.14986074751304912,0.010980937087527025
0,67,15,14,5846.0,33,134.42857142857142,2527.4285714285716,1296.0,0.867162469663614,-0.00468532537648399,-9.0,0.6614159170078631,-0.00857882980696223
0,68,11,11,5338.0,36,180.3,2506.4,745.0,1.3771313424348066,0.011330091881326583,5.0,0.7205147871362552,0.01689684729603158
0,69,1,0,5666.0,36,,,,,,,,
0,70,1,0,5512.0,34,,,,,,,,
0,71,1,0,5372.0,35,,,,,,,,
0,72,1,0,5683.0,32,,,,,,,,
0,73,1,0,5690.0,38,,,,,,,,
0,74,10,9,5372.0,32,188.44444444444446,2618.3333333333335,754.0,1.377362832118254,0.03089827696050554,16.0,0.11785089502136503,0.03100090155494077
0,75,13,13,5569.0,36,153.41666666666666,2530.5833333333335,1082.0,1.0039258452561974,-0.02081208187019421,-22.0,0.14986074751304912,-0.026664877807549475
0,76,12,12,5509.0,34,165.72727272727272,2667.5454545454545,1167.5,1.247631326536633,0.011535554170553223,9.0,0.5334165134726945,0.008967680138532627
0,77,13,12,5583.0,37,160.83333333333334,2658.3333333333335,956.5,1.0615516480259113,-0.015249547654089101,-12.0,0.4506702853141802,-0.00908406990515141
0,78,1,0,5496.0,39,,,,,,,,
0,79,1,0,5585.0,37,,,,,,,,
0,80,1,0,5450.0,36,,,,,,,,
0,81,1,0,5422.0,34,,,,,,,,
0,82,1,0,5486.0,35,,,,,,,,
0,83,11,11,5677.0,32,184.0,2822.7,810.0,1.6684830143965808,-0.02505688188598293,-9.0,0.4742743507673295,-0.013886761901131044
0,84,1,0,5412.0,35,,,,,,,,
0,85,1,0,5759.0,36,,,,,,,,
0,86,1,0,4992.0,33,,,,,,,,
0,87,1,0,5263.0,36,,,,,,,,
0,88,13,13,5448.0,38,154.08333333333334,2537.3333333333335,1096.0,1.0580004768777849,0.0033767621529352345,8.0,0.6312218204782534,0.005987355464200372
0,89,13,13,5417.0,37,157.33333333333334,2651.25,1173.0,0.9727777519524702,-0.014850300159171334,-20.0,0.19261627432960227,-0.02178667640288704
0,90,13,13,5559.0,35,158.0,2474.6666666666665,1084.0,1.0664116723975858,0.02120845657027479,24.0,0.11475673431864908,0.022971788723818394
0,91,1,0,5163.0,33,,,,,,,,
0,92,14,13,5745.0,34,146.84615384615384,2582.076923076923,974.0,1.0479200194689466,0.013778311194227318,14.0,0.4277105102974643,0.012895392796462797
0,93,1,0,5698.0,35,,,,,,,,
0,94,1,0,5923.0,35,,,,,,,,
0,95,12,12,5557.0,36,164.63636363636363,2717.0,996.5,1.1074247085056363,-0.004832389295392208,-9.0,0.5334165134726945,-0.016990699995445446
0,96,10,10,5704.0,37,195.66666666666666,2393.0,978.0,1.040284220267308,0.016152929494186986,6.0,0.6021675277481957,0.021549462800608675
0,97,1,0,5254.0,34,,,,,,,,
0,98,11,10,5810.0,33,187.8,2432.7,829.5,1.4865997613622033,0.04138769721640573,5.0,0.7205147871362552,0.010936958210498263
0,99,12,12,5649.0,34,156.63636363636363,2740.7272727272725,746.0,1.3186793383676645,0.003024240207983863,3.0,0.8762696636277618,0.0024928443441272208
