t,n_risk,d,S,var,lo,hi,H
0.0,100,0,1.0,0.0,1.0,1.0,0.0
96.0,100,2,0.98,0.000196,0.9223955081788877,0.9949602119584445,0.02
100.0,98,1,0.97,0.000291,0.9098777634238349,0.9902247741249411,0.030204081632653063
101.0,97,1,0.96,0.000384,0.8969332262771715,0.9847965759645819,0.040513359983168525
103.0,96,4,0.92,0.0007360000000000001,0.8463992253253958,0.9591665241326894,0.08218002664983519
105.0,92,1,0.91,0.0008190000000000001,0.834184340561007,0.952124611731993,0.0930495918672265
106.0,91,2,0.89,0.000979,0.8101821824878972,0.9375221766485313,0.11502761384524848
107.0,89,1,0.88,0.0010559999999999999,0.7983714673700144,0.9300007908715835,0.12626356890142826
108.0,88,1,0.87,0.0011309999999999998,0.7866742632941349,0.9223524330974826,0.1376272052650646
109.0,87,1,0.86,0.0012039999999999998,0.7750820927310171,0.9145886607896537,0.14912145813862782
110.0,86,2,0.84,0.0013439999999999997,0.7521841889179208,0.8987519942696692,0.17237727209211617
111.0,84,1,0.83,0.0014109999999999995,0.7408663089866371,0.8906942319053411,0.1842820339968781
113.0,83,2,0.8099999999999999,0.0015389999999999996,0.7184675919483122,0.8743300657349435,0.20837841953904676
114.0,81,2,0.7899999999999999,0.0016589999999999995,0.6963578623655339,0.8576660178999173,0.23306977756373812
116.0,79,2,0.7699999999999999,0.0017709999999999996,0.6745105082583022,0.8407325498773585,0.25838623325994065
118.0,77,1,0.7599999999999999,0.0018239999999999997,0.6636783682483932,0.832172501043286,0.27137324624695364
119.0,76,1,0.7499999999999999,0.0018749999999999995,0.6529041352837426,0.823553716036059,0.2845311409837957
121.0,75,1,0.7399999999999999,0.0019239999999999993,0.6421857518898345,0.8148784718478973,0.29786447431712904
123.0,74,2,0.72,0.002016,0.6209092539192257,0.7973666224431909,0.32489150134415606
132.0,72,3,0.69,0.0021389999999999994,0.5893720631746554,0.7707207791857211,0.36655816801082275
136.0,69,1,0.6799999999999999,0.0021759999999999995,0.5789551277432634,0.7617437172642368,0.38105092163401116
137.0,68,2,0.6599999999999999,0.002243999999999999,0.5582579766565023,0.7436539888491517,0.4104626863398935
140.0,66,1,0.6499999999999999,0.002274999999999999,0.5479759394898196,0.7345433143734806,0.42561420149140866
141.0,65,1,0.6399999999999999,0.0023039999999999988,0.5377371867483904,0.725389944793747,0.44099881687602405
142.0,64,1,0.6299999999999999,0.002330999999999999,0.5275410082352708,0.7161946623858297,0.45662381687602405
143.0,63,1,0.6199999999999999,0.0023559999999999987,0.5173867639953988,0.7069581754658132,0.4724968327490399
146.0,62,1,0.6099999999999999,0.0023789999999999987,0.5072738798394822,0.6976811235425859,0.4886258650071044
149.0,61,2,0.5899999999999999,0.0024189999999999984,0.48717020093795077,0.6790075650580252,0.521412750253006
158.0,59,1,0.5799999999999998,0.002435999999999998,0.47717855400093473,0.6696120310702431,0.5383619027953789
160.0,58,2,0.5599999999999998,0.0024639999999999983,0.45731391634328467,0.6507054747084426,0.5728446614160685
161.0,56,1,0.5499999999999998,0.002474999999999998,0.4474403856845441,0.6411951072961224,0.5907018042732114
162.0,55,1,0.5399999999999998,0.002483999999999998,0.43760576740705676,0.6316470365378322,0.6088836224550296
163.0,54,1,0.5299999999999998,0.002490999999999998,0.4278099099343424,0.6220614715696922,0.6274021409735481
167.0,53,2,0.5099999999999998,0.0024989999999999978,0.4083340975360358,0.6027784721182423,0.6651379900301518
192.0,51,1,0.4999999999999998,0.002499999999999998,0.3986540641967186,0.5930812349979645,0.6847458331674068
778.0,50,1,0.48999999999999977,0.0024989999999999978,0.3890126342996792,0.5833468994678154,0.7047458331674068
811.0,49,1,0.47999999999999976,0.002495999999999998,0.37940987939537685,0.5735754569908175,0.7251539964327129
956.0,48,1,0.46999999999999975,0.0024909999999999976,0.36984591573852177,0.5637668562330932,0.7459873297660463
1106.0,47,1,0.45999999999999974,0.0024839999999999975,0.3603209049088099,0.5539210027276315,0.7672639255107272
1888.0,46,1,0.44999999999999973,0.002474999999999997,0.35083505469738135,0.5440377582845146,0.7890030559455098
