familia,factor,metrica,efecto,p,se,p_binom,p_bh_familia
LHS_spearman,alpha,f_PRIMARIO,0.09252165391209545,0.19255800250439178,,,0.3209300041739863
LHS_spearman,alpha,x_rho_pk_mean,-0.24066751668791722,0.0005973495467579793,,,0.0012800347430528128
LHS_spearman,alpha,x_f0_pk_mean,0.2760550048957687,7.59928707601698e-05,,,0.000379964353800849
LHS_spearman,alpha,P_ext,-0.13378184573467833,0.05894537396390643,,,0.2210451523646491
LHS_spearman,crowd_aversion,f_PRIMARIO,-0.26930080865223516,0.00011521043037415713,,,0.001728156455612357
LHS_spearman,crowd_aversion,x_rho_pk_mean,0.39335183379584493,8.315661427672721e-09,,,1.2473492141509081e-07
LHS_spearman,crowd_aversion,x_f0_pk_mean,-0.5064166003212688,2.0032018484763e-14,,,3.00480277271445e-13
LHS_spearman,crowd_aversion,P_ext,-0.07079608913679811,0.31916130741856774,,,0.49597527930052243
LHS_spearman,crowd_power,f_PRIMARIO,0.048361145612288735,0.4964784849827088,,,0.620598106228386
LHS_spearman,crowd_power,x_rho_pk_mean,-0.28023700592514816,5.841130191741774e-05,,,0.0001752339057522532
LHS_spearman,crowd_power,x_f0_pk_mean,0.18379066368810404,0.009183930178894732,,,0.027551790536684197
LHS_spearman,crowd_power,P_ext,-0.09189575754650485,0.1955975512515082,,,0.3667454085965779
LHS_spearman,rec,f_PRIMARIO,-0.1502203341330008,0.033738507921435706,,,0.1265194047053839
LHS_spearman,rec,x_rho_pk_mean,0.33942848571214285,8.791847362295289e-07,,,6.593885521721466e-06
LHS_spearman,rec,x_f0_pk_mean,-0.1526648738711852,0.030916857416021768,,,0.07729214354005441
LHS_spearman,rec,P_ext,-0.06114613281805244,0.3897218705792046,,,0.5175646518844046
LHS_spearman,inherit_weight,f_PRIMARIO,-0.21496676667179457,0.0022367488585874934,,,0.01151741489913895
LHS_spearman,inherit_weight,x_rho_pk_mean,0.20314107852696317,0.003914339299066858,,,0.006523898831778097
LHS_spearman,inherit_weight,x_f0_pk_mean,-0.06109355024884187,0.39013045006807556,,,0.48766306258509445
LHS_spearman,inherit_weight,P_ext,-0.22568709566394804,0.0013124166734323366,,,0.01968625010148505
LHS_spearman,plast_age_max,f_PRIMARIO,0.06477149776670257,0.36217787971663334,,,0.5432668195749499
LHS_spearman,plast_age_max,x_rho_pk_mean,0.23576389409735246,0.000777145998209181,,,0.0014571487466422143
LHS_spearman,plast_age_max,x_f0_pk_mean,-0.12022280065357505,0.08994157063503955,,,0.1499026177250659
LHS_spearman,plast_age_max,P_ext,-0.03928137835749885,0.5807745119910743,,,0.6701244369127781
LHS_spearman,gamma,f_PRIMARIO,0.10094504491462611,0.1549490705165634,,,0.3209300041739863
LHS_spearman,gamma,x_rho_pk_mean,-0.29365634140853525,2.4395516571001523e-05,,,9.14831871412557e-05
LHS_spearman,gamma,x_f0_pk_mean,0.09744922277403475,0.16982342811181553,,,0.2547351421677233
LHS_spearman,gamma,P_ext,0.06913871910605544,0.33065018620034825,,,0.49597527930052243
LHS_spearman,a_max,f_PRIMARIO,0.026709211974591786,0.7073446455041417,,,0.7073446455041417
LHS_spearman,a_max,x_rho_pk_mean,-0.04722118052951324,0.5066947771812252,,,0.6333684714765315
LHS_spearman,a_max,x_f0_pk_mean,-0.00474462039474285,0.9468373645865813,,,0.9468373645865813
LHS_spearman,a_max,P_ext,0.14636684680431536,0.038629074374769506,,,0.2210451523646491
LHS_spearman,p0,f_PRIMARIO,0.04116152750177637,0.5627858540436719,,,0.6493682931273137
LHS_spearman,p0,x_rho_pk_mean,0.2575249381234531,0.00023194557453314223,,,0.0005798639363328556
LHS_spearman,p0,x_f0_pk_mean,-0.14341713920991755,0.042765078854445075,,,0.0916394546880966
LHS_spearman,p0,P_ext,0.11219426885085833,0.11371367820317371,,,0.28428419550793427
LHS_spearman,delta,f_PRIMARIO,-0.03566192161354963,0.6161360478555139,,,0.6601457655594791
LHS_spearman,delta,x_rho_pk_mean,0.008950723768094204,0.8998970146567032,,,0.8998970146567032
LHS_spearman,delta,x_f0_pk_mean,-0.00888022533571852,0.9006813840456293,,,0.9468373645865813
LHS_spearman,delta,P_ext,-0.09586357354221181,0.17691017238513085,,,0.3667454085965779
LHS_spearman,m_c,f_PRIMARIO,-0.12171806561207056,0.08598766400516124,,,0.25796299201548367
LHS_spearman,m_c,x_rho_pk_mean,0.03657467993194796,0.6071303024879151,,,0.6872655212812383
LHS_spearman,m_c,x_f0_pk_mean,-0.4152200320148834,9.744119250715953e-10,,,7.3080894380369645e-09
LHS_spearman,m_c,P_ext,-0.1157464411719322,0.10265167944984532,,,0.28428419550793427
LHS_spearman,eta,f_PRIMARIO,0.05982775016798294,0.4000438338748931,,,0.5455143189203088
LHS_spearman,eta,x_rho_pk_mean,-0.30155703892597324,1.4288769293261034e-05,,,7.144384646630517e-05
LHS_spearman,eta,x_f0_pk_mean,0.26661601538140905,0.0001355253774775567,,,0.0005082201655408376
LHS_spearman,eta,P_ext,-0.13422229229496732,0.05810894695629601,,,0.2210451523646491
LHS_spearman,refuge_frac,f_PRIMARIO,0.10290455596702648,0.14705278080561932,,,0.3209300041739863
LHS_spearman,refuge_frac,x_rho_pk_mean,-0.18023100577514442,0.010654744443409034,,,0.015982116665113552
LHS_spearman,refuge_frac,x_f0_pk_mean,-0.050573783309755045,0.4769643117484639,,,0.5503434366328429
LHS_spearman,refuge_frac,P_ext,0.05807060080224131,0.4140517215075237,,,0.5175646518844046
LHS_spearman,refuge_pref,f_PRIMARIO,0.21436077792646982,0.00230348297982779,,,0.01151741489913895
LHS_spearman,refuge_pref,x_rho_pk_mean,-0.033126828170704274,0.641447819862489,,,0.6872655212812383
LHS_spearman,refuge_pref,x_f0_pk_mean,-0.08156381968193017,0.2508981451939158,,,0.3421338343553397
LHS_spearman,refuge_pref,P_ext,0.009830311591277804,0.8901190703592691,,,0.8901190703592691
LHS_spearman,refuge_capacity,f_PRIMARIO,-0.09606707540020278,0.17598862167343352,,,0.3209300041739863
LHS_spearman,refuge_capacity,x_rho_pk_mean,0.1468487457006455,0.037986516869395234,,,0.0517997957309935
LHS_spearman,refuge_capacity,x_f0_pk_mean,-0.12529301350129318,0.07709817324209954,,,0.14455907482893665
LHS_spearman,refuge_capacity,P_ext,-0.02821146033351175,0.6917004501019396,,,0.741107625109221
LHS_logit,alpha,f_PRIMARIO,0.7063995817059069,0.003391311945331911,0.24110476777712847,2.8959133014036158e-05,0.006358709897497333
LHS_logit,crowd_aversion,f_PRIMARIO,-1.4113809623417568,6.026326689474657e-08,0.26049763914507046,1.053357328464113e-14,9.039490034211985e-07
LHS_logit,crowd_power,f_PRIMARIO,-0.013686234170257229,0.9580747525125447,0.260344493047677,0.9401924693058649,0.9580747525125447
LHS_logit,rec,f_PRIMARIO,-1.1574182268689972,6.625579392126168e-05,0.2901273306035446,1.2436667806913958e-08,0.00019876738176378503
LHS_logit,inherit_weight,f_PRIMARIO,-1.3631766335946116,3.4239316858394567e-06,0.2935604202903759,3.4168658207613846e-11,1.7119658429197283e-05
LHS_logit,plast_age_max,f_PRIMARIO,0.5249946805179174,0.022742109610649975,0.23048935435889029,0.0011507677781151017,0.034113164415974964
LHS_logit,gamma,f_PRIMARIO,1.074434501607208,8.98837216279565e-05,0.2743428790576126,2.2771028211534817e-08,0.00022470930406989125
LHS_logit,a_max,f_PRIMARIO,0.7567643949344709,0.002696063480542356,0.2522193719770215,1.8503120125007085e-05,0.005777278886876478
LHS_logit,p0,f_PRIMARIO,-0.21733660043520528,0.3738783003246876,0.2444092782595033,0.20439823250935374,0.46734787540585954
LHS_logit,delta,f_PRIMARIO,0.06689440521892233,0.7877300291613141,0.2484384616163467,0.7007638971280333,0.8439964598156937
LHS_logit,m_c,f_PRIMARIO,-0.6451861127102142,0.00524092396781388,0.23109708205782606,6.761123123005351e-05,0.0087348732796898
LHS_logit,eta,f_PRIMARIO,0.1697357386941957,0.4614776776405516,0.23048898898836698,0.29324976795148516,0.5324742434314056
LHS_logit,refuge_frac,f_PRIMARIO,1.3657909857984847,1.998527562307058e-06,0.287318811515433,1.1661691457486114e-11,1.4988956717302936e-05
LHS_logit,refuge_pref,f_PRIMARIO,1.0382893625215608,6.407464431166066e-05,0.25974900600071804,1.1637536818921288e-08,0.00019876738176378503
LHS_logit,refuge_capacity,f_PRIMARIO,-0.38216860458593177,0.1421469052776481,0.26036070231157915,0.0361782459124177,0.19383668901497464
