point,alpha,crowd_aversion,crowd_power,rec,inherit_weight,plast_age_max,gamma,a_max,p0,delta,m_c,eta,refuge_frac,refuge_pref,refuge_capacity,repro_age_max
0,3.2394599016334795,0.2898715552053235,3.280428781180884,0.0710659678374927,0.058199698422103,16.662737023805526,0.1910652686721369,130.4834560118001,0.343823152713855,0.0190337784956181,6,0.2707010886620555,0.3379928961160916,6.44565573100884,3,87
1,4.994846689547545,0.2936428399245283,2.0685594398948783,0.1185310251551416,0.4773787843401455,5.084501629913497,0.1420469430670131,105.63263717714985,0.4182311837636081,0.0386420343064674,13,0.3188194657977365,0.1187859220261461,92.48689273569268,1,70
2,4.166411053515487,0.1511111159068618,1.079080749364432,0.213238153477506,0.5603017909997378,14.95414103513638,0.0715382585174845,119.13690838788446,0.3205767986412843,0.0175472466567347,5,0.0621191368885941,0.3985486267798385,171.9108626435488,2,79
3,2.2997875701115533,0.1850671554961429,2.5534970393513703,0.0763167399931272,0.1868324244998843,5.294599046206557,0.0404911602437078,114.32256131285436,0.2114085413167873,0.0130826655255663,12,0.4863504135201166,0.2604097042001232,20.171892498833305,3,76
4,6.508873982932709,0.1970450564962178,3.870817213178826,0.097419926126919,0.2675165167834504,15.220623418111929,0.0348036024435515,148.36482463933447,0.4246563971782581,0.0271592271182292,12,0.1963909779266098,0.1729368059598642,303.2448608935606,1,99
5,2.903692523525084,0.2874533962468997,1.4116288469116738,0.25625722509255,0.2023347099633064,7.167182618242973,0.1151242859754684,125.32610839441222,0.368203737827916,0.0220794600218924,8,0.2432728335356768,0.3609098029373783,3.8998453854235526,2,84
6,6.627315585774112,0.1479029946993014,3.6094763698772856,0.228565603728005,0.5748312141471036,8.52493934157778,0.2678703313010924,120.36701339831014,0.3952708780546872,0.0060479911594223,13,0.4866303330552761,0.127564630996939,145.8308659928308,2,80
7,4.487416525543956,0.2462940477389057,4.65407238335976,0.0479859842462503,0.0295453602514993,9.092085642332842,0.0597306500621257,138.52942767635054,0.1954969638621747,0.0137249310945521,7,0.0729640503153089,0.363157718749091,3.573570328800629,2,92
8,5.781143901254057,0.2537781700161959,1.0039508827964152,0.060664416656356,0.2116601895735283,15.347770826739644,0.065277726745801,149.5359639059459,0.2969188920216167,0.0349750647803617,9,0.3703883918777914,0.3265565285302981,764.6725684316334,2,100
9,3.9032186843736536,0.2441079512113015,4.590137328632322,0.2101059434223071,0.3238028873231892,10.5160167143454,0.2452256672188816,94.52794799404062,0.2567472251929615,0.0296261664091903,9,0.4597026496859528,0.2428179973067784,7.356710812934831,1,63
10,6.139650075028363,0.0659441748803842,2.7805846769597617,0.0349281378962149,0.3039080299664832,7.082944447455914,0.0784030537006674,97.50248858570144,0.3530866476368773,0.003881185761974,9,0.128059702572496,0.3020192804021244,3.053573505293163,1,65
11,5.633292766870996,0.1666118680179794,2.1993056052527526,0.2736892058723444,0.013904144383417,5.6112482161696615,0.0498491979758557,115.30387323353295,0.3320233449221573,0.0097857185557864,12,0.1798325807398014,0.3813142383271031,535.6444316079135,3,77
12,5.697893060413957,0.0963972790054868,4.0704589309262085,0.1483004391947502,0.1299997649935724,13.108344258390666,0.0605019978985523,97.49580269369147,0.2973161195341927,0.0442231380005119,10,0.1458514615429907,0.3648398989509271,19.443869963086748,1,65
13,3.837643878118902,0.1456271418388999,1.6072615300412374,0.0447814096851267,0.4215377298147462,5.885515776849975,0.1642563747298442,91.15873521882274,0.2622885731045736,0.0077872971391699,6,0.4253413317642243,0.3388792286258289,289.0387128499141,3,61
14,6.77080685014208,0.1654867797366638,3.3137224757407915,0.134417290243682,0.24820432082947,4.1707923570101375,0.0732838961370053,103.31816923079614,0.1631937562322201,0.0036451235699457,6,0.143155468471663,0.3470497918337012,211.7744933458008,2,69
15,4.842632917542877,0.0501778402252007,2.8762458619585725,0.034443508402867,0.2188038678878498,8.40110241855777,0.0933961547472742,99.2275255437028,0.3177738915129451,0.0063188549552358,5,0.052333218785532,0.0618237822445751,49.179500299827055,2,66
16,3.461683389476028,0.2986125968167663,2.512980616870019,0.2633912292078956,0.3290737918411975,10.539013590302057,0.1879458723925149,144.85237576871987,0.3888370465513829,0.0061880383001825,10,0.1079571870277082,0.1507466508363457,52.50258829320419,3,97
17,5.440351396730203,0.2781957455903059,7.540577041492907,0.2098866909397941,0.1071323143195581,10.878449996161573,0.097371095053052,149.96254756602875,0.2142296289560869,0.0125971460647261,5,0.3124979851819382,0.1946132397209107,35.72983403632098,3,100
18,3.769345994158584,0.2045969773018628,1.332340438904266,0.2226950823627972,0.1644370842158709,16.825520107329645,0.0552199937088582,101.19159192807228,0.2039153322014256,0.0133707649143144,14,0.0893876999082285,0.1929711943353683,67.22820142645973,2,67
19,7.2607229271596,0.223015153273108,1.1845659139611735,0.1414539938408646,0.198407784673101,7.41717914485899,0.0631409862053432,132.19817430290436,0.3911575950671637,0.0128137890337994,15,0.1657235369651136,0.1356258266738229,3.29088271340909,2,88
20,7.417427724176973,0.0534633574952588,1.3853811065868344,0.0586855498347748,0.2793026497933065,8.419887754142584,0.1187709912891648,145.30225942290923,0.427588159280974,0.0284003062773936,14,0.4646178786209952,0.2799266765661418,9.935820645771448,2,97
21,7.1167808451715375,0.2752794231870804,5.909508825876665,0.1029950689903248,0.3542472672707688,5.6314737903860825,0.0359257392526233,130.8037951723586,0.309845586820347,0.0058649805944553,10,0.3906542313078532,0.2958339520681087,10.563342005489233,3,87
22,4.925269172422006,0.100970833230969,3.244402191228695,0.1319118024786038,0.5042519542093431,23.929905179876435,0.080625173180292,106.42157595242854,0.28124375340972,0.0358253271851755,12,0.489453479143784,0.2896580052028812,3.1649937656944425,2,71
23,6.101561871998319,0.1806188817621998,3.587191241498477,0.1079076164913872,0.0302816359502877,9.656821517411991,0.0970609306430748,140.29788735998702,0.2883281151205353,0.0195607930428618,15,0.1406335393103304,0.0627886418760811,5.942444450203646,3,94
24,4.501295207163996,0.0559976996025231,4.860088312650437,0.1158863181965009,0.2238074204279719,6.003170662929107,0.1672553041919962,106.02345275889296,0.2176078339166912,0.0081155267945468,14,0.2482331583120521,0.3313932987411659,196.7095459343155,1,71
25,7.016726139161144,0.0914443183179657,7.171371442214237,0.0753386420644033,0.5076811527438069,5.165126189167936,0.1076458240814728,118.85125418217189,0.1821902361963788,0.0372043277067745,6,0.3644537026267383,0.0724507127066337,12.341047267086752,1,79
26,6.656137519990015,0.1388127603736947,4.118278424688905,0.2458162172722625,0.2425968232180568,6.82262396780892,0.0983693054904662,115.7966613694214,0.1680493250183064,0.0451158673953389,5,0.2676154932157651,0.2167943841854883,59.578810599545726,2,77
27,2.6000885792178248,0.1236224858961125,1.726278357988563,0.2868978752220964,0.3863432497853691,11.067147149554206,0.0330351122711747,93.27359348085746,0.2345144879749524,0.0111173844875013,5,0.2139536760412428,0.3297319099446669,37.16275166108085,2,62
28,4.576022184958223,0.2731826500539466,7.266020307230659,0.0773777796612764,0.055056146779543,12.428726334115186,0.1570925965007923,118.48979209118586,0.4194413954379339,0.0042676028703117,13,0.1208346177150047,0.3779562595924673,23.204427921429463,2,79
29,4.321704642460936,0.1075511366556072,5.321268126649289,0.094056633640744,0.097185206998844,15.848111228990868,0.2166163999146858,98.25327354890888,0.3613712362696898,0.0063755988433054,6,0.2653668459822716,0.1012956137658963,843.9699138394922,2,66
30,5.336429812743208,0.2386757064182051,5.614385853318853,0.2345401446718462,0.4930555008619685,6.674005231801814,0.0308151502682607,115.98861554302748,0.2411988713565391,0.0356534185706996,7,0.3402785110256334,0.3340880328836182,634.2557323669079,2,77
31,6.849675618964274,0.2803686970188431,5.4427059334061365,0.0340232072881283,0.2451118953992642,21.58669935056972,0.0797373402308806,104.4886699283422,0.2263411329121327,0.0109167377542678,5,0.4037999323163723,0.3045916689684067,230.8556718447184,2,70
32,5.914558722832165,0.1523098478405211,1.1219535270881058,0.1248895411487684,0.3025886104108006,4.35474731414353,0.1363787748481535,103.60920930001876,0.1934911212204911,0.0305735026271381,15,0.3053468971286174,0.394672483566093,43.65011823726143,2,69
33,7.966228485779915,0.2098803044496801,4.471972807913804,0.0725295813383994,0.59613608141944,6.923296918557839,0.0719883320482544,111.98857513474668,0.2275824723513783,0.0205186259721229,13,0.123912359907563,0.2711951029677044,22.58336855114401,3,75
34,2.865702352809131,0.1094391677853155,2.008816961881112,0.0845437943215586,0.5831463261018075,13.02614905282359,0.1393977609056929,142.63691217626405,0.2878530932225296,0.0039621952041854,16,0.1473239305788595,0.2969849764073771,247.93643903799511,3,95
35,6.297592749350788,0.1901983582750104,2.369728757328918,0.0546887763374424,0.1547852992952107,19.78059334186156,0.1296108580121259,135.57939344752384,0.1608284532988267,0.0056237712655748,11,0.1577396375865688,0.332510388563681,24.459224231410733,2,90
36,4.4365378132649305,0.0625543127743243,3.083771956464831,0.0702357283492443,0.0151766596036063,14.75262404418629,0.1056429590913589,128.63914838325695,0.327883672665897,0.0114968134882356,8,0.4219723058956782,0.0569962773935622,936.76194162837,2,86
37,2.061885015998789,0.2593604944209068,3.9425888221389873,0.1534843598913346,0.0682268638754641,7.99548986530364,0.0473459699572269,110.13243255723064,0.3465804841952165,0.0076435878520219,5,0.2165607513313843,0.2741803398089583,150.11223556435212,3,73
38,7.439198942301889,0.29987877295793,2.0318972504736648,0.085775590588782,0.2258605979712172,9.221341448135671,0.0410843873228308,142.1723849095515,0.3512827298053252,0.0033196249149724,9,0.4423459656604817,0.0951300727649875,48.60697468115425,2,95
39,7.133254639590877,0.293834165975315,1.0578681176083322,0.0347710107384596,0.3818744869360824,7.76696681079414,0.0466452333679128,128.77246104136978,0.3077068230226386,0.0167424342148446,9,0.1538316442435724,0.1896682934243476,395.4611309284848,2,86
40,7.484391683724057,0.2744299942714169,2.8033854122569344,0.0865956066055464,0.4717940385847593,14.857876078976703,0.0688202618832213,97.059502685443,0.2320875459481409,0.003422146783199,5,0.1854679901120954,0.1589030336046117,38.987088355762765,3,65
41,2.595639860343438,0.0979084372026826,4.518346197451197,0.1328369675959448,0.5175150115054526,4.584068742979029,0.0755366071609975,132.3454490561394,0.3548935213976143,0.0083954115131232,5,0.4057182860169901,0.1395596267244647,46.74936226767239,1,88
42,3.7202254032888473,0.2903031882680918,1.8000466908881296,0.0511869403756863,0.2515454654394601,4.981160876279954,0.0561911939399833,107.1627194479521,0.1767072123316438,0.0035357925567028,5,0.2802297013606186,0.2851661392003931,66.78475408944696,1,71
43,4.092517256017677,0.2501103049939384,3.016313983470296,0.2261614800264086,0.587546124991225,19.58993911097552,0.1591359380631311,116.72035577868192,0.3617313258592517,0.0140684482369773,14,0.4284955169600687,0.1982082235383938,12.679664118630308,3,78
44,7.002182625093624,0.1625602898644277,4.697405388241146,0.2404281874083267,0.135688019311548,11.563728004624474,0.1037076502289345,141.4822398438646,0.4325920575136102,0.0096929549449249,6,0.3746273543055257,0.2565662221139262,5.334196309069435,1,94
45,6.451004468021777,0.0712129412412691,5.97171859934115,0.1071788824695579,0.0771967705117242,20.779196717752548,0.1133714890424184,116.35278002659425,0.1909558582051672,0.0124030313876272,14,0.0509177036540669,0.2942185843169677,321.1500204020488,3,78
46,2.7350251520241424,0.1415187167210931,5.991143081092855,0.0524953752891797,0.2636970946898404,21.17203995987808,0.201162564342219,140.59649844556404,0.293559325475518,0.0344303814305653,13,0.1775806126777098,0.3446110682114203,16.127760688625685,1,94
47,3.286738219457383,0.2016982323345424,7.859912801380496,0.0490270854965164,0.4088257313511467,8.714510006032478,0.1179588075943993,144.20679215839635,0.3191144234086485,0.0055422974586223,8,0.4823364195983639,0.2690982551453625,79.74085992364269,2,96
48,6.582037854834395,0.2061844756730723,1.0282598675424433,0.0618505481720088,0.5538425345793149,13.510972891600243,0.2500388422403331,111.65688398497444,0.3461592464057625,0.0107203781046698,14,0.2149236135306285,0.343895185918368,689.6650446187999,1,74
49,3.603045525903992,0.1760838163947912,2.939675489827476,0.1107439356732521,0.4868929058482268,18.3823557624846,0.1441910751180691,110.8842483999373,0.2207837604897096,0.0033916496390933,16,0.0749894751009516,0.3113970530942901,8.57769654030988,2,74
50,7.780941734153966,0.1239222917035683,4.998403803162248,0.1130983481384652,0.5973608750183595,6.468038220886951,0.0645722707498233,93.78579892960666,0.3656895397392419,0.0132396147740753,6,0.2886250921523763,0.3205663460602666,120.18561591072825,1,63
51,2.48018898709037,0.184442662650731,1.4317466762308213,0.1846069840567394,0.037816858518186,7.5777214325530515,0.1604617378061316,92.57520407934824,0.3143219417684806,0.0034722018441827,10,0.3549782364020492,0.1386697430394667,154.69465180417714,1,62
52,6.004803455251791,0.0760846170550611,1.255453976157648,0.0800922061801926,0.1724183446227136,21.783831483362206,0.1500457440096026,138.61249529197292,0.216392617692552,0.0109473888369026,5,0.4688521046164785,0.0975993945789441,108.17892801929445,2,92
53,2.379127018771017,0.1693464643700953,1.932108468422925,0.1292317835749855,0.566385893048547,6.662608391473379,0.0943482897415727,118.06178251305232,0.2522912068202895,0.0073540032160899,7,0.1847325633527712,0.1084886278621363,887.4689051426279,3,79
54,2.6353275193066312,0.1215923603255056,6.952209820967525,0.2019629347036129,0.1696434129697686,6.310705067299,0.1213271235660943,143.9224699479256,0.160244657874873,0.0089305718633698,7,0.1680951449558079,0.0852767119768982,8.164144991733316,2,96
55,2.129693252119901,0.1312249514541637,3.1092570947722207,0.0626633926703563,0.4566252860257421,12.658603313207369,0.127932293089981,134.61018857471072,0.2127986155856278,0.0247716522666225,8,0.3038027883035955,0.3833547757511946,77.11402980319839,1,90
56,7.221410670711675,0.2631367581455645,4.396169434967334,0.0302296741298951,0.4819194220081963,10.139138397967011,0.273043354470493,148.62860669834328,0.2828050278680334,0.0090260358240495,10,0.2938492632946652,0.0647724589215755,70.11319516380492,2,99
57,7.38710506981611,0.1497188842246943,1.5451587304613497,0.0313189191368215,0.0033517039433649,6.407711292301135,0.0833546866509271,129.91445447556998,0.2591136242481819,0.0050724766421126,15,0.3258351132034604,0.2310827627579547,56.66885499926662,3,87
58,5.374332408135579,0.1938653724139863,1.288163533829889,0.0319435920731265,0.4757591889954358,9.576629766263997,0.1721188395305766,96.50944632798502,0.4297573720524004,0.0469713065742113,10,0.204202412799076,0.3128019328497883,11.714283838251555,2,64
59,7.741059702538499,0.263854503629796,1.762661517332074,0.1119604050707145,0.1024152023832512,4.026038240737149,0.1290273291980826,123.65258577941802,0.2482786325091353,0.0318834279955838,10,0.0855133948498922,0.3522261176997255,15.146889817559492,3,82
60,7.511547257873484,0.0788431292709514,2.2928008910225017,0.0394256161404115,0.3495490234682497,13.988511820805584,0.2267385503890822,141.17631930360207,0.3030753332288717,0.0040567586616305,12,0.2009317342927066,0.2417487982424033,156.049280290607,2,94
61,7.81926185046244,0.1352506349537875,1.9131406179231127,0.0503694759616023,0.1765279978733838,4.314139102372995,0.2389073668594408,113.51798491386478,0.4094165094082456,0.010206711981529,9,0.2232521084121337,0.1744196567714689,620.1206188029373,2,76
62,2.8039427765741163,0.2008168687067896,2.845065688818669,0.1048520652362699,0.0826404988447756,4.393826333016273,0.0583850076532778,100.02157751825578,0.4099391607896175,0.0302200964310016,8,0.4717801532745654,0.2407175317764212,600.2176471312227,3,67
63,3.1264691753972094,0.0909055835977171,1.2671616766021057,0.0396275955452634,0.1131479976664973,5.371655024244942,0.0775737635690822,133.94154968250686,0.3725335289979127,0.0339752336610632,6,0.1709793895763259,0.3964153592999881,87.4747755016467,2,89
64,5.25483598312981,0.2608529717823898,3.498206300496237,0.0381819750163869,0.5305814397436018,15.5231993795936,0.1088994117524362,93.47049632909052,0.4408209156335246,0.0240865902962507,9,0.0936528834992719,0.2001562296908565,582.9570807036479,2,62
65,2.7511841371723835,0.2957985788536049,1.5571047954183506,0.0367878106439301,0.2640408112232106,17.182364579570525,0.0446975898414532,126.97576777963596,0.2786280548927066,0.0066852900909535,12,0.2456810484592155,0.1114274388527184,4.254690468349685,3,85
66,3.389962702270884,0.0827896375834557,2.3423575800139123,0.0910514534929544,0.1008802987234561,12.809144787885051,0.0527071471562437,94.83926852069412,0.2330501210372323,0.0422597609276539,15,0.1615264872965813,0.1176238782289341,681.5832173557181,1,63
67,4.128455148763848,0.2827773091888284,4.049091368606372,0.2708607524685377,0.20975361177347,5.963343150652957,0.2130253210338217,139.0184648831372,0.2204299964192665,0.0244246525434785,7,0.3739784092109016,0.2783989935902836,126.34513593097284,1,93
68,5.7338491838646055,0.2659599600954596,2.593380471502386,0.03049452612888,0.0647592650978549,8.164471382033556,0.0904094145845808,121.27946434874028,0.4126843764500302,0.0237885530111135,6,0.4267255237796273,0.2022262101688417,31.62599441956245,1,81
69,4.659758660383494,0.1368176816142067,4.775553665154291,0.0787804887757265,0.0248948513864294,11.891405273366884,0.0304420443882241,146.05741821553016,0.3592144528861686,0.0157329049383703,16,0.2317580085055857,0.3547908055393214,214.88238383086943,2,97
70,6.383472543273205,0.0675005608741277,1.962083279404244,0.2316190017299099,0.5708049494233619,20.93874489147172,0.1933435273386223,98.54336563917796,0.313402196508336,0.0065614795538815,8,0.0873206993287084,0.1484977091979565,85.10470849332631,2,66
71,2.180543499704147,0.2848158143251891,4.22546615703307,0.1218562179494931,0.4294059928201001,5.819722162883915,0.1207165564147693,136.446915491385,0.3375193281083388,0.0104271824164803,15,0.2828744261592869,0.0971639245541252,798.0514460467775,2,91
72,7.61352335156209,0.1110470778947944,2.113457157419953,0.1063360049287878,0.5369418485078675,16.048008589176895,0.175730280458049,133.44442514726006,0.4164761994528052,0.0388489274493612,8,0.3376467374593336,0.254943874306274,62.78818520082769,3,89
73,6.619807650662044,0.2850823903722989,2.5441952085969115,0.1691883255718884,0.469004008524826,22.714960550910945,0.2559793390141373,123.5462744643958,0.1880320804103937,0.01870442200229,8,0.1995621512027211,0.0874252971284224,5.42025567778628,2,82
74,6.480679927038773,0.1038391140141806,1.5218846897205944,0.0499157852778993,0.2750635780613423,12.023766240446808,0.0353173156289552,99.81137399777408,0.3968233717407104,0.015229173474709,12,0.1011416326851663,0.3016017327657136,7.695570191182857,3,67
75,4.96215163597252,0.1344341311666463,1.0649103641938404,0.0892481594388738,0.3643241774919147,6.984560547913363,0.0667000072509026,105.57115580764535,0.4465702829786552,0.0177370581076788,7,0.4792450239702283,0.08479080883829,544.9951375961579,1,70
76,6.06253189108837,0.2719086132527044,2.705019899925682,0.2363652067255789,0.4034725918809747,11.282617948830168,0.046153455941265,101.5063269992998,0.2911264419787646,0.0478200716705669,14,0.1741684772247296,0.326267849373943,13.124143662008445,3,68
77,4.238894551087077,0.2128795796033982,1.1012023363809225,0.0928666825569709,0.071832112728288,8.096825696562442,0.1968675299200767,139.51052819502587,0.1748732588944806,0.0434655776032013,11,0.4200596658997362,0.1708962526169962,3.806679181106345,3,93
78,6.436114846137,0.1531425304939969,1.0892340912545289,0.1542672843445262,0.2914197355175899,16.220703793756584,0.2348654144561165,106.7141524680163,0.3705525227942854,0.0069473033203169,11,0.3673776532889902,0.3589317785019896,441.9383509361592,3,71
79,4.700073178054051,0.1141086147665559,2.968314376775784,0.03546604794037,0.5483603119321732,7.225852831338455,0.0459225944359994,139.27855326498533,0.2453544849507738,0.015080659825829,14,0.4364679523777207,0.3806305592567389,6.679237707808427,2,93
80,4.403580212656083,0.2457178547965142,2.313630517885529,0.0383944979487552,0.0231093836263415,4.434382235088161,0.1378350521815968,108.2538527956233,0.2767903437068346,0.0192806197274321,12,0.3983441659485885,0.3422418968274481,710.6114463763993,2,72
81,5.14667019774107,0.1117908763189224,6.275370411356503,0.2905294742068136,0.1225645482979835,6.543008508610533,0.2610644449481778,100.83571587147978,0.3408972079242031,0.0257039480271242,14,0.4444520303188034,0.2130596558861684,13.72080318233599,2,67
82,6.765931029386056,0.2432792497484655,1.3976381731187772,0.1674081274350111,0.0916070616910727,4.125305467410183,0.1257043340564663,116.529036584935,0.285560286396113,0.0058083394047489,7,0.0572197392386053,0.147242545210633,416.8819811745429,1,78
83,6.194504853524328,0.1749204851363326,7.952398346099336,0.0484103059927171,0.1830414084310663,22.029644520480048,0.0477254320553039,91.24056227805625,0.3699432376905298,0.0431713007596857,4,0.2922485819130938,0.2340326509587854,248.54968012837128,2,61
84,7.557470360018756,0.1382342981186692,3.986109118096744,0.0369723388915592,0.3182037750176112,13.833813550901183,0.0573005003876595,96.21326183350712,0.3157956928126706,0.0071637888102581,7,0.4761417210408113,0.370749139929196,91.642832366683,3,64
85,4.20945202766578,0.1336362556400433,1.2167298718409114,0.2601628683257012,0.3251468802239406,12.572143692019242,0.0420324336511495,132.84455230289993,0.1844202377383941,0.0035680947413813,13,0.2551710634146326,0.2764061782126449,838.0407360288808,2,89
86,5.108616316991235,0.0624290855439842,3.5278098861705103,0.2783023680169723,0.3089402677534877,18.027451901101053,0.2829036713524604,136.92236142880185,0.2238113233439183,0.0459170764021817,16,0.2985475510447189,0.2250865856162393,134.77111310948035,2,91
87,6.707198691180793,0.1433726486789646,2.120210268379456,0.0363409388895608,0.3596391379241596,5.873195705635081,0.0539646946128031,125.89382901295046,0.2022897015613184,0.0493988928856976,9,0.3144212388802528,0.0929347970205808,31.07162256125757,2,84
88,5.671035451956268,0.1313944379078896,1.9719430231650248,0.0754225792529728,0.2764325256556124,7.970617764570973,0.1350463514638605,143.31982494523362,0.1701735520559869,0.0181866704056846,14,0.1103776598746924,0.1533224870182608,180.3843696387584,1,96
89,3.569735022000651,0.2703985836717087,7.833849152257703,0.1962465679593173,0.2872741447649875,10.329760917194664,0.0893963111725631,148.9145080820168,0.2907780556795647,0.0185695566399533,10,0.1040477059397092,0.081121490831155,128.13055358139565,3,99
90,2.416745055524117,0.2338058732598993,2.743581597885309,0.1788939337779894,0.4550175375860357,6.145887098420571,0.0662339926307002,137.5896273011018,0.3843676130682991,0.0405582965901296,14,0.1111163009833096,0.3150019200713519,193.1634331750236,1,92
91,5.4952926049295625,0.0518438791779997,1.4514015484870515,0.1263543388212364,0.4284564945092003,7.510099391395105,0.0373377062380443,140.76935327398542,0.1899923045533348,0.0142944984689436,6,0.2231128345202232,0.3577664556176819,138.56908477587203,3,94
92,7.192889274515413,0.2311075716649273,1.8565133269280307,0.293600918369284,0.4079946649089675,5.139507466788301,0.0914876670822214,98.9156093288898,0.1784823548567598,0.0074858926188356,11,0.3785064186411441,0.2656097157362269,7.1308013957063805,1,66
93,4.131898544698546,0.2479885050799434,1.9900740009935864,0.0326818128571435,0.4503693931700305,14.480535267114991,0.0310751609265979,113.00802962019426,0.2844069208627095,0.0073847374209802,15,0.1146237857398418,0.0775431080482361,32.65579273870439,2,75
94,4.523375217483962,0.102215894573814,4.366862714760476,0.0559129085752399,0.5214382422908397,22.28620300293477,0.0372309583439358,112.61588466560607,0.3992561519165233,0.0117062301166072,7,0.3995316114964615,0.1583883697660832,369.4329405443207,3,75
95,6.234985607534742,0.2151984062844293,7.4937966373974145,0.1465100799733475,0.1501049989797196,4.501773068317767,0.1983864092781359,136.77489957673214,0.3756565055911605,0.0030481738877474,13,0.2736678604750737,0.3741309390486097,83.88340002656923,3,91
96,2.88355391743063,0.0782604488214706,1.1636900984249638,0.1015844768775911,0.0001820900300553,10.192854308353809,0.1781770001810671,95.89852983424493,0.4034549118713082,0.0145267926135076,7,0.2091881408451352,0.1832503435693332,20.7545378479004,1,64
97,3.969002977650299,0.1954384463059314,3.224032739847316,0.0643209183140028,0.5109574199681819,4.259618081922119,0.0334304998320115,137.7260018689233,0.4212631391965769,0.0039880156963621,7,0.125116510583035,0.2180289635754745,5.80515862385138,2,92
98,6.262261475676171,0.2104895027232544,6.861562140815964,0.1614187247107735,0.4459711297095019,14.248748611849615,0.0395948301575004,125.43609125862972,0.2601641437269683,0.0198801835842775,16,0.3004783221950827,0.1453421693492191,4.875681054083221,2,84
99,5.3209938318438095,0.0762754325040074,2.4814308971521446,0.0653613128781674,0.0938546988305252,4.675267621506752,0.0361362761238422,100.26782276927185,0.2389749932338991,0.0070097101062489,13,0.3290932822015732,0.1851444187955038,4.736741450863988,1,67
100,5.230478224200484,0.1287283308052474,1.1120967853481984,0.1889167079870952,0.2827446970020426,5.694737291621849,0.2996687575745327,131.67918515029334,0.4422854316631429,0.0047849143630288,7,0.2382366620182247,0.3360398271677643,4.18541849728506,2,88
101,7.923880453563565,0.0548300166571442,4.8511390249460735,0.0542646034997095,0.5240933442961234,6.7852966584970975,0.1531075548470477,124.07086744930145,0.4008530911164737,0.0047444835711326,10,0.359570918659976,0.2067465191123824,26.553339309732102,2,83
102,7.080958688734346,0.2316386133976162,1.5081180382715214,0.0815863936882731,0.4610101424721818,22.900837431002955,0.0949614029375928,120.76915919815748,0.3918375721742438,0.0036725736643091,11,0.1718494274521838,0.282742131999731,468.790543333748,2,81
103,7.848050803238185,0.1174472337857461,2.627593537113128,0.1365892573701337,0.0745137004715103,13.731222290409333,0.1949449686332974,124.97093584870876,0.4484645199482862,0.0228596027444671,13,0.2761869656920231,0.3163517368895975,487.331724564928,2,83
104,3.703619627347889,0.1191718727641219,3.810514199586842,0.1425900176193164,0.1607338486730209,5.016065163854246,0.0327198365380486,142.4777880937298,0.4378750282935698,0.0372793884153679,12,0.3946064624146426,0.1826003077971525,54.13797001307535,3,95
105,4.870748332393619,0.2147131608380533,3.441476761479352,0.067758571766248,0.2703997426498583,16.587387009929156,0.1321516011993228,104.05543557624064,0.4451415976154727,0.0085921549849558,5,0.3289763090686021,0.1373884765339891,11.360379376065412,3,69
106,3.173431255408162,0.0672017269126776,5.621681626494785,0.130785571147883,0.3756860590211993,10.06160465979218,0.1112278938237747,123.14721184874809,0.2642729544376385,0.0041813711821771,8,0.3391705864850521,0.3692506622083584,6.158860470301262,3,82
107,3.37082374236552,0.2523364225114236,2.2069157783589097,0.1205500480400125,0.2599534807306015,11.166423239437863,0.0415302675236483,135.78585548615683,0.411040600149723,0.0483616214575497,6,0.3573402303337649,0.0741555260676019,341.1045813614918,2,91
108,5.892991374343891,0.1590620564031256,7.742364733569305,0.0829970521511518,0.5681819209836324,14.132571013844686,0.274726053606004,126.18194524064916,0.4056352610611322,0.011886523103356,6,0.0920770141605015,0.2461487941493262,4.076154767954878,1,84
109,5.815521644290943,0.2085234922172112,4.448825024191054,0.1392927043528834,0.1141344966943377,12.90028595276956,0.179081543939011,90.23343207480202,0.2545826054788779,0.0044210302877035,7,0.2278760843206637,0.1289226647028662,3.221842101006811,2,60
110,5.414307492426113,0.1769594289708519,2.071897310285707,0.2852089373790507,0.5412691406270823,5.479110362707936,0.2311671010578063,146.84669255499284,0.2098775992959173,0.0054334232303115,5,0.4509714754150929,0.230195992296987,21.450639906317186,2,98
111,6.222310461278589,0.0563877022973785,1.6283015770089355,0.0731616184571695,0.4436099121494126,4.065853754086837,0.085471359385746,149.2025803112083,0.2551857480422839,0.0280607909356667,10,0.4025698174258028,0.1671293275248978,285.8521606513666,3,99
112,3.4956942154625894,0.1469689391206003,3.849224636992491,0.1173215515636586,0.3103395966690792,15.997177663985484,0.0520074317129416,91.70315850018292,0.1736109156895393,0.0101012935049858,15,0.2391832075337046,0.0783260680200919,13.265887822371942,3,61
113,5.069062045401164,0.2363255051920534,1.703997668673315,0.2522385770812461,0.5790343448033988,7.703369217985188,0.1099916200270936,92.3185373126288,0.2679674258294396,0.0169637995011891,12,0.3892549481037933,0.0681946423917114,346.45529479181016,3,62
114,2.220495138083366,0.2618832321850568,5.246778651893902,0.1658298093222163,0.196926971527808,23.38108353542721,0.0565981634552986,129.40164436549483,0.2507591819218704,0.004234720208995,9,0.4140567454866454,0.1675106743914601,566.1521924104774,1,86
115,4.813155053598216,0.1582841462303672,3.632060302724133,0.1900520233320449,0.362988466152201,4.78215177174953,0.0302113327327019,103.06868567990912,0.3975669501400484,0.0287188895587998,9,0.1961051722509404,0.0573030659530629,8.019697280584214,2,69
116,2.992802918497239,0.1638809900001992,1.8154049893008244,0.0418420304784292,0.1785225151091764,15.69866621556338,0.0746450648762682,147.2892062803756,0.3243971760471647,0.0092114591879349,9,0.3330160840235545,0.3759855090959636,3.501869125656616,2,98
117,3.644658203135175,0.0890702121524713,2.1663840419750446,0.1824437807511022,0.1461321662276342,9.412656941653935,0.2541714002098987,147.44098427224935,0.311064100938717,0.0159473394636064,9,0.4411407828749356,0.1783847209369359,775.6523932245752,2,98
118,6.928148157350485,0.2177161640433023,6.233007474977985,0.2222476855001138,0.2550506949314104,11.722666968248696,0.1452811998955369,108.59796436005556,0.3288469310852941,0.0362451824153273,8,0.4322011853395184,0.254656630869753,943.6925461214054,3,72
119,3.523192264327844,0.1273734363579157,6.620167627689887,0.2473062122981636,0.3373099875577944,20.295987488844705,0.0695960798943607,108.61307504592251,0.2742698372171399,0.006095802480868,5,0.1377318630183145,0.2159906661380891,327.43755801694,1,72
120,7.285240362577626,0.0746648331822504,7.046843499556488,0.063829831706777,0.1671858782108397,9.756092282660225,0.0314587363218486,127.72503865010252,0.272556374229532,0.005254153271782,10,0.2517750127310416,0.3976640326998971,448.8717084927698,1,85
121,6.150651877890675,0.1616650467802651,4.936704293203044,0.0660023314291779,0.3889793289902925,10.712099979688904,0.0511120992027251,121.1279018574154,0.3670629055981717,0.0032473067495368,8,0.0792873638602658,0.1039449270940232,207.31267287115665,1,81
122,3.429897923035501,0.0939229141987136,3.3676837124825805,0.0495200476001223,0.432873487283668,4.2186875819802205,0.2795986006751778,111.25717138024068,0.3023725430249686,0.0052964849497034,16,0.3939831371572845,0.3720560478962483,35.011297960947765,2,74
123,5.004307338354075,0.227513802557684,5.851557057411996,0.0994316823364377,0.367062059622696,4.101256926594464,0.1737040599162804,144.4629839634928,0.21583852987182,0.0214275107316335,8,0.1602193985481386,0.3929817493381851,898.4531047468577,2,96
124,4.628106552209869,0.2922160139029948,1.878670068258512,0.1440688596150698,0.3744663791740496,23.623852938141468,0.0844210094279565,94.10408004361892,0.3558432414374485,0.0328744758278292,8,0.382986981044021,0.3876874469832826,64.7547100915389,1,63
125,3.9266487085628174,0.2532150103807688,1.650537317412719,0.0325051721971759,0.1900825648564453,17.420000504083106,0.2232113307628013,119.90226325500744,0.1872965814989907,0.0297296268695327,7,0.1386052339199158,0.2381632954202714,45.83481551200339,1,80
126,7.650023049266557,0.2293697860720397,2.2701055541862107,0.2168311233985895,0.0510848688148197,6.074371740358231,0.0527436025258812,106.98736725562983,0.3943000023878024,0.0045283566170423,7,0.3072058742109527,0.0753469175140639,14.005588109292766,2,71
127,2.700622944827736,0.2392562712996427,3.0514735453173016,0.062965328570659,0.1932750376607854,6.178729616594882,0.2930082244061561,99.59229262542274,0.2055774013116839,0.0094391619019779,12,0.1819218539581504,0.0509070182389055,223.58708155793408,2,66
128,3.1659686304647745,0.172068403944414,5.748462143590351,0.0430857801904015,0.1186527224129002,4.2339896491387154,0.0437444295873188,135.14552637225887,0.2298928994961342,0.0217549988606421,11,0.4104947273021542,0.059468649445411,95.29757804580292,2,90
129,5.57831622468087,0.0641359497265702,2.8923194891388144,0.1609502044619851,0.0796729023746851,14.330985575363282,0.2429367402960417,126.33770103971992,0.3486829984290968,0.0037230475271611,4,0.4186318035449743,0.3234045797242217,16.320854765939156,1,84
130,3.092270465089129,0.0929580613793298,2.425311666786629,0.0471832024969617,0.4017560868300075,17.796574693583473,0.063581252533666,122.5823939380253,0.1524328480220658,0.0265410349596992,10,0.19358590375547,0.3181011521566662,503.2812881741225,2,82
131,2.676133166846195,0.1056199495261308,3.4801139444048514,0.0314167001056534,0.03452489703175,7.47333690277653,0.2662979918814088,117.07382018464412,0.1797917773064233,0.0288882997322725,9,0.3849518333110787,0.1622893679358711,353.2571809311652,2,78
132,3.321831620645741,0.1989048395890255,7.096881064690203,0.0457291421257816,0.2342254248665846,4.545246808068543,0.0489222102011424,110.00250819713982,0.3013016736061881,0.0161292662617157,7,0.2618650889416196,0.1807654696636484,4.9963950856327095,1,73
133,7.894017787724983,0.1405529997542639,6.121964859659733,0.0715962622203361,0.2042765207421157,7.103522060718419,0.0686823464839495,97.8767969496721,0.1676138663755029,0.0082578498398075,9,0.2070027431087318,0.114537697852935,103.10506843729328,3,65
134,4.673637452933225,0.1919456938336918,3.700031434823296,0.0529107263822272,0.2297082668116823,11.329784401817744,0.2627456176196592,145.76486308573251,0.2368846803160991,0.0046960379640348,5,0.1893233834064547,0.0912312169884972,474.8189819434829,1,97
135,6.895314466167813,0.1179592575176603,2.7236559930206896,0.1488399978346418,0.5882514670678061,10.918186803324565,0.0617496424815766,141.83498913850983,0.2376454692826687,0.0046134053734849,12,0.3463135412960251,0.1764324979311631,734.9320836967634,1,95
136,2.986016678150777,0.085563369950924,4.187806420934305,0.1647692586862101,0.4953298140891738,6.337741000017201,0.0388130379586719,146.5972707009978,0.2075090201119828,0.010589027903099,10,0.0991144085913685,0.2124715135550685,17.81003112087561,3,98
137,2.9532963070546354,0.2120824842652751,5.559011423088855,0.0902816905854773,0.0065282758079146,7.290705059532345,0.0677671086428301,114.81332577674176,0.334143277370055,0.003291510048369,12,0.4159341225727149,0.1613035937151364,9.171436559996511,1,77
138,2.009734854239579,0.2326211913216899,3.762283121631413,0.0573105445587879,0.1481273884148042,9.198920490732707,0.0394666881643896,102.73321925392392,0.3822294854134905,0.0268540041984724,6,0.0694832909833539,0.2989344986948895,40.108952657066176,2,68
139,5.973604037206283,0.1818339654568614,3.160656178569045,0.158553269383924,0.2381214384004781,5.744571950969444,0.1410250227788287,112.2406121659037,0.3431449295036866,0.0032163570569842,11,0.4966904527578145,0.0816429085787651,162.6118005751926,3,75
140,6.54794935268755,0.2421451512017435,1.492365527537,0.0463565848509443,0.3464435367196171,4.8046182591812805,0.2064464748161837,133.16378616599133,0.3400412328399353,0.0136931660203757,6,0.4947599066081163,0.267782806232808,18.23357659592483,3,89
141,6.379168919552196,0.2793597484451124,4.025150521781463,0.0438916061088596,0.1415644136766386,12.23618340235061,0.0868360906225325,111.31844712459176,0.3836494345710281,0.0165114258149807,14,0.4735963620634996,0.0889255500751161,8.915356210216938,1,74
142,4.268448447414634,0.0730460707068315,1.8434872917754976,0.1736912368812145,0.0425445093301034,10.728039567230187,0.0496353152683359,113.81413925690823,0.4153130042347082,0.0038194155834674,15,0.3167780401986872,0.349246242675412,60.83826338681047,3,76
143,4.586299473642248,0.1978625214652667,1.4593568257014071,0.2067011824989256,0.4150666911923834,21.12666305903725,0.2105235676288439,128.07962707572133,0.349995424283807,0.0325381392634426,6,0.1312238526718816,0.1221030695311419,239.6954350653037,3,85
144,2.477457517276946,0.1712025340988123,6.529071947618268,0.1378454814048202,0.593142735568485,12.063852725731904,0.2887793253290814,114.13291192899962,0.1811351784445259,0.0208172630291252,6,0.4797699525553338,0.3062926609416642,41.05425528017757,2,76
145,5.764361430620002,0.2697394731970724,6.72313864319011,0.1516553572067704,0.5014099971085992,9.34922597539362,0.0400227716853233,96.69672434648196,0.4491658531617476,0.0067742092986348,14,0.2588374938004731,0.2230565187893946,190.33260225742816,2,64
146,5.181523083538879,0.2664715280897793,1.3207020969174543,0.0848065450195864,0.4373217654914733,6.602269360222532,0.0320633867536452,92.93005091331165,0.3264585772074913,0.0031617565634389,11,0.3440127139847408,0.353631586190557,5.53267868076621,2,62
147,7.041016682345638,0.1571488648828545,6.073411122670644,0.0691698002906612,0.2998164080330754,8.268852828865233,0.1249006193048101,134.92914400635365,0.3070301387980763,0.0410997111551199,5,0.0639001666221791,0.3093716639522031,7.590787408718733,3,90
148,4.7700332376752455,0.1439854984404979,2.670789771935074,0.1228750103649019,0.1287721320841146,23.310978922951133,0.0378450561561079,147.98250470464035,0.4242334179272434,0.006444279049712,8,0.1019018276421232,0.2584487113080062,17.60816342687314,2,99
149,3.876697857644865,0.0600177298619153,5.369685604293597,0.0307474681884143,0.5781216917417615,5.227108712593019,0.0367146254138155,122.3180414766628,0.3238920852040641,0.0179161231940425,8,0.2598780575657213,0.2735901193335542,262.5199443268733,2,82
150,4.023750869581933,0.0873867392499054,2.376886704060388,0.2973472085789797,0.2546752022215942,6.884320005880884,0.1518142485584008,117.33067975587204,0.3878958483778562,0.0143089408697883,11,0.4671487392933708,0.3684470700903336,119.6181008058293,1,78
151,3.0766087153645607,0.2814342303519021,1.0195452518220278,0.1150875894750598,0.5455173206354684,11.410458905798473,0.0704127735556221,107.68537766712863,0.1648995622676325,0.0310416122624215,11,0.2864187618415122,0.1101869639321246,275.78496096234574,2,72
152,2.5212120630990467,0.2569279490423287,1.3015062306410206,0.0592754791284583,0.3165487165047764,20.119121390626457,0.1615883719019917,126.86336812915395,0.3777461900148207,0.0049317538618885,10,0.4472985830320959,0.1306258913571462,55.2617882328015,2,85
153,3.779087288449358,0.2171813390307628,1.3686418559563285,0.0388056977799748,0.4174322377533238,8.847227818743319,0.2856732479658418,105.19134925560874,0.1546368764485706,0.0172391332677987,8,0.0829882872399595,0.2448181758342372,74.00641848841732,3,70
154,5.867263948572616,0.0689411823561299,7.667211880564824,0.1938160138353416,0.3943751831493882,4.91291364036597,0.0625275448791024,127.47171502262628,0.1576732401000329,0.0051810494695375,15,0.1906413879203012,0.1266624358721639,38.58511645314715,2,85
155,6.728947502055274,0.1210810015531118,5.146955348145619,0.0401369556907676,0.2155162548730536,15.184624386182549,0.2032823905629483,117.61700773714873,0.1569079119962194,0.0030360585469911,14,0.3780936073642841,0.2038767099771868,4.582774709925031,3,78
156,4.281992212549312,0.1543015189032188,7.430671857988319,0.0357614477967074,0.3905554047262123,18.202826383432768,0.0341691297571444,102.43434229743228,0.3055685385125285,0.0252469586592022,15,0.4638748456274775,0.1907791417627025,111.87564395336616,1,68
157,2.092834058474016,0.0591495080925679,1.3439609918656357,0.1781950423079853,0.2333890605250559,13.64297707710405,0.0739735327045463,104.72184991937952,0.2493983950176057,0.0380663935351464,9,0.2471450894309563,0.2328460589557976,5.193487469185203,3,70
158,4.382182847047077,0.2216686418546063,1.2379343546654216,0.0519014776883724,0.4987685781040968,8.732825780696224,0.1325769113696681,122.0386249262699,0.2436900070713249,0.0031140671422305,4,0.2775532690735114,0.0517910541434144,15.686431170749945,2,81
159,6.043109846853384,0.0881838987802703,1.0359938294721878,0.1867185029919308,0.4835639847296557,20.47385415544725,0.0859391620354495,135.95577567421873,0.3352246028137821,0.0086212247198729,15,0.3862838470412192,0.1868892661818507,9.704265252687106,2,91
160,5.95926688437674,0.2676579218467497,3.711212675349689,0.0954503100718413,0.531531326064141,16.35817145209023,0.0544780018094732,129.13671408009762,0.1504276444482079,0.012228481314748,13,0.4344634758726775,0.3666740525415088,114.7876841391586,1,86
161,5.536516524819266,0.1929972273160948,1.5723960246897228,0.0578808288459759,0.0601769953041371,8.900790533387395,0.0384971114065015,90.3113729278714,0.1997907742993415,0.004338586960829,14,0.4549101087569161,0.2512069960770153,374.0236426601032,2,60
162,2.3166739037631934,0.0809394182802204,1.4740178831425164,0.0879652039624908,0.5133934414721166,7.886388103533166,0.2087223792402126,107.91761654729092,0.2999748036179928,0.0068598008260887,12,0.1503118618320867,0.2516436829457736,4.468897083723354,2,72
163,5.545250598628017,0.1877636639714153,3.3900905958914027,0.0336235079874759,0.466843988168515,5.431015632710713,0.2202991649570312,143.45939513023092,0.3223916410332372,0.0396331456890196,16,0.2100482395435743,0.262316936923375,269.1719557547988,1,96
164,7.872412738264801,0.1827349182071109,1.6854822942154506,0.1095355501984981,0.556451038039484,19.193067507935087,0.0483899606292413,145.0787201260314,0.2691539889657754,0.0225278871747365,6,0.2195953097898952,0.2838846506965716,14.6183622407402,1,97
165,3.803759503004867,0.2356407541420918,6.386082319766349,0.0604608910109526,0.0184368912788667,22.40135694175141,0.1478486709093829,113.14122261029678,0.2632468669449724,0.045961982032192,11,0.2345745499039965,0.1205226860274092,21.746908687557813,2,75
166,5.466830249451952,0.2551737412665768,2.4510080734005704,0.0683560411722801,0.4138841876102371,7.673546640142485,0.0430183708038298,138.05659648023584,0.4344666205395902,0.0037996717289357,4,0.2972098130540908,0.3888535083943953,518.8361165750458,2,92
167,5.271682677007188,0.1786262551836024,7.358390127436363,0.0405555884414095,0.4498989800029184,17.30250160698927,0.0610843505521103,130.59381714853978,0.3856162522832286,0.031516640689363,12,0.2264786863730226,0.0659287169606513,27.33323016092013,3,87
168,4.36450332683849,0.2489943065430372,1.581427771972168,0.0987970219090147,0.4239250235318502,13.27562156087258,0.0506728058772826,134.19852911141766,0.2053918949375589,0.0093469899063968,5,0.4924104354746837,0.2088271724412905,17.101377948752102,2,89
169,7.332381310093862,0.2264777334060116,3.0040281193862035,0.0566888215585777,0.3356263404119037,17.94443636957781,0.0428283727680923,109.35110697587916,0.1935372537883667,0.0333596474043103,15,0.4497908208890037,0.1425334300805112,175.44784272673763,2,73
170,4.05657633819037,0.1559157522123772,2.149207818913932,0.0434995142722001,0.3445376995875961,4.918621386080352,0.2361157418254355,129.7593216602898,0.3361459846822229,0.0083074913796238,12,0.0792279379646452,0.1332972964060206,11.852796936863314,1,87
171,2.81047642552814,0.0837994102115245,5.478013262497245,0.0426172745470568,0.3786737793297204,11.673004533829353,0.1117596248236981,91.88103054148256,0.4229083500214289,0.0113734001525054,13,0.2686170274393337,0.1164579068607718,167.8268707756726,2,61
172,5.622644002211148,0.1156565463825334,2.4012700377625587,0.0468802717957953,0.0416415694796389,5.247161498239869,0.1825455009430962,109.61477931403138,0.2284936435274462,0.0258840104139865,4,0.1527407388967415,0.1068147235982919,19.13814991231145,3,73
173,3.660226583753107,0.1073388608350125,6.801996743688838,0.2178528957942529,0.464265511108464,4.845857364144169,0.1693100603149176,102.19067780464248,0.4261574545116807,0.0125568131141876,11,0.0604708994169451,0.2273467869591981,385.5583982222852,2,68
174,7.520167855464002,0.1261236392739818,4.73668080802859,0.1725056192485756,0.3529478283755932,8.960965963151544,0.1539052327207566,120.04687580823548,0.3644821034374336,0.0404863168672224,11,0.0678447740012612,0.1043766990837935,6.349858193131376,1,80
175,2.267002489746395,0.1684344253342514,6.677895865103543,0.0669616253979371,0.5275129599496889,13.357683507390105,0.1024364429687987,95.52184221426894,0.1981623563767447,0.0050346995973777,10,0.3662233001720938,0.2199406411847383,3.683016231466435,2,64
176,2.057450670651196,0.2195453046224783,3.171854976133154,0.0919160160052867,0.0887566039092645,23.082786155643195,0.2474753654742605,110.49380931605988,0.2703531747939012,0.005717522957575,10,0.3471139659603809,0.2924240806974052,104.81030952944664,2,74
177,7.186686102074333,0.0958768860707323,5.214717698742413,0.2799775849285402,0.0454241823709126,19.91444848787551,0.0340358726007667,133.57816129705708,0.2656706783494075,0.0200713284297689,9,0.3504830387986294,0.1247689321737515,29.33429694420383,2,89
178,7.70679589820942,0.2067619886993304,4.249084850964052,0.0413052437039705,0.4399824707269834,8.57018990683818,0.165612680883556,128.22196694467323,0.1657129618235138,0.0095257468679772,11,0.4579988375177947,0.3495345518877079,10.24746679671341,2,85
179,3.213415080753045,0.1871965528083227,1.3590166208167933,0.204092982633696,0.3408459433529541,9.468288830496558,0.1859499668733286,137.1948162607357,0.1542059581046641,0.0163501047974777,14,0.3536898394224725,0.2097179379063321,651.7743195249499,1,91
180,2.4452562519540244,0.0716461295167765,2.242428543815384,0.0331487799190111,0.3704895108215961,18.807280862774103,0.1001498303599702,118.58189574628548,0.4383366540862909,0.0273704352289161,4,0.3099447380452468,0.164020177140642,6.865076211203444,2,79
181,6.964389468333163,0.2212021811468472,1.6339351831004123,0.0737185244994449,0.1825224166736666,21.53678967487272,0.2936242159303482,95.33728540983849,0.4306847358661168,0.01205054243675,13,0.3341024976249065,0.2897786554604308,30.53288914701116,2,64
182,6.802100595954958,0.2770565808647759,5.67872431794861,0.0555263055363851,0.0500524697128354,6.218659699085762,0.1043827834297959,122.78889059943884,0.2461568645409797,0.041816871923097,15,0.3237838593164332,0.2879742318524164,42.647136409915255,1,82
183,2.337431144660227,0.1728434729066381,1.89272484648293,0.0420263694624872,0.1576205627766623,14.566405102462422,0.1163162801306982,131.7190240462028,0.404267252140374,0.0087463803821162,15,0.360963925922055,0.2365239752436813,420.0629482367758,3,88
184,7.980748856469255,0.1600572935376247,1.1484352063822083,0.0959864748584904,0.550859193133593,5.415544498006643,0.183111723948041,90.7655559527609,0.2747173499653892,0.0236298743049915,13,0.2855716480470571,0.1440680870662239,28.853966593915573,2,61
185,6.867444247877551,0.0817513959977602,1.667654282350146,0.1920719892038269,0.3967149902446462,9.951839210851812,0.0439087031639269,108.90391673957063,0.374798304040036,0.0232325843240198,4,0.4381399495491291,0.1958342544910563,3.397423551860267,2,73
186,2.151394645249378,0.0584838202866686,1.738571211743207,0.1021962961334463,0.332248547528523,4.628981595963139,0.0764160194688834,124.21220788448258,0.3571898482144166,0.0492922766252086,13,0.0551053566226586,0.0700637179688883,34.3662632514723,2,83
187,3.31609444840348,0.2886057813334493,6.342593228031801,0.0790348594429908,0.2899126197618482,5.559151000242559,0.2302000008336699,94.48540853636194,0.3795963315161907,0.0223294791773411,16,0.162650366693839,0.1701000172193468,9.482643894950996,2,63
188,7.609965395337931,0.2245376804470008,1.7739887307843492,0.2547933000482797,0.1232264977588674,18.56572246582707,0.0824170330028983,139.84027743793814,0.3303183132868459,0.0155307332448419,13,0.2326497654364777,0.0536884982308985,98.26045215750088,1,93
189,4.90342800573146,0.1794642191318697,1.1725962322216,0.1573003728870509,0.0109170376395812,19.37197849955389,0.0325157946191385,121.6895495486232,0.1710000628702829,0.021100286096832,10,0.1291887186400744,0.2650249202641156,8.508386475833872,1,81
190,5.178707820397781,0.2962750868828672,1.2238266016224444,0.0537899279503999,0.0853378125045192,4.489260944278481,0.1007401686265349,124.54570107972415,0.4066287712348316,0.0072564024770325,14,0.1159807620846079,0.2242748245851151,141.99087831585945,2,83
191,3.039536327477431,0.2034871160764486,5.025657397751762,0.2427969645474547,0.5388437192182819,8.25285757054471,0.0555674179374691,115.02689253321132,0.4350691529679595,0.0079196246192732,11,0.3204131242232587,0.3855283612292176,23.72011353277584,2,77
192,6.332842045095707,0.0994487115796372,1.283341417827443,0.1992298702739151,0.2204393133856817,4.7192564555222445,0.0452660355839116,143.01385782246143,0.2429038812808776,0.0099622315073662,13,0.0961967113596954,0.2492672398650861,51.026098103118414,2,95
193,7.697710523454481,0.102846663007813,2.646913720544121,0.0824445617826431,0.1093135149245051,10.398495316933433,0.1227317388981886,101.84882455677756,0.2800476740004594,0.0147751684915344,4,0.1350052374865137,0.2048264006408454,307.21812060121283,2,68
194,2.557160388315226,0.1887907050593829,6.44822211038375,0.269066816763731,0.3129007291056738,18.9061175214189,0.0812716944538541,146.1598191370186,0.443179262670816,0.0059639430996595,15,0.409751874992169,0.308270325641752,72.64275144686808,2,97
195,3.9947478920951847,0.1292159263420096,1.141081289557121,0.0450644907204703,0.5615378465306532,17.000428773371084,0.0587083194398451,147.62948894877832,0.3791969410975915,0.0041329750145731,11,0.2540615672938288,0.1516772326728525,25.574887648687792,1,98
196,3.5498292387605206,0.2408111564878259,1.200331628173435,0.1752039955269738,0.1337357690854428,12.28446001225452,0.0922085993894511,104.32271145425813,0.2943631709323154,0.0079134192399971,15,0.4555599119192606,0.3904122215090909,26.085835642543763,2,70
197,5.038180147668645,0.1130807398645291,1.0509312006763092,0.1268384610797107,0.1383096135691042,17.696899344177798,0.0349201536590452,119.42931874738082,0.2230222575070302,0.0053695801862748,8,0.4990672704359468,0.1004938542676752,10.976344097950722,3,80
198,4.738658298145483,0.2261048466027713,5.112607188875166,0.0376988751828665,0.4901932782492407,9.803235897906411,0.0876412434391911,131.38256471145542,0.1847041053925986,0.0044854402676053,13,0.1182018200628486,0.155001598700585,994.337043107674,2,88
199,7.344229008071958,0.2575091643183612,4.32623633146066,0.2665321002717168,0.2956818893481012,19.1475827202852,0.2187022557099442,100.66309111530616,0.1966191242220268,0.0048655395832968,9,0.0705841461100131,0.3227590006990847,81.70028629030911,2,67
