point,alpha,rep,base_seed,N_max,t_peak,extinct,censored,t_ext,t_end,T,N_final,collapse_duration,S_min,t_S_min,S_min_nb,S_at_peak,S_final,t_S_below_0.5,t_S_below_0.2,max_aff,max_mean_aff,max_occ,total_births,total_deaths,min_N_after_peak,n_regrowths,exploded,wall_time_s
0,1.4,0,2026,5804,34,True,False,105.0,105,2000,0,71.0,0.003453996983408748,56,0.0,0.06664541695382495,0.35000000000000014,21.0,28.0,704412,0.7378254716605054,163,5776,6176,0,0,False,3.203400444000181
0,1.4,1,2026,5759,33,False,True,,2000,2000,1037,,0.004997197309417041,57,0.004997197309417041,0.06311165132835563,0.2890549662487947,21.0,28.0,745295,0.8278668790133104,204,77038,76401,50,8,False,10.247245454999984
0,1.4,2,2026,5555,34,False,True,,2000,2000,2238,,0.023023208050934493,49,0.023023208050934493,0.07917191719171919,0.2560991957104558,22.0,28.0,687701,0.7824578018347121,186,92203,90365,495,9,False,11.22049172900006
0,1.4,3,2026,5712,33,False,True,,2000,2000,1318,,0.013166911404796866,54,0.013166911404796866,0.06991946778711484,0.360690440060698,21.0,27.0,749198,0.838185805307966,212,76192,75274,125,8,False,10.832464880000089
0,1.4,4,2026,5654,35,True,False,110.0,110,2000,0,75.0,0.005332927941623594,58,0.0,0.06655642023346305,0.4200000000000002,20.0,27.0,649402,0.747530225265889,179,5566,5966,0,0,False,1.2273901440000827
0,1.4,5,2026,5556,37,True,False,136.0,136,2000,0,99.0,0.022272727272727274,52,0.0,0.0760385169186465,0.20000000000000004,20.0,28.0,664647,0.9700408838521006,184,5969,6369,0,0,False,0.9896374200000082
0,1.4,6,2026,5268,35,True,False,137.0,137,2000,0,102.0,0.01793581327498176,61,0.0,0.06586180713743356,0.6300000000000003,21.0,28.0,594129,0.8025235642251197,173,5339,5739,0,0,False,0.6020533159999104
0,1.4,7,2026,5201,35,False,True,,2000,2000,1030,,0.021364503816793893,64,0.021364503816793893,0.08153047490867142,0.25618446601941747,20.0,27.0,592077,0.8038446726352616,181,80723,80093,216,6,False,7.0345112399998015
0,1.4,8,2026,5820,33,True,False,192.0,192,2000,0,159.0,0.009162868793475654,54,0.0,0.06586254295532647,0.12999999999999998,21.0,27.0,765622,0.9482188082178306,160,6121,6521,0,1,False,0.7481906340001387
0,1.4,9,2026,5557,36,True,False,107.0,107,2000,0,71.0,0.0052477565353101835,62,0.0,0.08404714774158718,0.3000000000000001,20.0,27.0,719847,0.8374693304459581,197,5578,5978,0,0,False,0.7299673679999614
0,1.4,10,2026,5591,32,True,False,140.0,140,2000,0,108.0,0.02049462365591398,67,0.0,0.07861205508853515,0.16,21.0,27.0,715007,0.9260053225500474,201,6034,6434,0,0,False,0.7505657230001361
0,1.4,11,2026,5774,34,False,True,,2000,2000,2037,,0.011992093125411819,52,0.011992093125411819,0.08886733633529616,0.15524300441826216,20.0,28.0,744958,0.8039907079574272,187,84868,83231,205,9,False,7.367398856000136
0,1.4,12,2026,5789,36,False,True,,2000,2000,2801,,0.010956306677658699,64,0.010956306677658699,0.0631490758334773,0.2758657622277758,22.0,29.0,729646,0.819944067334366,164,81152,78751,56,8,False,7.283814153000094
0,1.4,13,2026,5448,40,False,True,,2000,2000,2499,,0.013943407585791694,60,0.013943407585791694,0.07297723935389135,0.1316326530612245,21.0,29.0,639355,0.8343089628860997,193,80631,78532,47,8,False,7.038202971999908
0,1.4,14,2026,5350,34,False,True,,2000,2000,2172,,0.015700141442715698,61,0.015700141442715698,0.07774018691588784,0.43101749539594847,21.0,28.0,624577,0.7788127923246968,184,80782,79010,88,8,False,6.9352781480001795
0,1.4,15,2026,5727,37,True,False,108.0,108,2000,0,71.0,0.005795187793427231,59,0.0,0.08265933298411035,0.12999999999999998,20.0,26.0,666468,0.7871030430168223,175,5914,6314,0,0,False,0.6306804129999364
0,1.4,16,2026,5341,35,True,False,149.0,149,2000,0,114.0,0.01118792866941015,56,0.0,0.08454596517506086,0.24000000000000007,21.0,27.0,610799,0.9428526096897217,150,5451,5851,0,0,False,0.6028876769998988
0,1.4,17,2026,5140,35,True,False,113.0,113,2000,0,78.0,0.008067831449126414,63,0.0,0.06223735408560312,0.4000000000000002,20.0,26.0,594574,0.7839108589672324,204,5059,5459,0,0,False,0.5735106380000161
0,1.4,18,2026,5623,35,False,True,,2000,2000,2189,,0.020783068783068785,62,0.020783068783068785,0.0736759736795305,0.23342622201918686,21.0,28.0,689877,0.7756520857346794,210,81988,80199,24,8,False,8.67157733099998
0,1.4,19,2026,5450,34,True,False,118.0,118,2000,0,84.0,0.008964817320703655,60,0.0,0.07933394495412845,0.25000000000000006,20.0,27.0,643876,0.9104120285327554,156,5531,5931,0,0,False,0.6119950719998997
0,1.4,20,2026,5567,37,False,True,,2000,2000,2629,,0.016447290053603333,59,0.016447290053603333,0.07362493263876416,0.13375808292126282,21.0,29.0,688049,0.8074462616047601,204,83270,81041,318,8,False,8.569228032000183
0,1.4,21,2026,5841,32,True,False,114.0,114,2000,0,82.0,0.006144183506280722,57,0.0,0.07074987159732923,0.38000000000000017,21.0,28.0,809983,0.917419844797153,227,5795,6195,0,0,False,0.7149213779998718
0,1.4,22,2026,5927,34,True,False,149.0,149,2000,0,115.0,0.015799957618139435,52,0.0,0.06175130757550195,0.5100000000000002,22.0,26.0,783565,0.7459934454803926,153,6145,6545,0,0,False,0.7435252010000113
0,1.4,23,2026,5311,35,True,False,109.0,109,2000,0,74.0,0.004404894327030034,55,0.0,0.08541894181886651,0.38000000000000017,20.0,26.0,653645,0.7776631668332012,171,5264,5664,0,0,False,0.5923501930001294
0,1.4,24,2026,5664,37,True,False,956.0,956,2000,0,919.0,0.007714285714285716,63,0.0,0.07590748587570621,0.25000000000000006,21.0,29.0,708352,0.7975126589918127,215,36234,36634,0,3,False,3.9392795669998577
0,1.4,25,2026,5244,38,True,False,778.0,778,2000,0,740.0,0.0242722305017387,54,0.0,0.0814168573607933,0.49000000000000027,20.0,29.0,566903,0.77346894582633,168,27573,27973,0,2,False,3.0034029270000246
0,1.4,26,2026,5611,35,True,False,167.0,167,2000,0,132.0,0.011224146224146228,54,0.0,0.06005524861878452,1.0,21.0,28.0,672097,0.862545918525174,182,5724,6124,0,0,False,0.9285182070000246
0,1.4,27,2026,5419,34,True,False,143.0,143,2000,0,109.0,0.008967334035827187,55,0.0,0.10949068093744233,0.7300000000000004,20.0,27.0,628562,0.7999926560307064,190,5420,5820,0,0,False,0.8198387079999065
0,1.4,28,2026,5483,39,False,True,,2000,2000,1538,,0.015549374130737134,58,0.015549374130737134,0.07006200984862301,0.19964239271781536,20.0,31.0,651370,0.8259908201141739,214,83796,82658,278,8,False,8.31992824100007
0,1.4,29,2026,5419,32,False,True,,2000,2000,2656,,0.021079192546583855,61,0.021079192546583855,0.07485698468352095,0.1415926204819277,20.0,27.0,656942,0.8152316948902173,182,84481,82225,293,11,False,8.473426969999991
0,1.4,30,2026,5550,36,True,False,114.0,114,2000,0,78.0,0.009957761351636746,65,0.0,0.05925225225225226,0.3900000000000002,20.0,27.0,690954,0.7490508448089743,155,5574,5974,0,0,False,0.6676179910000428
0,1.4,31,2026,5712,34,True,False,110.0,110,2000,0,76.0,0.0075900042354934355,63,0.0,0.07724789915966386,0.3900000000000002,20.0,28.0,733079,0.860395872027501,161,5718,6118,0,0,False,0.7086278119998042
0,1.4,32,2026,5941,35,False,True,,2000,2000,2243,,0.016946876824284883,48,0.016946876824284883,0.07123211580541997,0.14072670530539458,20.0,28.0,787674,0.8311201567729607,253,86103,84260,117,9,False,8.550507830000015
0,1.4,33,2026,5647,36,False,True,,2000,2000,2264,,0.007827321783584208,57,0.007827321783584208,0.06534443067115284,0.1245185512367491,20.0,27.0,710465,0.7451794143898033,216,89298,87434,170,9,False,8.267185601999927
0,1.4,34,2026,4891,35,True,False,811.0,811,2000,0,776.0,0.04700152207001523,754,0.0,0.07554487834798611,0.7100000000000004,20.0,27.0,537610,0.7739856401684496,151,33734,34134,0,2,False,3.304816732999825
0,1.4,35,2026,5404,37,False,True,,2000,2000,1135,,0.015256699223641373,54,0.015256699223641373,0.09500555144337527,0.16355066079295155,20.0,29.0,629807,0.8281917684123256,202,81147,80412,224,9,False,8.147136566999961
0,1.4,36,2026,5259,35,False,True,,2000,2000,1291,,0.01430123099203476,52,0.01430123099203476,0.07775622741966154,0.3186212238574749,22.0,29.0,570828,0.7810027142828199,160,84794,83903,444,8,False,8.005898724999952
0,1.4,37,2026,5812,36,False,True,,2000,2000,2177,,0.01019690927218345,57,0.01019690927218345,0.0706228492773572,0.23377124483233808,22.0,30.0,747308,0.883769073287004,222,79640,77863,100,7,False,7.9171876100001555
0,1.4,38,2026,5257,34,False,True,,2000,2000,2289,,0.013717948717948717,58,0.013717948717948717,0.0887159977173293,0.12201834862385322,21.0,29.0,638764,0.761164931375648,194,87594,85705,220,11,False,8.402035089000037
0,1.4,39,2026,4966,34,False,True,,2000,2000,1341,,0.026837513631406764,55,0.026837513631406764,0.09499597261377365,0.1961819537658464,21.0,28.0,597124,0.9004452005472106,175,77890,76949,89,7,False,7.156628761999855
0,1.4,40,2026,5517,37,False,True,,2000,2000,1640,,0.017005943536404163,55,0.017005943536404163,0.07569693674098243,0.2485548780487805,20.0,29.0,640401,0.7973397334344349,177,71352,70112,28,5,False,6.487193343999934
0,1.4,41,2026,5594,34,False,True,,2000,2000,2438,,0.010734312416555408,56,0.010734312416555408,0.06547372184483374,0.169253486464315,21.0,26.0,687175,0.7943162948715838,193,81240,79202,126,9,False,7.046098929999971
0,1.4,42,2026,5272,38,False,True,,2000,2000,2616,,0.035460390355912745,52,0.035460390355912745,0.09697458270106221,0.22069571865443427,20.0,25.0,678272,0.7992437547380625,214,81150,78934,338,9,False,7.677451734999977
0,1.4,43,2026,5168,31,False,True,,2000,2000,1102,,0.019070932922127994,61,0.019070932922127994,0.10864938080495358,0.2572504537205082,21.0,27.0,599346,0.8428798839332451,198,79198,78496,41,7,False,6.988767980000148
0,1.4,44,2026,5428,38,True,False,161.0,161,2000,0,123.0,0.011722972972972973,59,0.0,0.08532424465733236,0.7400000000000004,20.0,28.0,621270,0.7252520990258889,135,5602,6002,0,0,False,0.6565474680000989
0,1.4,45,2026,5377,38,False,True,,2000,2000,535,,0.023583224684919604,49,0.023583224684919604,0.08312999814022688,0.3388224299065421,20.0,27.0,583669,0.8416456086410571,214,85677,85542,302,6,False,8.430543944999954
0,1.4,46,2026,5572,36,True,False,96.0,96,2000,0,60.0,0.004562130177514794,57,0.0,0.06819992821249103,0.21000000000000005,21.0,28.0,717885,0.8592037307372992,168,5475,5875,0,0,False,0.6911987769999541
0,1.4,47,2026,5559,36,True,False,132.0,132,2000,0,96.0,0.005894736842105264,65,0.0,0.0805990286022666,0.6000000000000003,21.0,29.0,703998,0.9028912135278316,144,5527,5927,0,0,False,0.6824553440001182
0,1.4,48,2026,5743,36,True,False,121.0,121,2000,0,85.0,0.00792836792836793,65,0.0,0.08527772940971617,0.12999999999999998,22.0,29.0,725325,0.9995071090341556,237,5818,6218,0,0,False,0.8416888270000982
0,1.4,49,2026,5469,33,True,False,123.0,123,2000,0,90.0,0.006014030612244899,58,0.0,0.06631376851343938,0.45000000000000023,21.0,27.0,678683,0.7718515510440129,155,5330,5730,0,0,False,0.6530978040000264
0,1.4,50,2026,4702,37,False,True,,2000,2000,1417,,0.025582858855259218,55,0.025582858855259218,0.07252871118672906,0.23165137614678902,20.0,28.0,510725,0.791462697133893,201,79204,78187,178,7,False,8.721129665000035
0,1.4,51,2026,5783,35,True,False,116.0,116,2000,0,81.0,0.007610594533671458,57,0.0,0.048841431782811695,1.0,21.0,27.0,732958,0.7377923404930826,163,5694,6094,0,0,False,0.6748746860000665
0,1.4,52,2026,5400,33,False,True,,2000,2000,1419,,0.024967072440630615,44,0.024967072440630615,0.08137592592592592,0.21570824524312898,21.0,29.0,681408,0.8064241221735421,231,81082,80063,295,5,False,10.456378212000118
0,1.4,53,2026,5416,33,True,False,106.0,106,2000,0,73.0,0.00813225371120108,55,0.0,0.07326255539143281,0.3000000000000001,22.0,28.0,661605,0.7466784452860947,141,5303,5703,0,0,False,0.9067724269998507
0,1.4,54,2026,5979,31,True,False,158.0,158,2000,0,127.0,0.008585607940446651,53,0.0,0.07410102023749791,0.7800000000000005,21.0,27.0,816596,0.9773375433738629,152,5911,6311,0,0,False,0.931185615000004
0,1.4,55,2026,5487,37,False,True,,2000,2000,1439,,0.007150767681852506,55,0.007150767681852506,0.0865008201202843,0.17055594162612928,21.0,29.0,629982,0.7754872693619436,186,84010,82971,23,6,False,9.24197067099999
0,1.4,56,2026,5664,36,False,True,,2000,2000,1872,,0.013630289532293989,55,0.013630289532293989,0.05880473163841808,0.30272435897435895,21.0,28.0,726666,0.8439926735628246,217,71833,70361,129,7,False,8.874397687000055
0,1.4,57,2026,5782,35,True,False,103.0,103,2000,0,68.0,0.005689133425034389,58,0.0,0.0779072985126254,0.2700000000000001,22.0,29.0,713454,0.7813803318026302,148,5735,6135,0,0,False,1.1299600469999405
0,1.4,58,2026,5629,32,False,True,,2000,2000,1042,,0.010340736233647703,59,0.010340736233647703,0.10465091490495648,0.26573896353166987,21.0,28.0,694783,0.7713080049775191,174,87275,86633,51,7,False,8.984789729000113
0,1.4,59,2026,5421,36,True,False,146.0,146,2000,0,110.0,0.03240407204385279,44,0.0,0.0748201438848921,0.38000000000000017,20.0,27.0,647283,0.879517121274556,161,5923,6323,0,0,False,0.9734489719999146
0,1.4,60,2026,5428,34,False,True,,2000,2000,642,,0.008257681564245811,60,0.008257681564245811,0.0766783345615328,0.4418535825545172,21.0,27.0,657012,0.8420809529660345,256,75462,75220,60,7,False,7.746739097000045
0,1.4,61,2026,5354,38,True,False,1106.0,1106,2000,0,1068.0,0.026618802492549453,57,0.0,0.08629435935748972,0.165,20.0,27.0,633044,0.927855347814368,202,37067,37467,0,3,False,3.8811815260000913
0,1.4,62,2026,6159,34,True,False,160.0,160,2000,0,126.0,0.012640892479322947,50,0.0,0.0723591492125345,0.6600000000000004,22.0,28.0,802272,0.9693306428145951,159,6255,6655,0,0,False,0.7514213289998679
0,1.4,63,2026,5925,34,True,False,132.0,132,2000,0,98.0,0.008589243959469993,58,0.0,0.08433586497890296,0.5600000000000003,21.0,29.0,771668,0.9703801918795941,201,6069,6469,0,0,False,0.7353447220000362
0,1.4,64,2026,5417,35,True,False,132.0,132,2000,0,97.0,0.012776371308016881,48,0.0,0.06724755399667713,0.25000000000000006,21.0,28.0,645247,0.7918602721470579,167,5510,5910,0,0,False,0.6227937579999434
0,1.4,65,2026,5401,35,True,False,137.0,137,2000,0,102.0,0.012471466198419668,63,0.0,0.06458803925199037,1.0,21.0,27.0,658191,0.781473801516381,153,5452,5852,0,0,False,0.6666613400000188
0,1.4,66,2026,5622,37,False,True,,2000,2000,608,,0.018698545723440967,56,0.018698545723440967,0.08056741373176807,0.14606907894736845,21.0,28.0,692272,0.7685119368013931,280,86283,86075,320,9,False,7.872584554000014
0,1.4,67,2026,5846,33,False,True,,2000,2000,1319,,0.006088370832203851,57,0.006088370832203851,0.07322955867259665,0.23578468536770286,22.0,27.0,739911,0.7577987741303167,163,88144,87225,121,7,False,8.525064602999919
0,1.4,68,2026,5338,36,False,True,,2000,2000,2544,,0.007726459004654494,62,0.007726459004654494,0.09042899962532785,0.24906053459119498,21.0,30.0,616649,0.8676490399214407,198,75371,73227,46,9,False,6.706740429999854
0,1.4,69,2026,5666,36,True,False,119.0,119,2000,0,83.0,0.005475527258257064,64,0.0,0.09217437345570069,0.3900000000000002,20.0,28.0,693362,0.9793480643423211,177,5899,6299,0,0,False,0.775681337999913
0,1.4,70,2026,5512,34,True,False,167.0,167,2000,0,133.0,0.016238729068269644,51,0.0,0.10581821480406385,0.5500000000000003,21.0,29.0,667657,0.8581441160187087,169,5815,6215,0,0,False,0.7367839380001442
0,1.4,71,2026,5372,35,True,False,163.0,163,2000,0,128.0,0.015256380238819948,51,0.0,0.09391102010424424,1.0,20.0,30.0,636036,0.7542477190740047,176,5427,5827,0,0,False,0.6676308920000338
0,1.4,72,2026,5683,32,True,False,101.0,101,2000,0,69.0,0.004819124715406021,54,0.0,0.0699630476860813,0.20000000000000004,20.0,26.0,751131,0.8994841408596553,160,5636,6036,0,0,False,0.7790841700000328
0,1.4,73,2026,5690,38,True,False,103.0,103,2000,0,65.0,0.004010275007555153,60,0.0,0.09008084358523727,0.2900000000000001,21.0,30.0,658399,0.8356794650054535,174,5712,6112,0,0,False,0.7035882269999547
0,1.4,74,2026,5372,32,True,False,1888.0,1888,2000,0,1856.0,0.026260869565217386,1859,0.0,0.08541511541325392,0.17,21.0,27.0,661660,0.8152327375281118,246,67265,67665,0,9,False,6.410121167999932
0,1.4,75,2026,5569,36,False,True,,2000,2000,1983,,0.0217860576923077,54,0.0217860576923077,0.07408511402406177,0.26296520423600606,21.0,27.0,728562,0.7490760658870204,269,86339,84756,199,7,False,7.815261388999943
0,1.4,76,2026,5509,34,False,True,,2000,2000,1917,,0.009966814159292035,57,0.009966814159292035,0.08166091849700491,0.2705633802816902,22.0,28.0,665424,0.8000215846543799,186,83101,81584,26,8,False,7.4275402400000985
0,1.4,77,2026,5583,37,False,True,,2000,2000,1899,,0.01671058410188845,52,0.01671058410188845,0.07220849005910801,0.2084623486045287,21.0,28.0,704077,0.7848108188187543,205,87449,85950,496,8,False,8.302043598000182
0,1.4,78,2026,5496,39,True,False,116.0,116,2000,0,77.0,0.009218870843000774,64,0.0,0.07522743813682678,0.16,20.0,29.0,651495,0.8118493499514393,155,5881,6281,0,0,False,0.7422262000000046
0,1.4,79,2026,5585,37,True,False,113.0,113,2000,0,76.0,0.010965829846582986,62,0.0,0.06875738585496867,0.13999999999999999,22.0,29.0,710077,0.9853942643627325,293,5607,6007,0,0,False,0.8288082779999968
0,1.4,80,2026,5450,36,True,False,106.0,106,2000,0,70.0,0.00873183139534884,61,0.0,0.07254311926605506,0.20000000000000004,20.0,27.0,648861,0.7575104802627292,139,5657,6057,0,0,False,0.7149626610000723
0,1.4,81,2026,5422,34,True,False,142.0,142,2000,0,108.0,0.007795962902345881,66,0.0,0.08462928808557726,0.7200000000000004,20.0,28.0,625336,0.7722207448471087,170,5631,6031,0,0,False,0.6556644869999673
0,1.4,82,2026,5486,35,True,False,162.0,162,2000,0,127.0,0.008289338361330136,60,0.0,0.07500364564345607,0.575,21.0,27.0,691985,0.9477464130221226,169,5647,6047,0,1,False,0.7193378570000277
0,1.4,83,2026,5677,32,False,True,,2000,2000,1679,,0.009236198638769854,54,0.009236198638769854,0.0688638365333803,0.2556164383561644,21.0,26.0,714384,0.7704731145262774,182,74519,73240,14,8,False,6.943461462999949
0,1.4,84,2026,5412,35,True,False,160.0,160,2000,0,125.0,0.010295959021058624,57,0.0,0.08563192904656321,0.09999999999999999,21.0,30.0,634618,0.9730589226732493,146,5490,5890,0,1,False,0.6663910989998385
0,1.4,85,2026,5759,34,True,False,111.0,111,2000,0,77.0,0.0052201438848920876,58,0.0,0.08934363604792499,0.24000000000000007,20.0,28.0,716907,0.8314675541459671,162,5774,6174,0,0,False,0.730811286000062
0,1.4,86,2026,4992,33,True,False,123.0,123,2000,0,90.0,0.013756097560975612,61,0.0,0.07914863782051282,1.0,19.0,27.0,574372,0.7539906174894929,173,4945,5345,0,0,False,0.5604911799998717
0,1.4,87,2026,5263,36,True,False,141.0,141,2000,0,105.0,0.012318278052223006,61,0.0,0.07228196845905377,0.10999999999999999,21.0,28.0,633270,0.9860797178669269,185,5550,5950,0,0,False,0.7109662609998395
0,1.4,88,2026,5448,38,False,True,,2000,2000,2517,,0.03346107203492602,55,0.03346107203492602,0.086606093979442,0.17851410409217325,20.0,27.0,632042,0.7809197956607808,217,85258,83141,326,9,False,7.735326947999965
0,1.4,89,2026,5417,37,False,True,,2000,2000,2395,,0.020514203523912266,61,0.020514203523912266,0.08242754292043568,0.22539874739039667,20.0,26.0,628347,0.7804355811994761,176,87876,85881,290,7,False,7.9206533310000395
0,1.4,90,2026,5559,35,False,True,,2000,2000,1860,,0.020841878035617916,66,0.020841878035617916,0.050363374707681235,0.4532204301075269,21.0,28.0,673782,0.8673387663918627,189,81054,79594,127,6,False,7.336995931000047
0,1.4,91,2026,5163,33,True,False,96.0,96,2000,0,63.0,0.005794183445190157,54,0.0,0.06359287236103042,0.19500000000000003,21.0,27.0,584115,0.7701532466166632,139,5035,5435,0,0,False,0.5511791760000051
0,1.4,92,2026,5745,34,False,True,,2000,2000,1464,,0.007626975763962065,50,0.007626975763962065,0.08235509138381202,0.22057377049180324,20.0,29.0,770071,0.7696185707938298,225,82272,81208,209,9,False,7.2313725510000495
0,1.4,93,2026,5698,35,True,False,103.0,103,2000,0,68.0,0.0063486078886310915,58,0.0,0.06700421200421201,0.09999999999999999,20.0,26.0,767791,0.8854591705134969,190,5835,6235,0,0,False,0.7637728499998957
0,1.4,94,2026,5923,35,True,False,103.0,103,2000,0,68.0,0.0050024509803921575,56,0.0,0.08076481512746919,0.21000000000000005,20.0,29.0,751142,0.8584417639333434,237,5929,6329,0,0,False,0.7484940780000215
0,1.4,95,2026,5557,36,False,True,,2000,2000,1562,,0.009659629470056011,64,0.009659629470056011,0.06874032751484614,0.14268245838668375,20.0,28.0,696232,0.7660577387058156,193,82682,81520,112,9,False,7.657454714000096
0,1.4,96,2026,5704,37,False,True,,2000,2000,2894,,0.025248123436196833,51,0.025248123436196833,0.07875175315568023,0.12360055286800276,21.0,28.0,699181,0.754359577257889,217,82355,79861,353,8,False,7.238915650000081
0,1.4,97,2026,5254,34,True,False,100.0,100,2000,0,66.0,0.005237573099415205,60,0.0,0.07830795584316712,0.37000000000000016,20.0,28.0,621441,0.7793447467657687,155,5192,5592,0,0,False,0.6584621250001419
0,1.4,98,2026,5810,33,False,True,,2000,2000,744,,0.019076479076479073,60,0.019076479076479073,0.0822461273666093,0.19146505376344083,22.0,28.0,736616,0.794132295124103,197,68697,68353,82,6,False,6.215989095000168
0,1.4,99,2026,5649,34,False,True,,2000,2000,1482,,0.013584985238296082,51,0.013584985238296082,0.10128695344308726,0.1971322537112011,22.0,29.0,683965,0.7896330977318381,183,74347,73265,150,10,False,6.794940052999891
