point,label,n,refuge_frac,refuge_capacity,refuge_pref,refuge_hard,f_O1,lo_O1,hi_O1,n_O1,k_O1,f_O2,lo_O2,hi_O2,n_O2,k_O2,f_O3,lo_O3,hi_O3,n_O3,k_O3,f_O4,lo_O4,hi_O4,n_O4,k_O4,f_O5,lo_O5,hi_O5,n_O5,k_O5,f_O6,lo_O6,hi_O6,n_O6,k_O6,f_O7,lo_O7,hi_O7,n_O7,k_O7,f_O8,lo_O8,hi_O8,n_O8,k_O8,f_O8b,lo_O8b,hi_O8b,n_O8b,k_O8b,f_O9,lo_O9,hi_O9,n_O9,k_O9,f_O10,lo_O10,hi_O10,n_O10,k_O10,f_O11,lo_O11,hi_O11,n_O11,k_O11,f_O11b,lo_O11b,hi_O11b,n_O11b,k_O11b,f_O13,lo_O13,hi_O13,n_O13,k_O13,f_O13b,lo_O13b,hi_O13b,n_O13b,k_O13b,f_O13p,lo_O13p,hi_O13p,n_O13p,k_O13p,f_O14,lo_O14,hi_O14,n_O14,k_O14,f_O15,lo_O15,hi_O15,n_O15,k_O15,f_O15b,lo_O15b,hi_O15b,n_O15b,k_O15b,f_O17_run,lo_O17_run,hi_O17_run,n_O17_run,k_O17_run,f_O17p,lo_O17p,hi_O17p,n_O17p,k_O17p,trig_A1,trig_A2,trig_A3,trig_A4,f_PRIMARIO,lo_PRIMARIO,hi_PRIMARIO,k_PRIMARIO,n_PRIMARIO,P_ext,P_ext_lo,P_ext_hi,k_ext,f_exploded,t_ext_med,t_ext_med_lo,t_ext_med_hi,t_ext_mean,t_ext_sd,t_ext_cv,N_max_mean,t_peak_mean,x_rho_pk_mean,x_f0_pk_mean,x_BO_mean,x_BO4_mean,x_CR_mean,x_in_ref_pk_mean,x_S_adult_pk_mean,x_rho8_mean,x_D_last_mean,x_smat_B_mean,x_smat_sen_mean,S_at_peak_mean,mstar_at_peak_mean,wall_time_s_mean,f_rho8_ge_1.84,x_D_last_sd
0,fr=0.05 cap=1 pref=0,30,0.05,1,0.0,True,,,,0,0,,,,0,0,,,,0,0,1.0,0.8864866068260312,0.9999999999999999,30,30,0.9666666666666667,0.8332960900859082,0.9940914096183874,30,29,1.0,0.8864866068260312,0.9999999999999999,30,30,1.0,0.8864866068260312,0.9999999999999999,30,30,0.7666666666666667,0.5907167384187784,0.8820761185551049,30,23,1.0,0.8864866068260312,0.9999999999999999,30,30,0.3333333333333333,0.19230498083676134,0.5121994835545616,30,10,1.0,0.8864866068260312,0.9999999999999999,30,30,1.0,0.8864866068260312,0.9999999999999999,30,30,1.0,0.8864866068260312,0.9999999999999999,30,30,0.9666666666666667,0.8332960900859082,0.9940914096183874,30,29,0.0,0.0,0.22809537235419838,13,0,0.0,0.0,0.11351339317396876,30,0,1.0,0.8864866068260312,0.9999999999999999,30,30,0.03333333333333333,0.005908590381612455,0.16670390991409173,30,1,0.3,0.16664748268243793,0.47875787458714947,30,9,0.9333333333333333,0.7867654163738308,0.9815229762087295,30,28,0.0,0.0,0.11351339317396876,30,0,0.0,0.0,0.0,0.0,0.0,0.0,0.11351339317396876,0,30,1.0,0.8864866068260312,0.9999999999999999,30,0.0,167.0,161.0,171.0,167.86666666666667,11.857584022496939,0.07063691832305563,2875.733333333333,54.86666666666667,0.3994074074074074,0.21540740740740735,0.12352905924241699,0.006727526681666989,0.14333621421402187,0.0044373588880382165,0.014224776417888118,2.1028177600073232,110.03333333333333,0.24430333472022056,-0.007397553992930212,0.014413644935999977,4.639784274714552,0.8821953754333056,0.6666666666666666,4.097798680143829
1,fr=0.05 cap=1 pref=10,30,0.05,1,10.0,True,,,,0,0,,,,0,0,,,,0,0,1.0,0.8864866068260312,0.9999999999999999,30,30,0.9666666666666667,0.8332960900859082,0.9940914096183874,30,29,1.0,0.8864866068260312,0.9999999999999999,30,30,1.0,0.8864866068260312,0.9999999999999999,30,30,0.7,0.5212421254128504,0.8333525173175619,30,21,1.0,0.8864866068260312,0.9999999999999999,30,30,0.4,0.24590628116801852,0.5767963974667752,30,12,1.0,0.8864866068260312,0.9999999999999999,30,30,1.0,0.8864866068260312,0.9999999999999999,30,30,1.0,0.8864866068260312,0.9999999999999999,30,30,1.0,0.8864866068260312,0.9999999999999999,30,30,0.0,0.0,0.14311661845042686,23,0,0.0,0.0,0.11351339317396876,30,0,1.0,0.8864866068260312,0.9999999999999999,30,30,0.03333333333333333,0.005908590381612455,0.16670390991409173,30,1,0.26666666666666666,0.14182663319596317,0.4444796169518888,30,8,0.9666666666666667,0.8332960900859082,0.9940914096183874,30,29,0.0,0.0,0.11351339317396876,30,0,0.0,0.0,0.0,0.0,0.0,0.0,0.11351339317396876,0,30,1.0,0.8864866068260312,0.9999999999999999,30,0.0,169.0,162.0,170.0,167.23333333333332,7.550671736882814,0.04515051865786016,2909.8333333333335,54.2,0.4041435185185185,0.19111111111111112,0.12848440860432522,0.008123635967903877,0.14127557715544886,0.008791803430316856,0.01404622816337451,2.1159472603702563,109.73333333333333,0.23821531400269194,-0.0072093594646442565,0.014289924821043418,4.574126182583784,0.8471720435663277,0.9,5.9418639437837
2,fr=0.05 cap=1 pref=30,30,0.05,1,30.0,True,,,,0,0,,,,0,0,,,,0,0,1.0,0.8864866068260312,0.9999999999999999,30,30,1.0,0.8864866068260312,0.9999999999999999,30,30,1.0,0.8864866068260312,0.9999999999999999,30,30,1.0,0.8864866068260312,0.9999999999999999,30,30,0.7333333333333333,0.555520383048111,0.8581733668040368,30,22,1.0,0.8864866068260312,0.9999999999999999,30,30,0.36666666666666664,0.21873920806100708,0.5448643634520511,30,11,1.0,0.8864866068260312,0.9999999999999999,30,30,1.0,0.8864866068260312,0.9999999999999999,30,30,1.0,0.8864866068260312,0.9999999999999999,30,30,0.9666666666666667,0.8332960900859082,0.9940914096183874,30,29,0.0,0.0,0.12455502974186705,27,0,0.0,0.0,0.11351339317396876,30,0,1.0,0.8864866068260312,0.9999999999999999,30,30,0.03333333333333333,0.005908590381612455,0.16670390991409173,30,1,0.3333333333333333,0.19230498083676134,0.5121994835545616,30,10,0.9666666666666667,0.8332960900859082,0.9940914096183874,30,29,0.0,0.0,0.11351339317396876,30,0,0.0,0.0,0.0,0.0,0.0,0.0,0.11351339317396876,0,30,1.0,0.8864866068260312,0.9999999999999999,30,0.0,166.0,163.0,169.0,167.4,8.919563929344033,0.0532829386460217,2842.5,55.266666666666666,0.39479166666666654,0.19837037037037034,0.13174145085795164,0.00987654758124767,0.14802837249549092,0.010679662271976163,0.014097957683713998,2.059052075184218,109.03333333333333,0.23758289644130356,-0.006961258146682254,0.014335510325177355,4.539769003133007,0.8145020801666154,0.7666666666666667,8.087808335894275
3,fr=0.05 cap=1 pref=100,30,0.05,1,100.0,True,,,,0,0,,,,0,0,,,,0,0,1.0,0.8864866068260312,0.9999999999999999,30,30,0.9666666666666667,0.8332960900859082,0.9940914096183874,30,29,1.0,0.8864866068260312,0.9999999999999999,30,30,1.0,0.8864866068260312,0.9999999999999999,30,30,0.7666666666666667,0.5907167384187784,0.8820761185551049,30,23,1.0,0.8864866068260312,0.9999999999999999,30,30,0.26666666666666666,0.14182663319596317,0.4444796169518888,30,8,1.0,0.8864866068260312,0.9999999999999999,30,30,1.0,0.8864866068260312,0.9999999999999999,30,30,1.0,0.8864866068260312,0.9999999999999999,30,30,1.0,0.8864866068260312,0.9999999999999999,30,30,0.0,0.0,0.11351339317396876,30,0,0.0,0.0,0.11351339317396876,30,0,1.0,0.8864866068260312,0.9999999999999999,30,30,0.0,0.0,0.11351339317396876,30,0,0.4,0.24590628116801852,0.5767963974667752,30,12,0.9666666666666667,0.8332960900859082,0.9940914096183874,30,29,0.0,0.0,0.11351339317396876,30,0,0.0,0.0,0.0,0.0,0.0,0.0,0.11351339317396876,0,30,1.0,0.8864866068260312,0.9999999999999999,30,0.0,165.0,162.0,173.0,170.23333333333332,18.687416628038374,0.10977530817332118,2779.4666666666667,54.86666666666667,0.386037037037037,0.2037777777777777,0.13983015969752505,0.014781561140650063,0.15092809724236114,0.012920771683964835,0.015168801015224746,2.1290986950548927,109.86666666666666,0.23680637820810987,-0.006630356562217298,0.015411112110153466,4.586024420640326,0.8293607500999618,0.7666666666666667,6.816477669301936
4,fr=0.05 cap=1 pref=1000,30,0.05,1,1000.0,True,,,,0,0,,,,0,0,,,,0,0,1.0,0.8864866068260312,0.9999999999999999,30,30,0.9666666666666667,0.8332960900859082,0.9940914096183874,30,29,1.0,0.8864866068260312,0.9999999999999999,30,30,1.0,0.8864866068260312,0.9999999999999999,30,30,0.7666666666666667,0.5907167384187784,0.8820761185551049,30,23,1.0,0.8864866068260312,0.9999999999999999,30,30,0.36666666666666664,0.21873920806100708,0.5448643634520511,30,11,1.0,0.8864866068260312,0.9999999999999999,30,30,1.0,0.8864866068260312,0.9999999999999999,30,30,1.0,0.8864866068260312,0.9999999999999999,30,30,1.0,0.8864866068260312,0.9999999999999999,30,30,0.0,0.0,0.11351339317396876,30,0,0.0,0.0,0.11351339317396876,30,0,1.0,0.8864866068260312,0.9999999999999999,30,30,0.0,0.0,0.11351339317396876,30,0,0.43333333333333335,0.2737748557646652,0.6080269299918639,30,13,0.9666666666666667,0.8332960900859082,0.9940914096183874,30,29,0.0,0.0,0.11351339317396876,30,0,0.0,0.0,0.0,0.0,0.0,0.0,0.11351339317396876,0,30,1.0,0.8864866068260312,0.9999999999999999,30,0.0,166.0,161.0,171.0,165.86666666666667,10.210654791166323,0.061559413933880563,2849.0666666666666,53.0,0.3957037037037036,0.19011111111111104,0.1375925640441711,0.021167782345822353,0.15198105999322992,0.01515564715793944,0.016567280270312602,2.179222530156273,108.8,0.2389727330996279,-0.007407200087796126,0.016778076716973924,4.576274527978005,0.8859749967667692,0.8,5.6287439647482325
5,fr=0.05 cap=2 pref=0,30,0.05,2,0.0,True,,,,0,0,,,,0,0,,,,0,0,1.0,0.8864866068260312,0.9999999999999999,30,30,1.0,0.8864866068260312,0.9999999999999999,30,30,1.0,0.8864866068260312,0.9999999999999999,30,30,1.0,0.8864866068260312,0.9999999999999999,30,30,0.8666666666666667,0.703186733179637,0.9469034451594526,30,26,1.0,0.8864866068260312,0.9999999999999999,30,30,0.43333333333333335,0.2737748557646652,0.6080269299918639,30,13,1.0,0.8864866068260312,0.9999999999999999,30,30,0.9666666666666667,0.8332960900859082,0.9940914096183874,30,29,1.0,0.8864866068260312,0.9999999999999999,30,30,0.9666666666666667,0.8332960900859082,0.9940914096183874,30,29,0.0,1.3877787807814457e-17,0.2153108027376358,14,0,0.0,0.0,0.11351339317396876,30,0,1.0,0.8864866068260312,0.9999999999999999,30,30,0.0,0.0,0.11351339317396876,30,0,0.3333333333333333,0.19230498083676134,0.5121994835545616,30,10,0.9333333333333333,0.7867654163738308,0.9815229762087295,30,28,0.0,0.0,0.11351339317396876,30,0,0.0,0.0,0.0,0.0,0.0,0.0,0.11351339317396876,0,30,1.0,0.8864866068260312,0.9999999999999999,30,0.0,162.0,160.0,167.0,165.03333333333333,9.495855115144506,0.05753901301844783,2936.3333333333335,51.166666666666664,0.407824074074074,0.20377777777777772,0.12580968627041786,0.006726630240216894,0.15452545570154694,0.009526950842957144,0.0164887455856876,2.2590295459328704,109.9,0.24449963844781583,-0.008066693569982722,0.01671323901547596,4.68195659894028,0.8482559492335592,0.9,4.229208779021405
6,fr=0.05 cap=2 pref=10,30,0.05,2,10.0,True,,,,0,0,,,,0,0,,,,0,0,1.0,0.8864866068260312,0.9999999999999999,30,30,1.0,0.8864866068260312,0.9999999999999999,30,30,1.0,0.8864866068260312,0.9999999999999999,30,30,1.0,0.8864866068260312,0.9999999999999999,30,30,0.9333333333333333,0.7867654163738308,0.9815229762087295,30,28,1.0,0.8864866068260312,0.9999999999999999,30,30,0.4666666666666667,0.30232388907699753,0.638577003801267,30,14,1.0,0.8864866068260312,0.9999999999999999,30,30,1.0,0.8864866068260312,0.9999999999999999,30,30,1.0,0.8864866068260312,0.9999999999999999,30,30,1.0,0.8864866068260312,0.9999999999999999,30,30,0.0,0.0,0.11351339317396876,30,0,0.0,0.0,0.11351339317396876,30,0,1.0,0.8864866068260312,0.9999999999999999,30,30,0.03333333333333333,0.005908590381612455,0.16670390991409173,30,1,0.5333333333333333,0.36142299619873297,0.6976761109230025,30,16,1.0,0.8864866068260312,0.9999999999999999,30,30,0.0,0.0,0.11351339317396876,30,0,0.0,0.0,0.0,0.0,0.0,0.0,0.11351339317396876,0,30,1.0,0.8864866068260312,0.9999999999999999,30,0.0,165.0,162.0,169.0,165.66666666666666,8.334942373395037,0.05031152338065415,2909.133333333333,53.86666666666667,0.4040462962962962,0.18377777777777782,0.14050643450455408,0.011786135873950365,0.14175101994667016,0.02255760507696669,0.01610571022653999,2.1102791319069945,110.86666666666666,0.24436692707456464,-0.00752701906404564,0.016281978139400625,4.544806202884346,0.836879895700137,0.8,4.493162110043041
7,fr=0.05 cap=2 pref=30,30,0.05,2,30.0,True,,,,0,0,,,,0,0,,,,0,0,1.0,0.8864866068260312,0.9999999999999999,30,30,1.0,0.8864866068260312,0.9999999999999999,30,30,1.0,0.8864866068260312,0.9999999999999999,30,30,1.0,0.8864866068260312,0.9999999999999999,30,30,0.7666666666666667,0.5907167384187784,0.8820761185551049,30,23,1.0,0.8864866068260312,0.9999999999999999,30,30,0.4666666666666667,0.30232388907699753,0.638577003801267,30,14,1.0,0.8864866068260312,0.9999999999999999,30,30,1.0,0.8864866068260312,0.9999999999999999,30,30,1.0,0.8864866068260312,0.9999999999999999,30,30,1.0,0.8864866068260312,0.9999999999999999,30,30,0.0,0.0,0.11351339317396876,30,0,0.0,0.0,0.11351339317396876,30,0,1.0,0.8864866068260312,0.9999999999999999,30,30,0.03333333333333333,0.005908590381612455,0.16670390991409173,30,1,0.36666666666666664,0.21873920806100708,0.5448643634520511,30,11,1.0,0.8864866068260312,0.9999999999999999,30,30,0.0,0.0,0.11351339317396876,30,0,0.0,0.0,0.0,0.0,0.0,0.0,0.11351339317396876,0,30,1.0,0.8864866068260312,0.9999999999999999,30,0.0,162.0,158.0,168.0,164.46666666666667,10.125874447835768,0.06156794354176592,2891.3,52.666666666666664,0.4015694444444444,0.19418518518518516,0.14536933755626383,0.019245440330128274,0.16005739199046984,0.02571793413528807,0.016463207594941524,2.1799160782742733,109.43333333333334,0.24086481338785426,-0.007368536839581119,0.0167097023809371,4.64284998976507,0.8390777599000406,0.7666666666666667,5.834991554131129
8,fr=0.05 cap=2 pref=100,30,0.05,2,100.0,True,,,,0,0,,,,0,0,,,,0,0,1.0,0.8864866068260312,0.9999999999999999,30,30,1.0,0.8864866068260312,0.9999999999999999,30,30,1.0,0.8864866068260312,0.9999999999999999,30,30,1.0,0.8864866068260312,0.9999999999999999,30,30,0.8,0.6269430358685175,0.9049489282271013,30,24,1.0,0.8864866068260312,0.9999999999999999,30,30,0.5,0.33154125640533766,0.6684587435946623,30,15,1.0,0.8864866068260312,0.9999999999999999,30,30,1.0,0.8864866068260312,0.9999999999999999,30,30,1.0,0.8864866068260312,0.9999999999999999,30,30,1.0,0.8864866068260312,0.9999999999999999,30,30,0.0,0.0,0.11351339317396876,30,0,0.0,0.0,0.11351339317396876,30,0,1.0,0.8864866068260312,0.9999999999999999,30,30,0.0,0.0,0.11351339317396876,30,0,0.36666666666666664,0.21873920806100708,0.5448643634520511,30,11,1.0,0.8864866068260312,0.9999999999999999,30,30,0.0,0.0,0.11351339317396876,30,0,0.0,0.0,0.0,0.0,0.0,0.0,0.11351339317396876,0,30,1.0,0.8864866068260312,0.9999999999999999,30,0.0,165.0,162.0,170.0,168.16666666666666,11.558198563054214,0.06873061583580306,2887.9,54.36666666666667,0.4010972222222222,0.18933333333333335,0.1503111062581094,0.029301405682482344,0.15750670242670392,0.028880271197539272,0.015616936661898534,2.1285490391346467,110.33333333333333,0.24073391711980788,-0.007335884661128237,0.01590905794417986,4.589887715068117,0.8492358053999851,0.8,4.1133368728910416
9,fr=0.05 cap=2 pref=1000,30,0.05,2,1000.0,True,,,,0,0,,,,0,0,,,,0,0,1.0,0.8864866068260312,0.9999999999999999,30,30,0.9666666666666667,0.8332960900859082,0.9940914096183874,30,29,1.0,0.8864866068260312,0.9999999999999999,30,30,1.0,0.8864866068260312,0.9999999999999999,30,30,0.6666666666666666,0.4878005164454384,0.8076950191632386,30,20,1.0,0.8864866068260312,0.9999999999999999,30,30,0.26666666666666666,0.14182663319596317,0.4444796169518888,30,8,1.0,0.8864866068260312,0.9999999999999999,30,30,1.0,0.8864866068260312,0.9999999999999999,30,30,1.0,0.8864866068260312,0.9999999999999999,30,30,1.0,0.8864866068260312,0.9999999999999999,30,30,0.0,0.0,0.11351339317396876,30,0,0.0,0.0,0.11351339317396876,30,0,1.0,0.8864866068260312,0.9999999999999999,30,30,0.0,0.0,0.11351339317396876,30,0,0.5666666666666667,0.3919730700081361,0.7262251442353347,30,17,0.9666666666666667,0.8332960900859082,0.9940914096183874,30,29,0.0,0.0,0.11351339317396876,30,0,0.0,0.0,0.0,0.0,0.0,0.0,0.11351339317396876,0,30,1.0,0.8864866068260312,0.9999999999999999,30,0.0,168.0,166.0,174.0,173.56666666666666,20.164296431433275,0.11617608852371773,2916.7,55.13333333333333,0.4050972222222223,0.18299999999999994,0.14466900375072997,0.0332226805820986,0.1510003159104623,0.030496382638186565,0.016238427353017604,2.163178209498487,110.8,0.23879233256486893,-0.0069295403377739985,0.01642292186339061,4.55311988226256,0.8762348559333987,0.8666666666666667,4.366012936938832
10,fr=0.1 cap=1 pref=0,30,0.1,1,0.0,True,,,,0,0,,,,0,0,,,,0,0,1.0,0.8864866068260312,0.9999999999999999,30,30,1.0,0.8864866068260312,0.9999999999999999,30,30,1.0,0.8864866068260312,0.9999999999999999,30,30,1.0,0.8864866068260312,0.9999999999999999,30,30,0.7,0.5212421254128504,0.8333525173175619,30,21,1.0,0.8864866068260312,0.9999999999999999,30,30,0.3,0.16664748268243793,0.47875787458714947,30,9,1.0,0.8864866068260312,0.9999999999999999,30,30,1.0,0.8864866068260312,0.9999999999999999,30,30,1.0,0.8864866068260312,0.9999999999999999,30,30,0.9666666666666667,0.8332960900859082,0.9940914096183874,30,29,0.0,0.0,0.20388330103584862,15,0,0.0,0.0,0.11351339317396876,30,0,1.0,0.8864866068260312,0.9999999999999999,30,30,0.03333333333333333,0.005908590381612455,0.16670390991409173,30,1,0.26666666666666666,0.14182663319596317,0.4444796169518888,30,8,0.9666666666666667,0.8332960900859082,0.9940914096183874,30,29,0.0,0.0,0.11351339317396876,30,0,0.0,0.0,0.0,0.0,0.0,0.0,0.11351339317396876,0,30,1.0,0.8864866068260312,0.9999999999999999,30,0.0,165.0,157.0,169.0,165.96666666666667,12.767100319755956,0.07692568981576194,2775.866666666667,48.8,0.3855370370370369,0.2489259259259259,0.12298099955097413,0.007332346040225387,0.1662269000757338,0.009130803385053177,0.018227360473851716,2.4881275814288286,110.33333333333333,0.23790012256007884,-0.007951475682053443,0.018482820636064053,4.784138550193874,0.7911303206668284,0.9,4.618802153517006
11,fr=0.1 cap=1 pref=10,30,0.1,1,10.0,True,,,,0,0,,,,0,0,,,,0,0,1.0,0.8864866068260312,0.9999999999999999,30,30,0.9666666666666667,0.8332960900859082,0.9940914096183874,30,29,1.0,0.8864866068260312,0.9999999999999999,30,30,1.0,0.8864866068260312,0.9999999999999999,30,30,0.7666666666666667,0.5907167384187784,0.8820761185551049,30,23,1.0,0.8864866068260312,0.9999999999999999,30,30,0.43333333333333335,0.2737748557646652,0.6080269299918639,30,13,1.0,0.8864866068260312,0.9999999999999999,30,30,1.0,0.8864866068260312,0.9999999999999999,30,30,1.0,0.8864866068260312,0.9999999999999999,30,30,1.0,0.8864866068260312,0.9999999999999999,30,30,0.0,0.0,0.11351339317396876,30,0,0.0,0.0,0.11351339317396876,30,0,1.0,0.8864866068260312,0.9999999999999999,30,30,0.0,0.0,0.11351339317396876,30,0,0.4666666666666667,0.30232388907699753,0.638577003801267,30,14,0.9666666666666667,0.8332960900859082,0.9940914096183874,30,29,0.0,0.0,0.11351339317396876,30,0,0.0,0.0,0.0,0.0,0.0,0.0,0.11351339317396876,0,30,1.0,0.8864866068260312,0.9999999999999999,30,0.0,169.0,159.0,173.0,165.6,9.375683883102186,0.05661644856945765,2733.6666666666665,53.36666666666667,0.37967592592592586,0.2109629629629629,0.13914226434171112,0.011200818598802396,0.1484382739340274,0.0192831402371773,0.016248499401165652,2.150854029279802,110.13333333333334,0.2351122648913645,-0.007279967033771204,0.01643382406289671,4.54647447190771,0.7782520846333986,0.8,4.911164854684177
12,fr=0.1 cap=1 pref=30,30,0.1,1,30.0,True,,,,0,0,,,,0,0,,,,0,0,1.0,0.8864866068260312,0.9999999999999999,30,30,1.0,0.8864866068260312,0.9999999999999999,30,30,1.0,0.8864866068260312,0.9999999999999999,30,30,1.0,0.8864866068260312,0.9999999999999999,30,30,0.9,0.7437891742081593,0.9654001112526658,30,27,1.0,0.8864866068260312,0.9999999999999999,30,30,0.36666666666666664,0.21873920806100708,0.5448643634520511,30,11,1.0,0.8864866068260312,0.9999999999999999,30,30,1.0,0.8864866068260312,0.9999999999999999,30,30,1.0,0.8864866068260312,0.9999999999999999,30,30,1.0,0.8864866068260312,0.9999999999999999,30,30,0.0,0.0,0.11351339317396876,30,0,0.0,0.0,0.11351339317396876,30,0,1.0,0.8864866068260312,0.9999999999999999,30,30,0.03333333333333333,0.005908590381612455,0.16670390991409173,30,1,0.5666666666666667,0.3919730700081361,0.7262251442353347,30,17,1.0,0.8864866068260312,0.9999999999999999,30,30,0.0,0.0,0.11351339317396876,30,0,0.0,0.0,0.0,0.0,0.0,0.0,0.11351339317396876,0,30,1.0,0.8864866068260312,0.9999999999999999,30,0.0,161.0,158.0,170.0,163.76666666666668,10.057364203042649,0.061412767370502636,2713.633333333333,51.7,0.3768935185185185,0.21162962962962958,0.14327652583570655,0.014841867077514566,0.15069314206055806,0.022486141616083154,0.017284702893277364,2.2142138756705494,110.16666666666667,0.23281655270930154,-0.007336629308369338,0.01739989158848456,4.552789921124097,0.7663265277333267,0.8666666666666667,3.6015641557267988
13,fr=0.1 cap=1 pref=100,30,0.1,1,100.0,True,,,,0,0,,,,0,0,,,,0,0,1.0,0.8864866068260312,0.9999999999999999,30,30,0.9666666666666667,0.8332960900859082,0.9940914096183874,30,29,1.0,0.8864866068260312,0.9999999999999999,30,30,1.0,0.8864866068260312,0.9999999999999999,30,30,0.7333333333333333,0.555520383048111,0.8581733668040368,30,22,1.0,0.8864866068260312,0.9999999999999999,30,30,0.36666666666666664,0.21873920806100708,0.5448643634520511,30,11,1.0,0.8864866068260312,0.9999999999999999,30,30,1.0,0.8864866068260312,0.9999999999999999,30,30,1.0,0.8864866068260312,0.9999999999999999,30,30,1.0,0.8864866068260312,0.9999999999999999,30,30,0.0,0.0,0.11351339317396876,30,0,0.0,0.0,0.11351339317396876,30,0,1.0,0.8864866068260312,0.9999999999999999,30,30,0.03333333333333333,0.005908590381612455,0.16670390991409173,30,1,0.36666666666666664,0.21873920806100708,0.5448643634520511,30,11,0.9666666666666667,0.8332960900859082,0.9940914096183874,30,29,0.0,0.0,0.11351339317396876,30,0,0.0,0.0,0.0,0.0,0.0,0.0,0.11351339317396876,0,30,1.0,0.8864866068260312,0.9999999999999999,30,0.0,165.0,162.0,172.0,169.1,13.583331570411,0.08032721212543466,2696.3,54.4,0.37448611111111113,0.2068518518518518,0.14841213539910658,0.02400621854096747,0.16565767751999705,0.027120681538080896,0.013764748518325777,2.1553547966982536,110.73333333333333,0.22744375047660917,-0.006736961215753309,0.014030284655428635,4.599422942931331,0.7575988918667159,0.8,6.152842535313886
14,fr=0.1 cap=1 pref=1000,30,0.1,1,1000.0,True,,,,0,0,,,,0,0,,,,0,0,1.0,0.8864866068260312,0.9999999999999999,30,30,0.9666666666666667,0.8332960900859082,0.9940914096183874,30,29,1.0,0.8864866068260312,0.9999999999999999,30,30,1.0,0.8864866068260312,0.9999999999999999,30,30,0.5666666666666667,0.3919730700081361,0.7262251442353347,30,17,1.0,0.8864866068260312,0.9999999999999999,30,30,0.23333333333333334,0.11792388144489496,0.40928326158122164,30,7,1.0,0.8864866068260312,0.9999999999999999,30,30,1.0,0.8864866068260312,0.9999999999999999,30,30,1.0,0.8864866068260312,0.9999999999999999,30,30,1.0,0.8864866068260312,0.9999999999999999,30,30,0.0,0.0,0.11351339317396876,30,0,0.0,0.0,0.11351339317396876,30,0,1.0,0.8864866068260312,0.9999999999999999,30,30,0.0,0.0,0.11351339317396876,30,0,0.3,0.16664748268243793,0.47875787458714947,30,9,0.9666666666666667,0.8332960900859082,0.9940914096183874,30,29,0.0,0.0,0.11351339317396876,30,0,0.0,0.0,0.0,0.0,0.0,0.0,0.11351339317396876,0,30,1.0,0.8864866068260312,0.9999999999999999,30,0.0,170.0,163.0,177.0,171.7,11.812179570549057,0.06879545469160779,2735.7,54.9,0.37995833333333334,0.18444444444444444,0.14916302513923207,0.035898520593033396,0.15462095966609232,0.031911046329414855,0.014792061801451923,2.156436198537634,110.43333333333334,0.23151260267416202,-0.006657499881627599,0.01498963974852528,4.53430365366764,0.8231926707667299,0.8,4.040171841116059
15,fr=0.1 cap=2 pref=0,30,0.1,2,0.0,True,,,,0,0,,,,0,0,,,,0,0,1.0,0.8864866068260312,0.9999999999999999,30,30,0.9666666666666667,0.8332960900859082,0.9940914096183874,30,29,1.0,0.8864866068260312,0.9999999999999999,30,30,1.0,0.8864866068260312,0.9999999999999999,30,30,0.9,0.7437891742081593,0.9654001112526658,30,27,1.0,0.8864866068260312,0.9999999999999999,30,30,0.4666666666666667,0.30232388907699753,0.638577003801267,30,14,1.0,0.8864866068260312,0.9999999999999999,30,30,1.0,0.8864866068260312,0.9999999999999999,30,30,1.0,0.8864866068260312,0.9999999999999999,30,30,1.0,0.8864866068260312,0.9999999999999999,30,30,0.0,0.0,0.1936076805344365,16,0,0.0,0.0,0.11351339317396876,30,0,1.0,0.8864866068260312,0.9999999999999999,30,30,0.0,0.0,0.11351339317396876,30,0,0.4,0.24590628116801852,0.5767963974667752,30,12,0.9666666666666667,0.8332960900859082,0.9940914096183874,30,29,0.0,0.0,0.11351339317396876,30,0,0.0,0.0,0.0,0.0,0.0,0.0,0.11351339317396876,0,30,1.0,0.8864866068260312,0.9999999999999999,30,0.0,165.0,158.0,168.0,164.33333333333334,7.387469975822451,0.04495417835186075,2855.1666666666665,50.93333333333333,0.3965509259259259,0.21762962962962965,0.1319775839733452,0.0075267465563764605,0.16094982499070773,0.019084341499533957,0.015965298421989706,2.2661357573811944,111.36666666666666,0.24183590571389763,-0.008121686569918529,0.01612367526620555,4.702627230955912,0.8406049353669005,0.9,4.089375075209796
16,fr=0.1 cap=2 pref=10,30,0.1,2,10.0,True,,,,0,0,,,,0,0,,,,0,0,1.0,0.8864866068260312,0.9999999999999999,30,30,1.0,0.8864866068260312,0.9999999999999999,30,30,1.0,0.8864866068260312,0.9999999999999999,30,30,1.0,0.8864866068260312,0.9999999999999999,30,30,0.7333333333333333,0.555520383048111,0.8581733668040368,30,22,1.0,0.8864866068260312,0.9999999999999999,30,30,0.4,0.24590628116801852,0.5767963974667752,30,12,1.0,0.8864866068260312,0.9999999999999999,30,30,1.0,0.8864866068260312,0.9999999999999999,30,30,1.0,0.8864866068260312,0.9999999999999999,30,30,1.0,0.8864866068260312,0.9999999999999999,30,30,0.0,0.0,0.11351339317396876,30,0,0.0,0.0,0.11351339317396876,30,0,1.0,0.8864866068260312,0.9999999999999999,30,30,0.03333333333333333,0.005908590381612455,0.16670390991409173,30,1,0.36666666666666664,0.21873920806100708,0.5448643634520511,30,11,1.0,0.8864866068260312,0.9999999999999999,30,30,0.0,0.0,0.11351339317396876,30,0,0.0,0.0,0.0,0.0,0.0,0.0,0.11351339317396876,0,30,1.0,0.8864866068260312,0.9999999999999999,30,0.0,167.0,165.0,170.0,168.33333333333334,9.304553328541793,0.05527457422896114,2863.8333333333335,54.96666666666667,0.39775462962962954,0.1799259259259259,0.15873087950589423,0.018304793821790347,0.14795099134136616,0.04538265899258769,0.013786681552508753,2.099477576439288,109.5,0.23848087112604135,-0.007112224291975488,0.013980297408627062,4.500068695461536,0.8333480871665718,0.7666666666666667,5.618626657577577
17,fr=0.1 cap=2 pref=30,30,0.1,2,30.0,True,,,,0,0,,,,0,0,,,,0,0,1.0,0.8864866068260312,0.9999999999999999,30,30,1.0,0.8864866068260312,0.9999999999999999,30,30,1.0,0.8864866068260312,0.9999999999999999,30,30,1.0,0.8864866068260312,0.9999999999999999,30,30,0.8,0.6269430358685175,0.9049489282271013,30,24,1.0,0.8864866068260312,0.9999999999999999,30,30,0.3333333333333333,0.19230498083676134,0.5121994835545616,30,10,1.0,0.8864866068260312,0.9999999999999999,30,30,1.0,0.8864866068260312,0.9999999999999999,30,30,1.0,0.8864866068260312,0.9999999999999999,30,30,1.0,0.8864866068260312,0.9999999999999999,30,30,0.0,0.0,0.11351339317396876,30,0,0.0,0.0,0.11351339317396876,30,0,1.0,0.8864866068260312,0.9999999999999999,30,30,0.03333333333333333,0.005908590381612455,0.16670390991409173,30,1,0.4666666666666667,0.30232388907699753,0.638577003801267,30,14,1.0,0.8864866068260312,0.9999999999999999,30,30,0.0,0.0,0.11351339317396876,30,0,0.0,0.0,0.0,0.0,0.0,0.0,0.11351339317396876,0,30,1.0,0.8864866068260312,0.9999999999999999,30,0.0,165.0,162.0,168.0,168.63333333333333,15.428328922256402,0.09149038696732399,2814.0,53.03333333333333,0.3908333333333332,0.19337037037037036,0.16884388632802627,0.03550638475969448,0.1717877295391582,0.05314920457092193,0.013752578792797902,2.21651112741946,110.56666666666666,0.2363277038873819,-0.007382334771686473,0.013918053400001238,4.642490484493071,0.8134276192666221,0.8666666666666667,3.988633274982654
18,fr=0.1 cap=2 pref=100,30,0.1,2,100.0,True,,,,0,0,,,,0,0,,,,0,0,1.0,0.8864866068260312,0.9999999999999999,30,30,0.9666666666666667,0.8332960900859082,0.9940914096183874,30,29,1.0,0.8864866068260312,0.9999999999999999,30,30,1.0,0.8864866068260312,0.9999999999999999,30,30,0.6666666666666666,0.4878005164454384,0.8076950191632386,30,20,1.0,0.8864866068260312,0.9999999999999999,30,30,0.43333333333333335,0.2737748557646652,0.6080269299918639,30,13,1.0,0.8864866068260312,0.9999999999999999,30,30,1.0,0.8864866068260312,0.9999999999999999,30,30,1.0,0.8864866068260312,0.9999999999999999,30,30,1.0,0.8864866068260312,0.9999999999999999,30,30,0.0,0.0,0.11351339317396876,30,0,0.0,0.0,0.11351339317396876,30,0,1.0,0.8864866068260312,0.9999999999999999,30,30,0.0,0.0,0.11351339317396876,30,0,0.36666666666666664,0.21873920806100708,0.5448643634520511,30,11,0.9666666666666667,0.8332960900859082,0.9940914096183874,30,29,0.0,0.0,0.11351339317396876,30,0,0.0,0.0,0.0,0.0,0.0,0.0,0.11351339317396876,0,30,1.0,0.8864866068260312,0.9999999999999999,30,0.0,165.0,162.0,174.0,173.4,29.77339705867963,0.1717035585852343,2722.3333333333335,54.03333333333333,0.37810185185185186,0.19833333333333328,0.18311393756968675,0.05819634416191893,0.15611502200919253,0.06101339658590533,0.016037940946386626,2.2246072784566375,109.63333333333334,0.23355890034710344,-0.006578946180027331,0.016254619558825803,4.5065955004870215,0.7846497949666325,0.8333333333333334,5.397849720879177
19,fr=0.1 cap=2 pref=1000,30,0.1,2,1000.0,True,,,,0,0,,,,0,0,,,,0,0,1.0,0.8864866068260312,0.9999999999999999,30,30,0.9666666666666667,0.8332960900859082,0.9940914096183874,30,29,1.0,0.8864866068260312,0.9999999999999999,30,30,1.0,0.8864866068260312,0.9999999999999999,30,30,0.43333333333333335,0.2737748557646652,0.6080269299918639,30,13,1.0,0.8864866068260312,0.9999999999999999,30,30,0.23333333333333334,0.11792388144489496,0.40928326158122164,30,7,1.0,0.8864866068260312,0.9999999999999999,30,30,1.0,0.8864866068260312,0.9999999999999999,30,30,1.0,0.8864866068260312,0.9999999999999999,30,30,1.0,0.8864866068260312,0.9999999999999999,30,30,0.0,0.0,0.11351339317396876,30,0,0.0,0.0,0.11351339317396876,30,0,1.0,0.8864866068260312,0.9999999999999999,30,30,0.0,0.0,0.11351339317396876,30,0,0.8,0.6269430358685175,0.9049489282271013,30,24,0.9666666666666667,0.8332960900859082,0.9940914096183874,30,29,0.0,0.0,0.11351339317396876,30,0,0.0,0.0,0.0,0.0,0.0,0.0,0.11351339317396876,0,30,1.0,0.8864866068260312,0.9999999999999999,30,0.0,182.0,172.0,186.0,180.36666666666667,12.05585659175322,0.0668408238315647,2881.366666666667,57.833333333333336,0.40018981481481475,0.17014814814814813,0.1680865972001694,0.06104028658329718,0.14997570710697203,0.06185705391800137,0.017085309025202226,2.1484242039094594,108.73333333333333,0.23399300908621382,-0.006458778076135673,0.01722509237911668,4.474719181507407,0.8278691957665918,0.7,4.926587497225244
20,fr=0.2 cap=1 pref=0,30,0.2,1,0.0,True,,,,0,0,,,,0,0,,,,0,0,1.0,0.8864866068260312,0.9999999999999999,30,30,0.9666666666666667,0.8332960900859082,0.9940914096183874,30,29,1.0,0.8864866068260312,0.9999999999999999,30,30,1.0,0.8864866068260312,0.9999999999999999,30,30,0.7666666666666667,0.5907167384187784,0.8820761185551049,30,23,1.0,0.8864866068260312,0.9999999999999999,30,30,0.5666666666666667,0.3919730700081361,0.7262251442353347,30,17,1.0,0.8864866068260312,0.9999999999999999,30,30,1.0,0.8864866068260312,0.9999999999999999,30,30,1.0,0.8864866068260312,0.9999999999999999,30,30,0.9666666666666667,0.8332960900859082,0.9940914096183874,30,29,0.0,0.0,0.20388330103584862,15,0,0.0,0.0,0.11351339317396876,30,0,1.0,0.8864866068260312,0.9999999999999999,30,30,0.0,0.0,0.11351339317396876,30,0,0.43333333333333335,0.2737748557646652,0.6080269299918639,30,13,0.9333333333333333,0.7867654163738308,0.9815229762087295,30,28,0.0,0.0,0.11351339317396876,30,0,0.0,0.0,0.0,0.0,0.0,0.0,0.11351339317396876,0,30,1.0,0.8864866068260312,0.9999999999999999,30,0.0,162.0,158.0,169.0,171.03333333333333,35.60461354581912,0.20817353466664854,2573.9,52.63333333333333,0.35748611111111106,0.30066666666666664,0.12474386091693854,0.007971716944295531,0.18339773471886345,0.019381347915654778,0.01301196769885115,2.2851306399586853,110.06666666666666,0.22757441253995234,-0.0062930255525744045,0.013322494803060385,4.877343870398287,0.7220886033998491,0.7333333333333333,4.741113890167607
21,fr=0.2 cap=1 pref=10,30,0.2,1,10.0,True,,,,0,0,,,,0,0,,,,0,0,1.0,0.8864866068260312,0.9999999999999999,30,30,1.0,0.8864866068260312,0.9999999999999999,30,30,1.0,0.8864866068260312,0.9999999999999999,30,30,1.0,0.8864866068260312,0.9999999999999999,30,30,0.7,0.5212421254128504,0.8333525173175619,30,21,1.0,0.8864866068260312,0.9999999999999999,30,30,0.3,0.16664748268243793,0.47875787458714947,30,9,1.0,0.8864866068260312,0.9999999999999999,30,30,1.0,0.8864866068260312,0.9999999999999999,30,30,1.0,0.8864866068260312,0.9999999999999999,30,30,1.0,0.8864866068260312,0.9999999999999999,30,30,0.0,0.0,0.11351339317396876,30,0,0.0,0.0,0.11351339317396876,30,0,1.0,0.8864866068260312,0.9999999999999999,30,30,0.0,0.0,0.11351339317396876,30,0,0.43333333333333335,0.2737748557646652,0.6080269299918639,30,13,1.0,0.8864866068260312,0.9999999999999999,30,30,0.0,0.0,0.11351339317396876,30,0,0.0,0.0,0.0,0.0,0.0,0.0,0.11351339317396876,0,30,1.0,0.8864866068260312,0.9999999999999999,30,0.0,167.0,162.0,174.0,167.76666666666668,11.44004862942803,0.06819023621753247,2496.0333333333333,52.7,0.34667129629629634,0.23659259259259263,0.1586888741108379,0.018475422560392776,0.14535972784955173,0.04226144761845652,0.015538038497770166,2.221984549991382,111.06666666666666,0.22395534228194866,-0.006108007960881114,0.015796123996011345,4.460624651381649,0.7178842495666079,0.9,5.159078595449286
22,fr=0.2 cap=1 pref=30,30,0.2,1,30.0,True,,,,0,0,,,,0,0,,,,0,0,1.0,0.8864866068260312,0.9999999999999999,30,30,0.9666666666666667,0.8332960900859082,0.9940914096183874,30,29,1.0,0.8864866068260312,0.9999999999999999,30,30,1.0,0.8864866068260312,0.9999999999999999,30,30,0.7333333333333333,0.555520383048111,0.8581733668040368,30,22,1.0,0.8864866068260312,0.9999999999999999,30,30,0.23333333333333334,0.11792388144489496,0.40928326158122164,30,7,1.0,0.8864866068260312,0.9999999999999999,30,30,0.9666666666666667,0.8332960900859082,0.9940914096183874,30,29,1.0,0.8864866068260312,0.9999999999999999,30,30,1.0,0.8864866068260312,0.9999999999999999,30,30,0.0,0.0,0.11351339317396876,30,0,0.0,0.0,0.11351339317396876,30,0,1.0,0.8864866068260312,0.9999999999999999,30,30,0.0,0.0,0.11351339317396876,30,0,0.6,0.42320360253322475,0.7540937188319815,30,18,0.9333333333333333,0.7867654163738308,0.9815229762087295,30,28,0.0,0.0,0.11351339317396876,30,0,0.0,0.0,0.0,0.0,0.0,0.0,0.11351339317396876,0,30,1.0,0.8864866068260312,0.9999999999999999,30,0.0,166.0,162.0,171.0,167.5,10.019807968426239,0.05981974906523128,2468.8333333333335,54.6,0.34289351851851857,0.2269259259259259,0.16866412768083847,0.028215318481964305,0.1554208681610532,0.05115127279222652,0.013890083130135811,2.135805096746632,108.36666666666666,0.2164671084233114,-0.005862188081691073,0.014092646620642597,4.456005891284397,0.707567667433553,0.7,5.549049830645649
23,fr=0.2 cap=1 pref=100,30,0.2,1,100.0,True,,,,0,0,,,,0,0,,,,0,0,1.0,0.8864866068260312,0.9999999999999999,30,30,1.0,0.8864866068260312,0.9999999999999999,30,30,1.0,0.8864866068260312,0.9999999999999999,30,30,1.0,0.8864866068260312,0.9999999999999999,30,30,0.8333333333333334,0.6643564949358398,0.9266345762815145,30,25,1.0,0.8864866068260312,0.9999999999999999,30,30,0.5666666666666667,0.3919730700081361,0.7262251442353347,30,17,1.0,0.8864866068260312,0.9999999999999999,30,30,0.9333333333333333,0.7867654163738308,0.9815229762087295,30,28,1.0,0.8864866068260312,0.9999999999999999,30,30,1.0,0.8864866068260312,0.9999999999999999,30,30,0.0,0.0,0.11351339317396876,30,0,0.0,0.0,0.11351339317396876,30,0,1.0,0.8864866068260312,0.9999999999999999,30,30,0.0,0.0,0.11351339317396876,30,0,0.6,0.42320360253322475,0.7540937188319815,30,18,0.9333333333333333,0.7867654163738308,0.9815229762087295,30,28,0.0,0.0,0.11351339317396876,30,0,0.0,0.0,0.0,0.0,0.0,0.0,0.11351339317396876,0,30,1.0,0.8864866068260312,0.9999999999999999,30,0.0,163.0,161.0,169.0,165.66666666666666,11.170568884143828,0.06742798119201505,2423.5,50.46666666666667,0.33659722222222216,0.22581481481481475,0.1792338296391991,0.04984591238071781,0.17980778237712366,0.06134994324320811,0.01662380203870643,2.3422389457612955,112.33333333333333,0.21184743662393482,-0.005492105439534342,0.016971168088641984,4.582339943105014,0.6784063463999701,0.8666666666666667,3.7170003973665358
24,fr=0.2 cap=1 pref=1000,30,0.2,1,1000.0,True,,,,0,0,,,,0,0,,,,0,0,1.0,0.8864866068260312,0.9999999999999999,30,30,0.9666666666666667,0.8332960900859082,0.9940914096183874,30,29,1.0,0.8864866068260312,0.9999999999999999,30,30,1.0,0.8864866068260312,0.9999999999999999,30,30,0.7,0.5212421254128504,0.8333525173175619,30,21,1.0,0.8864866068260312,0.9999999999999999,30,30,0.4666666666666667,0.30232388907699753,0.638577003801267,30,14,1.0,0.8864866068260312,0.9999999999999999,30,30,1.0,0.8864866068260312,0.9999999999999999,30,30,1.0,0.8864866068260312,0.9999999999999999,30,30,1.0,0.8864866068260312,0.9999999999999999,30,30,0.0,0.0,0.11351339317396876,30,0,0.0,0.0,0.11351339317396876,30,0,1.0,0.8864866068260312,0.9999999999999999,30,30,0.0,0.0,0.11351339317396876,30,0,0.6,0.42320360253322475,0.7540937188319815,30,18,0.9666666666666667,0.8332960900859082,0.9940914096183874,30,29,0.0,0.0,0.11351339317396876,30,0,0.0,0.0,0.0,0.0,0.0,0.0,0.11351339317396876,0,30,1.0,0.8864866068260312,0.9999999999999999,30,0.0,167.0,163.0,175.0,169.2,12.515920895486234,0.07397116368490683,2468.766666666667,53.2,0.3428842592592592,0.19448148148148148,0.18216427286019823,0.07267806435299314,0.1745312097850659,0.07063258617741688,0.018362804394478852,2.222604532782657,110.9,0.21591567853190322,-0.005907258506241958,0.018592026514166013,4.5547704037167165,0.7114613393331335,0.8666666666666667,4.490219255840103
25,fr=0.2 cap=2 pref=0,30,0.2,2,0.0,True,,,,0,0,,,,0,0,,,,0,0,1.0,0.8864866068260312,0.9999999999999999,30,30,1.0,0.8864866068260312,0.9999999999999999,30,30,1.0,0.8864866068260312,0.9999999999999999,30,30,1.0,0.8864866068260312,0.9999999999999999,30,30,0.9,0.7437891742081593,0.9654001112526658,30,27,1.0,0.8864866068260312,0.9999999999999999,30,30,0.4666666666666667,0.30232388907699753,0.638577003801267,30,14,1.0,0.8864866068260312,0.9999999999999999,30,30,1.0,0.8864866068260312,0.9999999999999999,30,30,1.0,0.8864866068260312,0.9999999999999999,30,30,1.0,0.8864866068260312,0.9999999999999999,30,30,0.0,0.0,0.12455502974186705,27,0,0.0,0.0,0.11351339317396876,30,0,1.0,0.8864866068260312,0.9999999999999999,30,30,0.0,0.0,0.11351339317396876,30,0,0.26666666666666666,0.14182663319596317,0.4444796169518888,30,8,1.0,0.8864866068260312,0.9999999999999999,30,30,0.0,0.0,0.11351339317396876,30,0,0.0,0.0,0.0,0.0,0.0,0.0,0.11351339317396876,0,30,1.0,0.8864866068260312,0.9999999999999999,30,0.0,162.0,158.0,166.0,163.93333333333334,12.099966752115431,0.07381028925649917,2750.8333333333335,51.766666666666666,0.38206018518518514,0.24725925925925926,0.13946436784012206,0.009796751451651915,0.18338503663332767,0.04173729150388438,0.014625167786632148,2.2369408981759946,110.53333333333333,0.23761229171148768,-0.007223306719407328,0.014825071637638366,4.840819150588199,0.7879641919664209,0.8333333333333334,4.454624356881233
26,fr=0.2 cap=2 pref=10,30,0.2,2,10.0,True,,,,0,0,,,,0,0,,,,0,0,1.0,0.8864866068260312,0.9999999999999999,30,30,1.0,0.8864866068260312,0.9999999999999999,30,30,1.0,0.8864866068260312,0.9999999999999999,30,30,1.0,0.8864866068260312,0.9999999999999999,30,30,0.7333333333333333,0.555520383048111,0.8581733668040368,30,22,1.0,0.8864866068260312,0.9999999999999999,30,30,0.5,0.33154125640533766,0.6684587435946623,30,15,1.0,0.8864866068260312,0.9999999999999999,30,30,1.0,0.8864866068260312,0.9999999999999999,30,30,1.0,0.8864866068260312,0.9999999999999999,30,30,1.0,0.8864866068260312,0.9999999999999999,30,30,0.0,0.0,0.11351339317396876,30,0,0.0,0.0,0.11351339317396876,30,0,1.0,0.8864866068260312,0.9999999999999999,30,30,0.0,0.0,0.11351339317396876,30,0,0.43333333333333335,0.2737748557646652,0.6080269299918639,30,13,1.0,0.8864866068260312,0.9999999999999999,30,30,0.0,0.0,0.11351339317396876,30,0,0.0,0.0,0.0,0.0,0.0,0.0,0.11351339317396876,0,30,1.0,0.8864866068260312,0.9999999999999999,30,0.0,167.0,162.0,173.0,168.43333333333334,11.775729960047233,0.06991329879307678,2736.233333333333,54.03333333333333,0.38003240740740735,0.17399999999999996,0.20254649107459485,0.03899177100286401,0.15388556299647044,0.09791064759496428,0.01577690091809166,2.1629807901236355,109.46666666666667,0.23500676342144505,-0.006858096425059005,0.015999611031532503,4.431702435464219,0.8157715639333522,0.7666666666666667,3.8839486957559526
27,fr=0.2 cap=2 pref=30,30,0.2,2,30.0,True,,,,0,0,,,,0,0,,,,0,0,1.0,0.8864866068260312,0.9999999999999999,30,30,1.0,0.8864866068260312,0.9999999999999999,30,30,1.0,0.8864866068260312,0.9999999999999999,30,30,1.0,0.8864866068260312,0.9999999999999999,30,30,0.8333333333333334,0.6643564949358398,0.9266345762815145,30,25,1.0,0.8864866068260312,0.9999999999999999,30,30,0.5,0.33154125640533766,0.6684587435946623,30,15,1.0,0.8864866068260312,0.9999999999999999,30,30,1.0,0.8864866068260312,0.9999999999999999,30,30,1.0,0.8864866068260312,0.9999999999999999,30,30,1.0,0.8864866068260312,0.9999999999999999,30,30,0.0,0.0,0.11351339317396876,30,0,0.0,0.0,0.11351339317396876,30,0,1.0,0.8864866068260312,0.9999999999999999,30,30,0.03333333333333333,0.005908590381612455,0.16670390991409173,30,1,0.36666666666666664,0.21873920806100708,0.5448643634520511,30,11,1.0,0.8864866068260312,0.9999999999999999,30,30,0.0,0.0,0.11351339317396876,30,0,0.0,0.0,0.0,0.0,0.0,0.0,0.11351339317396876,0,30,1.0,0.8864866068260312,0.9999999999999999,30,0.0,163.0,157.0,168.0,165.3,11.092557305969029,0.06710560983647325,2678.1666666666665,51.9,0.3719675925925925,0.18281481481481482,0.2219587844451749,0.07383784249995841,0.18368674307966928,0.11379279448032138,0.015293566976709187,2.2312430460044443,109.9,0.2275594830788766,-0.00701132483603801,0.015484445262393608,4.53492112897931,0.7317854010335092,0.8333333333333334,3.9943926213872745
28,fr=0.2 cap=2 pref=100,30,0.2,2,100.0,True,,,,0,0,,,,0,0,,,,0,0,1.0,0.8864866068260312,0.9999999999999999,30,30,1.0,0.8864866068260312,0.9999999999999999,30,30,1.0,0.8864866068260312,0.9999999999999999,30,30,1.0,0.8864866068260312,0.9999999999999999,30,30,0.7333333333333333,0.555520383048111,0.8581733668040368,30,22,1.0,0.8864866068260312,0.9999999999999999,30,30,0.36666666666666664,0.21873920806100708,0.5448643634520511,30,11,1.0,0.8864866068260312,0.9999999999999999,30,30,1.0,0.8864866068260312,0.9999999999999999,30,30,1.0,0.8864866068260312,0.9999999999999999,30,30,1.0,0.8864866068260312,0.9999999999999999,30,30,0.0,0.0,0.11351339317396876,30,0,0.8333333333333334,0.6643564949358398,0.9266345762815145,30,25,1.0,0.8864866068260312,0.9999999999999999,30,30,0.0,0.0,0.11351339317396876,30,0,0.43333333333333335,0.2737748557646652,0.6080269299918639,30,13,1.0,0.8864866068260312,0.9999999999999999,30,30,0.8333333333333334,0.6643564949358398,0.9266345762815145,30,25,0.0,0.0,0.0,0.0,0.8333333333333334,0.6643564949358398,0.9266345762815145,25,30,1.0,0.8864866068260312,0.9999999999999999,30,0.0,164.0,162.0,167.0,166.63333333333333,10.688322126744566,0.06414276131272995,2666.3333333333335,51.86666666666667,0.37032407407407403,0.1855555555555555,0.23140935088620934,0.1131033472023781,0.19001590047717418,0.12625872849279543,0.01796099037956709,2.2719037180267594,109.5,0.22691514900569845,-0.006833796791842817,0.01816640090628211,4.551008988063132,0.7458433930999794,0.8666666666666667,5.56311745894952
29,fr=0.2 cap=2 pref=1000,30,0.2,2,1000.0,True,,,,0,0,,,,0,0,,,,0,0,1.0,0.8864866068260312,0.9999999999999999,30,30,1.0,0.8864866068260312,0.9999999999999999,30,30,1.0,0.8864866068260312,0.9999999999999999,30,30,1.0,0.8864866068260312,0.9999999999999999,30,30,0.1,0.03459988874733419,0.25621082579184085,30,3,1.0,0.8864866068260312,0.9999999999999999,30,30,0.16666666666666666,0.0733654237184855,0.3356435050641603,30,5,1.0,0.8864866068260312,0.9999999999999999,30,30,1.0,0.8864866068260312,0.9999999999999999,30,30,1.0,0.8864866068260312,0.9999999999999999,30,30,1.0,0.8864866068260312,0.9999999999999999,30,30,0.0,0.0,0.11351339317396876,30,0,0.7,0.5212421254128504,0.8333525173175619,30,21,1.0,0.8864866068260312,0.9999999999999999,30,30,0.03333333333333333,0.005908590381612455,0.16670390991409173,30,1,0.7666666666666667,0.5907167384187784,0.8820761185551049,30,23,1.0,0.8864866068260312,0.9999999999999999,30,30,0.7,0.5212421254128504,0.8333525173175619,30,21,0.0,0.0,0.0,0.0,0.7,0.5212421254128504,0.8333525173175619,21,30,1.0,0.8864866068260312,0.9999999999999999,30,0.0,191.0,184.0,194.0,188.7,12.426750900015438,0.065854535771147,2892.4333333333334,60.06666666666667,0.40172685185185186,0.14822222222222214,0.20549551918894088,0.11508236573433638,0.17001606004622857,0.12285695537762252,0.01858531481913147,2.1728799851320426,107.5,0.22538791537334074,-0.005835808419491403,0.01872046366462857,4.488168115431263,0.8503262929333384,0.7666666666666667,4.967133357692689
30,fr=0.3 cap=1 pref=0,30,0.3,1,0.0,True,,,,0,0,,,,0,0,,,,0,0,1.0,0.8864866068260312,0.9999999999999999,30,30,1.0,0.8864866068260312,0.9999999999999999,30,30,1.0,0.8864866068260312,0.9999999999999999,30,30,1.0,0.8864866068260312,0.9999999999999999,30,30,0.9,0.7437891742081593,0.9654001112526658,30,27,1.0,0.8864866068260312,0.9999999999999999,30,30,0.4,0.24590628116801852,0.5767963974667752,30,12,1.0,0.8864866068260312,0.9999999999999999,30,30,1.0,0.8864866068260312,0.9999999999999999,30,30,1.0,0.8864866068260312,0.9999999999999999,30,30,0.9666666666666667,0.8332960900859082,0.9940914096183874,30,29,0.0,0.0,0.14865487460862087,22,0,0.0,0.0,0.11351339317396876,30,0,1.0,0.8864866068260312,0.9999999999999999,30,30,0.03333333333333333,0.005908590381612455,0.16670390991409173,30,1,0.36666666666666664,0.21873920806100708,0.5448643634520511,30,11,0.9666666666666667,0.8332960900859082,0.9940914096183874,30,29,0.0,0.0,0.11351339317396876,30,0,0.0,0.0,0.0,0.0,0.0,0.0,0.11351339317396876,0,30,1.0,0.8864866068260312,0.9999999999999999,30,0.0,157.0,155.0,163.0,160.3,9.109108741746665,0.05682538204458306,2373.5333333333333,48.13333333333333,0.3296574074074074,0.3467407407407407,0.12654525706071576,0.01007350081300511,0.20766899790594914,0.033308932125272105,0.013300583193007542,2.3891172837417263,110.8,0.21846912121354276,-0.007620931570106063,0.01365318015363273,5.000983820032654,0.6500999730667293,0.9333333333333333,3.4977825487901173
31,fr=0.3 cap=1 pref=10,30,0.3,1,10.0,True,,,,0,0,,,,0,0,,,,0,0,1.0,0.8864866068260312,0.9999999999999999,30,30,1.0,0.8864866068260312,0.9999999999999999,30,30,1.0,0.8864866068260312,0.9999999999999999,30,30,1.0,0.8864866068260312,0.9999999999999999,30,30,0.6666666666666666,0.4878005164454384,0.8076950191632386,30,20,1.0,0.8864866068260312,0.9999999999999999,30,30,0.5,0.33154125640533766,0.6684587435946623,30,15,1.0,0.8864866068260312,0.9999999999999999,30,30,0.9333333333333333,0.7867654163738308,0.9815229762087295,30,28,1.0,0.8864866068260312,0.9999999999999999,30,30,1.0,0.8864866068260312,0.9999999999999999,30,30,0.0,0.0,0.11351339317396876,30,0,0.0,0.0,0.11351339317396876,30,0,1.0,0.8864866068260312,0.9999999999999999,30,30,0.0,0.0,0.11351339317396876,30,0,0.5666666666666667,0.3919730700081361,0.7262251442353347,30,17,0.9333333333333333,0.7867654163738308,0.9815229762087295,30,28,0.0,0.0,0.11351339317396876,30,0,0.0,0.0,0.0,0.0,0.0,0.0,0.11351339317396876,0,30,1.0,0.8864866068260312,0.9999999999999999,30,0.0,166.0,159.0,171.0,166.13333333333333,10.601669788238576,0.06381422424702193,2332.9,53.2,0.3240138888888888,0.25022222222222223,0.17425295620416523,0.028036161933932307,0.1517693414005993,0.06950251952797509,0.013638017790915126,2.164391459504736,109.16666666666667,0.2098392222858369,-0.005610070469146947,0.013859702065639423,4.455299170540024,0.6353026788334318,0.7,4.850050361155761
32,fr=0.3 cap=1 pref=30,30,0.3,1,30.0,True,,,,0,0,,,,0,0,,,,0,0,1.0,0.8864866068260312,0.9999999999999999,30,30,0.9666666666666667,0.8332960900859082,0.9940914096183874,30,29,1.0,0.8864866068260312,0.9999999999999999,30,30,1.0,0.8864866068260312,0.9999999999999999,30,30,0.7,0.5212421254128504,0.8333525173175619,30,21,1.0,0.8864866068260312,0.9999999999999999,30,30,0.3333333333333333,0.19230498083676134,0.5121994835545616,30,10,1.0,0.8864866068260312,0.9999999999999999,30,30,1.0,0.8864866068260312,0.9999999999999999,30,30,1.0,0.8864866068260312,0.9999999999999999,30,30,1.0,0.8864866068260312,0.9999999999999999,30,30,0.0,0.0,0.11351339317396876,30,0,0.0,0.0,0.11351339317396876,30,0,1.0,0.8864866068260312,0.9999999999999999,30,30,0.0,0.0,0.11351339317396876,30,0,0.6,0.42320360253322475,0.7540937188319815,30,18,0.9666666666666667,0.8332960900859082,0.9940914096183874,30,29,0.0,0.0,0.11351339317396876,30,0,0.0,0.0,0.0,0.0,0.0,0.0,0.11351339317396876,0,30,1.0,0.8864866068260312,0.9999999999999999,30,0.0,163.0,158.0,171.0,165.03333333333333,9.838290198148686,0.059613957977067374,2267.5,50.4,0.31493055555555544,0.23918518518518514,0.19321811408856718,0.047420751749600774,0.1646709959242499,0.08537634126007886,0.016978662877854486,2.3148837184361097,109.4,0.2043253061706092,-0.00554964937713218,0.01730718555183001,4.449440036151078,0.6143558061333655,0.9333333333333333,5.957319462007538
33,fr=0.3 cap=1 pref=100,30,0.3,1,100.0,True,,,,0,0,,,,0,0,,,,0,0,1.0,0.8864866068260312,0.9999999999999999,30,30,0.9666666666666667,0.8332960900859082,0.9940914096183874,30,29,1.0,0.8864866068260312,0.9999999999999999,30,30,1.0,0.8864866068260312,0.9999999999999999,30,30,0.6666666666666666,0.4878005164454384,0.8076950191632386,30,20,1.0,0.8864866068260312,0.9999999999999999,30,30,0.3333333333333333,0.19230498083676134,0.5121994835545616,30,10,1.0,0.8864866068260312,0.9999999999999999,30,30,0.9666666666666667,0.8332960900859082,0.9940914096183874,30,29,1.0,0.8864866068260312,0.9999999999999999,30,30,1.0,0.8864866068260312,0.9999999999999999,30,30,0.0,0.0,0.11351339317396876,30,0,0.0,0.0,0.11351339317396876,30,0,1.0,0.8864866068260312,0.9999999999999999,30,30,0.03333333333333333,0.005908590381612455,0.16670390991409173,30,1,0.6666666666666666,0.4878005164454384,0.8076950191632386,30,20,0.9333333333333333,0.7867654163738308,0.9815229762087295,30,28,0.0,0.0,0.11351339317396876,30,0,0.0,0.0,0.0,0.0,0.0,0.0,0.11351339317396876,0,30,1.0,0.8864866068260312,0.9999999999999999,30,0.0,166.0,160.0,171.0,166.8,10.905234428064098,0.06537910328575598,2245.9333333333334,54.8,0.31193518518518515,0.2199259259259259,0.20895534734371263,0.07904744949930587,0.1952887652826482,0.10119677697370281,0.013269473523883812,2.1008416170610915,110.2,0.1979580409897558,-0.005115387942186721,0.013513853205132442,4.562263379602592,0.6044714781002767,0.7666666666666667,5.665381869224522
34,fr=0.3 cap=1 pref=1000,30,0.3,1,1000.0,True,,,,0,0,,,,0,0,,,,0,0,1.0,0.8864866068260312,0.9999999999999999,30,30,0.9666666666666667,0.8332960900859082,0.9940914096183874,30,29,1.0,0.8864866068260312,0.9999999999999999,30,30,1.0,0.8864866068260312,0.9999999999999999,30,30,0.5666666666666667,0.3919730700081361,0.7262251442353347,30,17,1.0,0.8864866068260312,0.9999999999999999,30,30,0.3,0.16664748268243793,0.47875787458714947,30,9,1.0,0.8864866068260312,0.9999999999999999,30,30,0.9666666666666667,0.8332960900859082,0.9940914096183874,30,29,1.0,0.8864866068260312,0.9999999999999999,30,30,1.0,0.8864866068260312,0.9999999999999999,30,30,0.0,0.0,0.11351339317396876,30,0,0.7333333333333333,0.555520383048111,0.8581733668040368,30,22,0.9666666666666667,0.8332960900859082,0.9940914096183874,30,29,0.06666666666666667,0.018477023791270378,0.2132345836261692,30,2,0.7666666666666667,0.5907167384187784,0.8820761185551049,30,23,0.9333333333333333,0.7867654163738308,0.9815229762087295,30,28,0.7,0.5212421254128504,0.8333525173175619,30,21,0.0,0.0,0.0,0.0,0.7,0.5212421254128504,0.8333525173175619,21,30,1.0,0.8864866068260312,0.9999999999999999,30,0.0,168.0,164.0,177.0,171.86666666666667,13.667816043622288,0.07952569459050982,2282.9,53.56666666666667,0.31706944444444435,0.18518518518518515,0.21151130626321554,0.11252228788570053,0.18688242724055,0.11458995710248146,0.01917951858647767,2.27060679234343,109.63333333333334,0.20496799030582086,-0.005370387350040238,0.019399786932519734,4.486258699831172,0.6272398671000095,0.8,6.875660887774947
35,fr=0.3 cap=2 pref=0,30,0.3,2,0.0,True,,,,0,0,,,,0,0,,,,0,0,1.0,0.8864866068260312,0.9999999999999999,30,30,1.0,0.8864866068260312,0.9999999999999999,30,30,1.0,0.8864866068260312,0.9999999999999999,30,30,1.0,0.8864866068260312,0.9999999999999999,30,30,0.8666666666666667,0.703186733179637,0.9469034451594526,30,26,1.0,0.8864866068260312,0.9999999999999999,30,30,0.5,0.33154125640533766,0.6684587435946623,30,15,1.0,0.8864866068260312,0.9999999999999999,30,30,1.0,0.8864866068260312,0.9999999999999999,30,30,1.0,0.8864866068260312,0.9999999999999999,30,30,1.0,0.8864866068260312,0.9999999999999999,30,30,0.0,0.0,0.11351339317396876,30,0,0.0,0.0,0.11351339317396876,30,0,1.0,0.8864866068260312,0.9999999999999999,30,30,0.0,0.0,0.11351339317396876,30,0,0.4,0.24590628116801852,0.5767963974667752,30,12,1.0,0.8864866068260312,0.9999999999999999,30,30,0.0,0.0,0.11351339317396876,30,0,0.0,0.0,0.0,0.0,0.0,0.0,0.11351339317396876,0,30,1.0,0.8864866068260312,0.9999999999999999,30,0.0,157.0,155.0,160.0,160.96666666666667,11.251002509610615,0.06989647448505248,2608.5,49.333333333333336,0.36229166666666657,0.26966666666666667,0.15502945947192848,0.012331034368833312,0.2044007215158406,0.06938861602831485,0.015018584848483315,2.3261342679813892,109.7,0.23031026119890713,-0.007521898120062936,0.01519400288215509,4.913089409035817,0.738000270366562,0.8666666666666667,6.639225131355886
36,fr=0.3 cap=2 pref=10,30,0.3,2,10.0,True,,,,0,0,,,,0,0,,,,0,0,1.0,0.8864866068260312,0.9999999999999999,30,30,1.0,0.8864866068260312,0.9999999999999999,30,30,1.0,0.8864866068260312,0.9999999999999999,30,30,1.0,0.8864866068260312,0.9999999999999999,30,30,0.7666666666666667,0.5907167384187784,0.8820761185551049,30,23,1.0,0.8864866068260312,0.9999999999999999,30,30,0.4666666666666667,0.30232388907699753,0.638577003801267,30,14,1.0,0.8864866068260312,0.9999999999999999,30,30,1.0,0.8864866068260312,0.9999999999999999,30,30,1.0,0.8864866068260312,0.9999999999999999,30,30,1.0,0.8864866068260312,0.9999999999999999,30,30,0.0,0.0,0.11351339317396876,30,0,0.0,0.0,0.11351339317396876,30,0,1.0,0.8864866068260312,0.9999999999999999,30,30,0.0,0.0,0.11351339317396876,30,0,0.6333333333333333,0.4551356365479487,0.7812607919389929,30,19,1.0,0.8864866068260312,0.9999999999999999,30,30,0.0,0.0,0.11351339317396876,30,0,0.0,0.0,0.0,0.0,0.0,0.0,0.11351339317396876,0,30,1.0,0.8864866068260312,0.9999999999999999,30,0.0,168.0,164.0,172.0,168.5,9.48592423650377,0.05629628627005205,2624.0333333333333,56.36666666666667,0.3644490740740742,0.15837037037037036,0.2512317267244509,0.06705961867090139,0.1577679376586892,0.15589073602943745,0.013882404692279181,2.0221942437408575,109.83333333333333,0.22800615608215624,-0.006504539459949138,0.014044625715841313,4.283207510868412,0.7787455794333558,0.6666666666666666,4.814370251605108
37,fr=0.3 cap=2 pref=30,30,0.3,2,30.0,True,,,,0,0,,,,0,0,,,,0,0,1.0,0.8864866068260312,0.9999999999999999,30,30,1.0,0.8864866068260312,0.9999999999999999,30,30,1.0,0.8864866068260312,0.9999999999999999,30,30,1.0,0.8864866068260312,0.9999999999999999,30,30,0.7666666666666667,0.5907167384187784,0.8820761185551049,30,23,1.0,0.8864866068260312,0.9999999999999999,30,30,0.43333333333333335,0.2737748557646652,0.6080269299918639,30,13,1.0,0.8864866068260312,0.9999999999999999,30,30,1.0,0.8864866068260312,0.9999999999999999,30,30,1.0,0.8864866068260312,0.9999999999999999,30,30,1.0,0.8864866068260312,0.9999999999999999,30,30,0.0,0.0,0.11351339317396876,30,0,1.0,0.8864866068260312,0.9999999999999999,30,30,1.0,0.8864866068260312,0.9999999999999999,30,30,0.0,0.0,0.11351339317396876,30,0,0.6333333333333333,0.4551356365479487,0.7812607919389929,30,19,1.0,0.8864866068260312,0.9999999999999999,30,30,1.0,0.8864866068260312,0.9999999999999999,30,30,0.0,0.0,0.0,0.0,1.0,0.8864866068260312,0.9999999999999999,30,30,1.0,0.8864866068260312,0.9999999999999999,30,0.0,170.0,165.0,172.0,168.76666666666668,7.472632058723183,0.044277890926663135,2610.6,54.233333333333334,0.36258333333333326,0.1582222222222222,0.27045179498916105,0.12021644512239028,0.1929061457228669,0.1776840292017598,0.014129545140609247,2.1646284396706443,111.73333333333333,0.22639649065455889,-0.006541795588369388,0.014417174323865939,4.40512885838338,0.725458705933185,0.7666666666666667,5.258381377633585
38,fr=0.3 cap=2 pref=100,30,0.3,2,100.0,True,,,,0,0,,,,0,0,,,,0,0,1.0,0.8864866068260312,0.9999999999999999,30,30,1.0,0.8864866068260312,0.9999999999999999,30,30,1.0,0.8864866068260312,0.9999999999999999,30,30,1.0,0.8864866068260312,0.9999999999999999,30,30,0.6333333333333333,0.4551356365479487,0.7812607919389929,30,19,1.0,0.8864866068260312,0.9999999999999999,30,30,0.3,0.16664748268243793,0.47875787458714947,30,9,1.0,0.8864866068260312,0.9999999999999999,30,30,1.0,0.8864866068260312,0.9999999999999999,30,30,1.0,0.8864866068260312,0.9999999999999999,30,30,1.0,0.8864866068260312,0.9999999999999999,30,30,0.0,0.0,0.11351339317396876,30,0,1.0,0.8864866068260312,0.9999999999999999,30,30,1.0,0.8864866068260312,0.9999999999999999,30,30,0.0,0.0,0.11351339317396876,30,0,0.8333333333333334,0.6643564949358398,0.9266345762815145,30,25,1.0,0.8864866068260312,0.9999999999999999,30,30,1.0,0.8864866068260312,0.9999999999999999,30,30,0.0,0.0,0.0,0.0,1.0,0.8864866068260312,0.9999999999999999,30,30,1.0,0.8864866068260312,0.9999999999999999,30,0.0,171.0,165.0,177.0,172.53333333333333,10.737409092653055,0.06223382395278046,2608.2,56.8,0.36225000000000007,0.1635185185185185,0.28577438605591604,0.17355999708559158,0.19274471577703514,0.19451489697396837,0.01356677058443498,2.0611606188049185,109.63333333333334,0.22355551200489726,-0.006475609302197233,0.013721568747970862,4.426822398858942,0.7126707921669246,0.8,4.429395018496889
39,fr=0.3 cap=2 pref=1000,30,0.3,2,1000.0,True,,,,0,0,,,,0,0,,,,0,0,1.0,0.8864866068260312,0.9999999999999999,30,30,0.9333333333333333,0.7867654163738308,0.9815229762087295,30,28,1.0,0.8864866068260312,0.9999999999999999,30,30,1.0,0.8864866068260312,0.9999999999999999,30,30,0.13333333333333333,0.053096554840547455,0.296813266820363,30,4,1.0,0.8864866068260312,0.9999999999999999,30,30,0.3333333333333333,0.19230498083676134,0.5121994835545616,30,10,1.0,0.8864866068260312,0.9999999999999999,30,30,1.0,0.8864866068260312,0.9999999999999999,30,30,1.0,0.8864866068260312,0.9999999999999999,30,30,1.0,0.8864866068260312,0.9999999999999999,30,30,0.0,0.0,0.11351339317396876,30,0,1.0,0.8864866068260312,0.9999999999999999,30,30,1.0,0.8864866068260312,0.9999999999999999,30,30,0.03333333333333333,0.005908590381612455,0.16670390991409173,30,1,0.9333333333333333,0.7867654163738308,0.9815229762087295,30,28,0.9333333333333333,0.7867654163738308,0.9815229762087295,30,28,0.9333333333333333,0.7867654163738308,0.9815229762087295,30,28,0.0,0.0,0.0,0.0,0.9333333333333333,0.7867654163738308,0.9815229762087295,28,30,1.0,0.8864866068260312,0.9999999999999999,30,0.0,192.0,185.0,197.0,192.9,17.390742682084706,0.09015418705072424,2844.133333333333,61.9,0.3950185185185185,0.12981481481481477,0.2517326309887775,0.1737836764552587,0.18793818028205828,0.18764477833727772,0.021239250032822864,2.1296538125378666,108.1,0.21910821870762723,-0.005426885177085147,0.021375445699798306,4.447129022541677,0.8025354680664653,0.8333333333333334,4.603971299230474
40,fr=0.4 cap=1 pref=0,30,0.4,1,0.0,True,,,,0,0,,,,0,0,,,,0,0,1.0,0.8864866068260312,0.9999999999999999,30,30,1.0,0.8864866068260312,0.9999999999999999,30,30,1.0,0.8864866068260312,0.9999999999999999,30,30,1.0,0.8864866068260312,0.9999999999999999,30,30,0.9,0.7437891742081593,0.9654001112526658,30,27,1.0,0.8864866068260312,0.9999999999999999,30,30,0.4,0.24590628116801852,0.5767963974667752,30,12,1.0,0.8864866068260312,0.9999999999999999,30,30,0.9666666666666667,0.8332960900859082,0.9940914096183874,30,29,1.0,0.8864866068260312,0.9999999999999999,30,30,1.0,0.8864866068260312,0.9999999999999999,30,30,0.0,1.3877787807814457e-17,0.12064330476584563,28,0,0.0,0.0,0.11351339317396876,30,0,1.0,0.8864866068260312,0.9999999999999999,30,30,0.03333333333333333,0.005908590381612455,0.16670390991409173,30,1,0.5666666666666667,0.3919730700081361,0.7262251442353347,30,17,0.9666666666666667,0.8332960900859082,0.9940914096183874,30,29,0.0,0.0,0.11351339317396876,30,0,0.0,0.0,0.0,0.0,0.0,0.0,0.11351339317396876,0,30,1.0,0.8864866068260312,0.9999999999999999,30,0.0,158.0,153.0,163.0,160.0,12.179689141608126,0.07612305713505078,2177.9666666666667,45.5,0.30249537037037033,0.4017407407407407,0.12678110147390767,0.012306371807745443,0.24352152475318084,0.04687562268168084,0.014249030101692855,2.5672905861475637,111.46666666666667,0.20562282471828783,-0.006266063492210721,0.014749109381976993,5.261550570154925,0.5751098540332653,1.0,3.8122609214655454
41,fr=0.4 cap=1 pref=10,30,0.4,1,10.0,True,,,,0,0,,,,0,0,,,,0,0,1.0,0.8864866068260312,0.9999999999999999,30,30,0.9333333333333333,0.7867654163738308,0.9815229762087295,30,28,1.0,0.8864866068260312,0.9999999999999999,30,30,1.0,0.8864866068260312,0.9999999999999999,30,30,0.6333333333333333,0.4551356365479487,0.7812607919389929,30,19,1.0,0.8864866068260312,0.9999999999999999,30,30,0.36666666666666664,0.21873920806100708,0.5448643634520511,30,11,1.0,0.8864866068260312,0.9999999999999999,30,30,0.9666666666666667,0.8332960900859082,0.9940914096183874,30,29,1.0,0.8864866068260312,0.9999999999999999,30,30,1.0,0.8864866068260312,0.9999999999999999,30,30,0.0,0.0,0.11351339317396876,30,0,0.0,0.0,0.11351339317396876,30,0,1.0,0.8864866068260312,0.9999999999999999,30,30,0.0,0.0,0.11351339317396876,30,0,0.5333333333333333,0.36142299619873297,0.6976761109230025,30,16,0.9,0.7437891742081593,0.9654001112526658,30,27,0.0,0.0,0.11351339317396876,30,0,0.0,0.0,0.0,0.0,0.0,0.0,0.11351339317396876,0,30,1.0,0.8864866068260312,0.9999999999999999,30,0.0,165.0,158.0,171.0,167.03333333333333,14.516300785866457,0.08690661017281855,2121.9666666666667,51.93333333333333,0.2947175925925925,0.26366666666666666,0.2046280881565381,0.04455637546293575,0.15973934742385126,0.10669705656931235,0.01686841098571037,2.286843068762248,111.23333333333333,0.19852361199108853,-0.005095769198003983,0.017151496144698134,4.403584222721735,0.6034743076001784,0.8,3.578511859200244
42,fr=0.4 cap=1 pref=30,30,0.4,1,30.0,True,,,,0,0,,,,0,0,,,,0,0,1.0,0.8864866068260312,0.9999999999999999,30,30,1.0,0.8864866068260312,0.9999999999999999,30,30,1.0,0.8864866068260312,0.9999999999999999,30,30,1.0,0.8864866068260312,0.9999999999999999,30,30,0.7333333333333333,0.555520383048111,0.8581733668040368,30,22,1.0,0.8864866068260312,0.9999999999999999,30,30,0.3,0.16664748268243793,0.47875787458714947,30,9,1.0,0.8864866068260312,0.9999999999999999,30,30,0.9666666666666667,0.8332960900859082,0.9940914096183874,30,29,1.0,0.8864866068260312,0.9999999999999999,30,30,1.0,0.8864866068260312,0.9999999999999999,30,30,0.0,0.0,0.11351339317396876,30,0,0.0,0.0,0.11351339317396876,30,0,1.0,0.8864866068260312,0.9999999999999999,30,30,0.0,0.0,0.11351339317396876,30,0,0.8,0.6269430358685175,0.9049489282271013,30,24,0.9666666666666667,0.8332960900859082,0.9940914096183874,30,29,0.0,0.0,0.11351339317396876,30,0,0.0,0.0,0.0,0.0,0.0,0.0,0.11351339317396876,0,30,1.0,0.8864866068260312,0.9999999999999999,30,0.0,161.0,158.0,169.0,165.13333333333333,11.303747725585445,0.06845224702615328,2090.6,50.53333333333333,0.29036111111111107,0.23407407407407405,0.22195224850128822,0.07194117013847068,0.16460206161643628,0.12693390872848326,0.016386338507570684,2.335894005449937,110.36666666666666,0.1880291184036221,-0.0051411941622114266,0.016619653546336537,4.301389823885428,0.5662397032331986,0.9333333333333333,4.2465672411176225
43,fr=0.4 cap=1 pref=100,30,0.4,1,100.0,True,,,,0,0,,,,0,0,,,,0,0,1.0,0.8864866068260312,0.9999999999999999,30,30,0.9666666666666667,0.8332960900859082,0.9940914096183874,30,29,1.0,0.8864866068260312,0.9999999999999999,30,30,1.0,0.8864866068260312,0.9999999999999999,30,30,0.6,0.42320360253322475,0.7540937188319815,30,18,1.0,0.8864866068260312,0.9999999999999999,30,30,0.3333333333333333,0.19230498083676134,0.5121994835545616,30,10,1.0,0.8864866068260312,0.9999999999999999,30,30,1.0,0.8864866068260312,0.9999999999999999,30,30,1.0,0.8864866068260312,0.9999999999999999,30,30,1.0,0.8864866068260312,0.9999999999999999,30,30,0.0,0.0,0.11351339317396876,30,0,0.9333333333333333,0.7867654163738308,0.9815229762087295,30,28,0.9,0.7437891742081593,0.9654001112526658,30,27,0.0,0.0,0.11351339317396876,30,0,0.7333333333333333,0.555520383048111,0.8581733668040368,30,22,0.9666666666666667,0.8332960900859082,0.9940914096183874,30,29,0.9,0.7437891742081593,0.9654001112526658,30,27,0.0,0.0,0.0,0.0,0.9,0.7437891742081593,0.9654001112526658,27,30,1.0,0.8864866068260312,0.9999999999999999,30,0.0,166.0,161.0,172.0,168.16666666666666,12.81185693648347,0.07618547236759249,2081.4,53.233333333333334,0.2890833333333333,0.206037037037037,0.24798822705501122,0.11720001399574945,0.20270788138543225,0.14749315564055587,0.013543386700677862,2.201147970884757,111.33333333333333,0.18411683882157495,-0.0048019375138112575,0.013863755089868453,4.462398114192661,0.5979769340333708,0.8,4.179864156622329
44,fr=0.4 cap=1 pref=1000,30,0.4,1,1000.0,True,,,,0,0,,,,0,0,,,,0,0,1.0,0.8864866068260312,0.9999999999999999,30,30,0.9333333333333333,0.7867654163738308,0.9815229762087295,30,28,1.0,0.8864866068260312,0.9999999999999999,30,30,1.0,0.8864866068260312,0.9999999999999999,30,30,0.3333333333333333,0.19230498083676134,0.5121994835545616,30,10,1.0,0.8864866068260312,0.9999999999999999,30,30,0.3,0.16664748268243793,0.47875787458714947,30,9,1.0,0.8864866068260312,0.9999999999999999,30,30,0.9666666666666667,0.8332960900859082,0.9940914096183874,30,29,1.0,0.8864866068260312,0.9999999999999999,30,30,1.0,0.8864866068260312,0.9999999999999999,30,30,0.0,0.0,0.11351339317396876,30,0,1.0,0.8864866068260312,0.9999999999999999,30,30,0.13333333333333333,0.053096554840547455,0.296813266820363,30,4,0.0,0.0,0.11351339317396876,30,0,0.6666666666666666,0.4878005164454384,0.8076950191632386,30,20,0.9,0.7437891742081593,0.9654001112526658,30,27,0.9,0.7437891742081593,0.9654001112526658,30,27,0.0,0.0,0.0,0.0,0.9,0.7437891742081593,0.9654001112526658,27,30,1.0,0.8864866068260312,0.9999999999999999,30,0.0,176.0,168.0,182.0,176.7,14.343447380550488,0.0811740089448245,2156.7,57.5,0.2995416666666666,0.1632962962962963,0.24472740308680188,0.15678214637705826,0.21195508819304332,0.1622258467043509,0.018071377639813053,2.1198811770727914,108.9,0.1939340862558283,-0.004757430178034613,0.01832355625129301,4.517545074850625,0.6020243635667915,0.6666666666666666,7.471093720420749
45,fr=0.4 cap=2 pref=0,30,0.4,2,0.0,True,,,,0,0,,,,0,0,,,,0,0,1.0,0.8864866068260312,0.9999999999999999,30,30,1.0,0.8864866068260312,0.9999999999999999,30,30,1.0,0.8864866068260312,0.9999999999999999,30,30,1.0,0.8864866068260312,0.9999999999999999,30,30,0.8333333333333334,0.6643564949358398,0.9266345762815145,30,25,1.0,0.8864866068260312,0.9999999999999999,30,30,0.4666666666666667,0.30232388907699753,0.638577003801267,30,14,1.0,0.8864866068260312,0.9999999999999999,30,30,1.0,0.8864866068260312,0.9999999999999999,30,30,1.0,0.8864866068260312,0.9999999999999999,30,30,1.0,0.8864866068260312,0.9999999999999999,30,30,0.0,0.0,0.11351339317396876,30,0,0.0,0.0,0.11351339317396876,30,0,1.0,0.8864866068260312,0.9999999999999999,30,30,0.0,0.0,0.11351339317396876,30,0,0.3333333333333333,0.19230498083676134,0.5121994835545616,30,10,1.0,0.8864866068260312,0.9999999999999999,30,30,0.0,0.0,0.11351339317396876,30,0,0.0,0.0,0.0,0.0,0.0,0.0,0.11351339317396876,0,30,1.0,0.8864866068260312,0.9999999999999999,30,0.0,161.0,158.0,169.0,163.23333333333332,10.03677147339698,0.061487266530918815,2460.4333333333334,50.766666666666666,0.3417268518518518,0.30062962962962964,0.17251859017547966,0.016897262448195068,0.22289746666938234,0.09794201747772349,0.01287760439254807,2.280238858180139,111.36666666666666,0.22533620357370798,-0.006706927568526506,0.013120172376036637,5.013058139177943,0.656240393833347,0.8,3.643447905992092
46,fr=0.4 cap=2 pref=10,30,0.4,2,10.0,True,,,,0,0,,,,0,0,,,,0,0,1.0,0.8864866068260312,0.9999999999999999,30,30,1.0,0.8864866068260312,0.9999999999999999,30,30,1.0,0.8864866068260312,0.9999999999999999,30,30,1.0,0.8864866068260312,0.9999999999999999,30,30,0.7333333333333333,0.555520383048111,0.8581733668040368,30,22,1.0,0.8864866068260312,0.9999999999999999,30,30,0.3,0.16664748268243793,0.47875787458714947,30,9,1.0,0.8864866068260312,0.9999999999999999,30,30,1.0,0.8864866068260312,0.9999999999999999,30,30,1.0,0.8864866068260312,0.9999999999999999,30,30,1.0,0.8864866068260312,0.9999999999999999,30,30,0.0,0.0,0.11351339317396876,30,0,0.4,0.24590628116801852,0.5767963974667752,30,12,1.0,0.8864866068260312,0.9999999999999999,30,30,0.03333333333333333,0.005908590381612455,0.16670390991409173,30,1,0.6,0.42320360253322475,0.7540937188319815,30,18,1.0,0.8864866068260312,0.9999999999999999,30,30,0.4,0.24590628116801852,0.5767963974667752,30,12,0.0,0.0,0.0,0.0,0.4,0.24590628116801852,0.5767963974667752,12,30,1.0,0.8864866068260312,0.9999999999999999,30,0.0,165.0,161.0,171.0,167.53333333333333,11.07570604376155,0.06611046186089266,2601.0,52.03333333333333,0.36125000000000007,0.13059259259259257,0.29100199795788473,0.10225702193657901,0.161218650337938,0.2143173561760293,0.016468549509682778,2.2461964452449084,108.76666666666667,0.22673675487268782,-0.00702093786181107,0.016645024641306662,4.198501250002677,0.754937495666915,0.9333333333333333,8.015860714140793
47,fr=0.4 cap=2 pref=30,30,0.4,2,30.0,True,,,,0,0,,,,0,0,,,,0,0,1.0,0.8864866068260312,0.9999999999999999,30,30,1.0,0.8864866068260312,0.9999999999999999,30,30,1.0,0.8864866068260312,0.9999999999999999,30,30,1.0,0.8864866068260312,0.9999999999999999,30,30,0.6,0.42320360253322475,0.7540937188319815,30,18,1.0,0.8864866068260312,0.9999999999999999,30,30,0.2,0.0950510717728987,0.3730569641314825,30,6,1.0,0.8864866068260312,0.9999999999999999,30,30,1.0,0.8864866068260312,0.9999999999999999,30,30,1.0,0.8864866068260312,0.9999999999999999,30,30,1.0,0.8864866068260312,0.9999999999999999,30,30,0.0,0.0,0.11351339317396876,30,0,1.0,0.8864866068260312,0.9999999999999999,30,30,0.9333333333333333,0.7867654163738308,0.9815229762087295,30,28,0.0,0.0,0.11351339317396876,30,0,0.7333333333333333,0.555520383048111,0.8581733668040368,30,22,1.0,0.8864866068260312,0.9999999999999999,30,30,1.0,0.8864866068260312,0.9999999999999999,30,30,0.0,0.0,0.0,0.0,1.0,0.8864866068260312,0.9999999999999999,30,30,1.0,0.8864866068260312,0.9999999999999999,30,0.0,169.0,164.0,178.0,173.16666666666666,13.688866186476671,0.07905023784298366,2544.2,55.233333333333334,0.3533611111111111,0.1346296296296296,0.32450108974619685,0.17673842760095554,0.1895710725954445,0.24840984302050986,0.013724940443014998,2.163122982430069,107.7,0.22126358716360325,-0.00668097355880563,0.013908729623891981,4.24624622066893,0.7105413966332587,0.8666666666666667,5.497021136880442
48,fr=0.4 cap=2 pref=100,30,0.4,2,100.0,True,,,,0,0,,,,0,0,,,,0,0,1.0,0.8864866068260312,0.9999999999999999,30,30,1.0,0.8864866068260312,0.9999999999999999,30,30,1.0,0.8864866068260312,0.9999999999999999,30,30,1.0,0.8864866068260312,0.9999999999999999,30,30,0.6666666666666666,0.4878005164454384,0.8076950191632386,30,20,1.0,0.8864866068260312,0.9999999999999999,30,30,0.23333333333333334,0.11792388144489496,0.40928326158122164,30,7,1.0,0.8864866068260312,0.9999999999999999,30,30,1.0,0.8864866068260312,0.9999999999999999,30,30,1.0,0.8864866068260312,0.9999999999999999,30,30,1.0,0.8864866068260312,0.9999999999999999,30,30,0.0,0.0,0.11351339317396876,30,0,1.0,0.8864866068260312,0.9999999999999999,30,30,0.9333333333333333,0.7867654163738308,0.9815229762087295,30,28,0.03333333333333333,0.005908590381612455,0.16670390991409173,30,1,0.6666666666666666,0.4878005164454384,0.8076950191632386,30,20,1.0,0.8864866068260312,0.9999999999999999,30,30,1.0,0.8864866068260312,0.9999999999999999,30,30,0.0,0.0,0.0,0.0,1.0,0.8864866068260312,0.9999999999999999,30,30,1.0,0.8864866068260312,0.9999999999999999,30,0.0,168.0,166.0,174.0,171.76666666666668,9.90883734205302,0.057687778044166624,2608.6666666666665,58.03333333333333,0.3623148148148147,0.13359259259259254,0.3362862785478637,0.23207085996483495,0.2121080963915342,0.26051993706731913,0.014232083869673498,1.9971845904552163,108.6,0.21931543097444628,-0.006132437931463634,0.014391853732119934,4.395834869543597,0.7141166679333159,0.6,5.417723150727714
49,fr=0.4 cap=2 pref=1000,30,0.4,2,1000.0,True,,,,0,0,,,,0,0,,,,0,0,0.7,0.5212421254128504,0.8333525173175619,30,21,0.7666666666666667,0.5907167384187784,0.8820761185551049,30,23,1.0,0.8864866068260312,0.9999999999999999,30,30,1.0,0.8864866068260312,0.9999999999999999,30,30,0.0,0.0,0.11351339317396876,30,0,1.0,0.8864866068260312,0.9999999999999999,30,30,0.23333333333333334,0.11792388144489496,0.40928326158122164,30,7,1.0,0.8864866068260312,0.9999999999999999,30,30,1.0,0.8864866068260312,0.9999999999999999,30,30,1.0,0.8864866068260312,0.9999999999999999,30,30,1.0,0.8864866068260312,0.9999999999999999,30,30,0.0,0.0,0.11351339317396876,30,0,1.0,0.8864866068260312,0.9999999999999999,30,30,0.8666666666666667,0.703186733179637,0.9469034451594526,30,26,0.03333333333333333,0.005908590381612455,0.16670390991409173,30,1,0.6666666666666666,0.4878005164454384,0.8076950191632386,30,20,0.4666666666666667,0.30232388907699753,0.638577003801267,30,14,0.4666666666666667,0.30232388907699753,0.638577003801267,30,14,0.0,0.0,0.0,0.0,0.4666666666666667,0.30232388907699753,0.638577003801267,14,30,1.0,0.8864866068260312,0.9999999999999999,30,0.0,196.0,194.0,200.0,196.03333333333333,9.65788344533512,0.04926653687469029,2895.6,67.33333333333333,0.40216666666666673,0.104037037037037,0.290291739333408,0.22736693817457304,0.21759013073130598,0.24628484817671387,0.021358952986821368,1.9242090213089018,109.7,0.21095212210237715,-0.004683333170604204,0.02150256777712638,4.592866058242795,0.805130749566706,0.6333333333333333,4.786114974770679
