point,label,n,plast_age_max,rec,f_O1,lo_O1,hi_O1,n_O1,k_O1,f_O2,lo_O2,hi_O2,n_O2,k_O2,f_O3,lo_O3,hi_O3,n_O3,k_O3,f_O4,lo_O4,hi_O4,n_O4,k_O4,f_O5,lo_O5,hi_O5,n_O5,k_O5,f_O6,lo_O6,hi_O6,n_O6,k_O6,f_O7,lo_O7,hi_O7,n_O7,k_O7,f_O8,lo_O8,hi_O8,n_O8,k_O8,f_O8b,lo_O8b,hi_O8b,n_O8b,k_O8b,f_O9,lo_O9,hi_O9,n_O9,k_O9,f_O10,lo_O10,hi_O10,n_O10,k_O10,f_O11,lo_O11,hi_O11,n_O11,k_O11,f_O11b,lo_O11b,hi_O11b,n_O11b,k_O11b,f_O13,lo_O13,hi_O13,n_O13,k_O13,f_O13b,lo_O13b,hi_O13b,n_O13b,k_O13b,f_O13p,lo_O13p,hi_O13p,n_O13p,k_O13p,f_O14,lo_O14,hi_O14,n_O14,k_O14,f_O15,lo_O15,hi_O15,n_O15,k_O15,f_O15b,lo_O15b,hi_O15b,n_O15b,k_O15b,f_O17_run,lo_O17_run,hi_O17_run,n_O17_run,k_O17_run,f_O17p,lo_O17p,hi_O17p,n_O17p,k_O17p,trig_A1,trig_A2,trig_A3,trig_A4,f_PRIMARIO,lo_PRIMARIO,hi_PRIMARIO,k_PRIMARIO,n_PRIMARIO,P_ext,P_ext_lo,P_ext_hi,k_ext,f_exploded,t_ext_med,t_ext_med_lo,t_ext_med_hi,t_ext_mean,t_ext_sd,t_ext_cv,N_max_mean,t_peak_mean,x_rho_pk_mean,x_f0_pk_mean,x_BO_mean,x_BO4_mean,x_CR_mean,x_in_ref_pk_mean,x_S_adult_pk_mean,x_rho8_mean,x_D_last_mean,x_smat_B_mean,x_smat_sen_mean,S_at_peak_mean,mstar_at_peak_mean,wall_time_s_mean,f_rho8_ge_1.84,x_D_last_sd
0,a_w=4 rec=0.02,30,4.0,0.02,,,,0,0,,,,0,0,,,,0,0,1.0,0.8864866068260312,0.9999999999999999,30,30,0.8,0.6269430358685175,0.9049489282271013,30,24,1.0,0.8864866068260312,0.9999999999999999,30,30,1.0,0.8864866068260312,0.9999999999999999,30,30,0.16666666666666666,0.0733654237184855,0.3356435050641603,30,5,1.0,0.8864866068260312,0.9999999999999999,30,30,0.3333333333333333,0.19230498083676134,0.5121994835545616,30,10,1.0,0.8864866068260312,0.9999999999999999,30,30,0.8666666666666667,0.703186733179637,0.9469034451594526,30,26,1.0,0.8864866068260312,0.9999999999999999,30,30,1.0,0.8864866068260312,0.9999999999999999,30,30,0.0,0.0,0.11351339317396876,30,0,1.0,0.8864866068260312,0.9999999999999999,30,30,1.0,0.8864866068260312,0.9999999999999999,30,30,0.0,0.0,0.11351339317396876,30,0,0.8666666666666667,0.703186733179637,0.9469034451594526,30,26,0.6666666666666666,0.4878005164454384,0.8076950191632386,30,20,0.6666666666666666,0.4878005164454384,0.8076950191632386,30,20,0.0,0.0,0.0,0.0,0.6666666666666666,0.4878005164454384,0.8076950191632386,20,30,1.0,0.8864866068260312,0.9999999999999999,30,0.0,177.0,174.0,184.0,180.56666666666666,10.778917268040624,0.059694945180213906,2058.8,59.96666666666667,0.28594444444444445,0.24088888888888887,0.36137959879738546,0.22820935478643808,0.1406335205517771,0.24756026835040387,0.022402188248016566,2.0430742245193643,109.3,0.13012187837409817,-0.002848599855030357,0.022716354059514176,3.7196956705934743,0.6256776012666402,0.6666666666666666,5.972061389619108
1,a_w=4 rec=0.03,30,4.0,0.03,,,,0,0,,,,0,0,,,,0,0,1.0,0.8864866068260312,0.9999999999999999,30,30,0.8666666666666667,0.703186733179637,0.9469034451594526,30,26,1.0,0.8864866068260312,0.9999999999999999,30,30,1.0,0.8864866068260312,0.9999999999999999,30,30,0.13333333333333333,0.053096554840547455,0.296813266820363,30,4,1.0,0.8864866068260312,0.9999999999999999,30,30,0.3333333333333333,0.19230498083676134,0.5121994835545616,30,10,1.0,0.8864866068260312,0.9999999999999999,30,30,0.9,0.7437891742081593,0.9654001112526658,30,27,1.0,0.8864866068260312,0.9999999999999999,30,30,1.0,0.8864866068260312,0.9999999999999999,30,30,0.0,0.0,0.11351339317396876,30,0,1.0,0.8864866068260312,0.9999999999999999,30,30,0.9666666666666667,0.8332960900859082,0.9940914096183874,30,29,0.06666666666666667,0.018477023791270378,0.2132345836261692,30,2,0.6,0.42320360253322475,0.7540937188319815,30,18,0.7666666666666667,0.5907167384187784,0.8820761185551049,30,23,0.7666666666666667,0.5907167384187784,0.8820761185551049,30,23,0.0,0.0,0.0,0.0,0.7666666666666667,0.5907167384187784,0.8820761185551049,23,30,1.0,0.8864866068260312,0.9999999999999999,30,0.0,184.0,178.0,185.0,180.9,10.48923914929174,0.05798363266606821,2029.7,60.06666666666667,0.2819027777777778,0.24292592592592585,0.36873335140898983,0.23299918973648548,0.13185959830649063,0.250966988318311,0.023379754711953405,2.0473203119544756,111.16666666666667,0.1405025043982212,-0.003034561319298271,0.023690756169177502,3.6198125385741733,0.589612990966513,0.6666666666666666,4.495847381546768
2,a_w=4 rec=0.05,30,4.0,0.05,,,,0,0,,,,0,0,,,,0,0,1.0,0.8864866068260312,0.9999999999999999,30,30,0.9666666666666667,0.8332960900859082,0.9940914096183874,30,29,1.0,0.8864866068260312,0.9999999999999999,30,30,1.0,0.8864866068260312,0.9999999999999999,30,30,0.2,0.0950510717728987,0.3730569641314825,30,6,1.0,0.8864866068260312,0.9999999999999999,30,30,0.3333333333333333,0.19230498083676134,0.5121994835545616,30,10,1.0,0.8864866068260312,0.9999999999999999,30,30,1.0,0.8864866068260312,0.9999999999999999,30,30,1.0,0.8864866068260312,0.9999999999999999,30,30,1.0,0.8864866068260312,0.9999999999999999,30,30,0.0,0.0,0.11351339317396876,30,0,1.0,0.8864866068260312,0.9999999999999999,30,30,1.0,0.8864866068260312,0.9999999999999999,30,30,0.0,0.0,0.11351339317396876,30,0,0.8333333333333334,0.6643564949358398,0.9266345762815145,30,25,0.9666666666666667,0.8332960900859082,0.9940914096183874,30,29,0.9666666666666667,0.8332960900859082,0.9940914096183874,30,29,0.0,0.0,0.0,0.0,0.9666666666666667,0.8332960900859082,0.9940914096183874,29,30,1.0,0.8864866068260312,0.9999999999999999,30,0.0,182.0,175.0,186.0,182.73333333333332,16.014935557770446,0.08764101910490942,2062.233333333333,61.13333333333333,0.2864212962962963,0.23448148148148146,0.3670603176186388,0.23264976968228665,0.132423671129551,0.24759041905075832,0.021680911099474176,2.0017179179041222,109.66666666666667,0.16077298393103384,-0.00342085132010054,0.021925343997965363,3.6300897947483874,0.5904396916997333,0.7333333333333333,4.908355531437032
3,a_w=4 rec=0.07,30,4.0,0.07,,,,0,0,,,,0,0,,,,0,0,1.0,0.8864866068260312,0.9999999999999999,30,30,0.9666666666666667,0.8332960900859082,0.9940914096183874,30,29,1.0,0.8864866068260312,0.9999999999999999,30,30,1.0,0.8864866068260312,0.9999999999999999,30,30,0.2,0.0950510717728987,0.3730569641314825,30,6,1.0,0.8864866068260312,0.9999999999999999,30,30,0.4666666666666667,0.30232388907699753,0.638577003801267,30,14,1.0,0.8864866068260312,0.9999999999999999,30,30,1.0,0.8864866068260312,0.9999999999999999,30,30,1.0,0.8864866068260312,0.9999999999999999,30,30,1.0,0.8864866068260312,0.9999999999999999,30,30,0.0,0.0,0.11351339317396876,30,0,1.0,0.8864866068260312,0.9999999999999999,30,30,1.0,0.8864866068260312,0.9999999999999999,30,30,0.03333333333333333,0.005908590381612455,0.16670390991409173,30,1,0.8333333333333334,0.6643564949358398,0.9266345762815145,30,25,0.9666666666666667,0.8332960900859082,0.9940914096183874,30,29,0.9666666666666667,0.8332960900859082,0.9940914096183874,30,29,0.0,0.0,0.0,0.0,0.9666666666666667,0.8332960900859082,0.9940914096183874,29,30,1.0,0.8864866068260312,0.9999999999999999,30,0.0,184.0,175.0,188.0,181.23333333333332,12.549717219875934,0.06924618660957844,2101.1666666666665,60.833333333333336,0.29182870370370373,0.2312222222222222,0.36268198262157214,0.22736677228496702,0.1437272321258793,0.24132192598274893,0.01991738114434688,2.0060978863911743,109.4,0.17966986353937328,-0.00402924066803877,0.02010986580706769,3.7863442335213477,0.6310459720000533,0.6333333333333333,5.945731589798772
4,a_w=4 rec=0.1,30,4.0,0.1,,,,0,0,,,,0,0,,,,0,0,1.0,0.8864866068260312,0.9999999999999999,30,30,0.9666666666666667,0.8332960900859082,0.9940914096183874,30,29,1.0,0.8864866068260312,0.9999999999999999,30,30,1.0,0.8864866068260312,0.9999999999999999,30,30,0.23333333333333334,0.11792388144489496,0.40928326158122164,30,7,1.0,0.8864866068260312,0.9999999999999999,30,30,0.43333333333333335,0.2737748557646652,0.6080269299918639,30,13,1.0,0.8864866068260312,0.9999999999999999,30,30,1.0,0.8864866068260312,0.9999999999999999,30,30,1.0,0.8864866068260312,0.9999999999999999,30,30,1.0,0.8864866068260312,0.9999999999999999,30,30,0.0,0.0,0.11351339317396876,30,0,1.0,0.8864866068260312,0.9999999999999999,30,30,1.0,0.8864866068260312,0.9999999999999999,30,30,0.0,0.0,0.11351339317396876,30,0,0.6666666666666666,0.4878005164454384,0.8076950191632386,30,20,0.9666666666666667,0.8332960900859082,0.9940914096183874,30,29,0.9666666666666667,0.8332960900859082,0.9940914096183874,30,29,0.0,0.0,0.0,0.0,0.9666666666666667,0.8332960900859082,0.9940914096183874,29,30,1.0,0.8864866068260312,0.9999999999999999,30,0.0,178.0,171.0,182.0,178.56666666666666,11.941476063481963,0.06687404926347935,2139.866666666667,60.833333333333336,0.29720370370370375,0.22133333333333327,0.35558129289768237,0.22363303610322138,0.146204022012909,0.2378329355581579,0.019369037751041537,1.9500065795268333,109.96666666666667,0.2144329827790778,-0.00476813800164322,0.01964864689745434,3.7968678952922277,0.6048108102998716,0.7,4.951372734305405
5,a_w=4 rec=0.15,30,4.0,0.15,,,,0,0,,,,0,0,,,,0,0,1.0,0.8864866068260312,0.9999999999999999,30,30,0.9666666666666667,0.8332960900859082,0.9940914096183874,30,29,1.0,0.8864866068260312,0.9999999999999999,30,30,1.0,0.8864866068260312,0.9999999999999999,30,30,0.5333333333333333,0.36142299619873297,0.6976761109230025,30,16,1.0,0.8864866068260312,0.9999999999999999,30,30,0.43333333333333335,0.2737748557646652,0.6080269299918639,30,13,1.0,0.8864866068260312,0.9999999999999999,30,30,0.7666666666666667,0.5907167384187784,0.8820761185551049,30,23,1.0,0.8864866068260312,0.9999999999999999,30,30,1.0,0.8864866068260312,0.9999999999999999,30,30,0.0,0.0,0.11351339317396876,30,0,1.0,0.8864866068260312,0.9999999999999999,30,30,1.0,0.8864866068260312,0.9999999999999999,30,30,0.03333333333333333,0.005908590381612455,0.16670390991409173,30,1,0.7666666666666667,0.5907167384187784,0.8820761185551049,30,23,0.7333333333333333,0.555520383048111,0.8581733668040368,30,22,0.7333333333333333,0.555520383048111,0.8581733668040368,30,22,0.0,0.0,0.0,0.0,0.7333333333333333,0.555520383048111,0.8581733668040368,22,30,1.0,0.8864866068260312,0.9999999999999999,30,0.0,169.0,166.0,174.0,172.66666666666666,19.126319351982573,0.11077018929719638,2260.9333333333334,57.733333333333334,0.31401851851851853,0.2066296296296296,0.33736219881695445,0.20855318958805866,0.15518236163521934,0.2244052402353078,0.017920314554805104,2.0232647942009065,108.6,0.26612539225165227,-0.0070133888254062205,0.018149431810543397,3.979015904848819,0.614745004833397,0.6333333333333333,4.896163170596283
6,a_w=4 rec=0.2,30,4.0,0.2,,,,0,0,,,,0,0,,,,0,0,1.0,0.8864866068260312,0.9999999999999999,30,30,1.0,0.8864866068260312,0.9999999999999999,30,30,1.0,0.8864866068260312,0.9999999999999999,30,30,1.0,0.8864866068260312,0.9999999999999999,30,30,0.6666666666666666,0.4878005164454384,0.8076950191632386,30,20,1.0,0.8864866068260312,0.9999999999999999,30,30,0.5,0.33154125640533766,0.6684587435946623,30,15,1.0,0.8864866068260312,0.9999999999999999,30,30,0.1,0.03459988874733419,0.25621082579184085,30,3,1.0,0.8864866068260312,0.9999999999999999,30,30,1.0,0.8864866068260312,0.9999999999999999,30,30,0.0,0.0,0.11351339317396876,30,0,1.0,0.8864866068260312,0.9999999999999999,30,30,1.0,0.8864866068260312,0.9999999999999999,30,30,0.0,0.0,0.11351339317396876,30,0,0.7666666666666667,0.5907167384187784,0.8820761185551049,30,23,0.1,0.03459988874733419,0.25621082579184085,30,3,0.1,0.03459988874733419,0.25621082579184085,30,3,0.0,0.0,0.0,0.0,0.1,0.03459988874733419,0.25621082579184085,3,30,1.0,0.8864866068260312,0.9999999999999999,30,0.0,168.0,165.0,174.0,171.2,10.636307370641308,0.062127963613559045,2415.7,56.63333333333333,0.33551388888888883,0.1858148148148148,0.3123077766018059,0.19185421128067265,0.1742936627864887,0.21052582937271283,0.014831099559003866,2.069391605740454,107.93333333333334,0.3198062382956583,-0.009153340979140069,0.015056735587262402,4.158915220911477,0.6536359773665633,0.6666666666666666,5.381535054260064
7,a_w=4 rec=0.3,30,4.0,0.3,,,,0,0,,,,0,0,,,,0,0,1.0,0.8864866068260312,0.9999999999999999,30,30,1.0,0.8864866068260312,0.9999999999999999,30,30,1.0,0.8864866068260312,0.9999999999999999,30,30,1.0,0.8864866068260312,0.9999999999999999,30,30,0.8,0.6269430358685175,0.9049489282271013,30,24,1.0,0.8864866068260312,0.9999999999999999,30,30,0.5333333333333333,0.36142299619873297,0.6976761109230025,30,16,1.0,0.8864866068260312,0.9999999999999999,30,30,0.0,0.0,0.11351339317396876,30,0,1.0,0.8864866068260312,0.9999999999999999,30,30,1.0,0.8864866068260312,0.9999999999999999,30,30,0.0,0.0,0.11351339317396876,30,0,1.0,0.8864866068260312,0.9999999999999999,30,30,1.0,0.8864866068260312,0.9999999999999999,30,30,0.0,0.0,0.11351339317396876,30,0,0.36666666666666664,0.21873920806100708,0.5448643634520511,30,11,0.0,0.0,0.11351339317396876,30,0,0.0,0.0,0.11351339317396876,30,0,0.0,0.0,0.0,0.0,0.0,0.0,0.11351339317396876,0,30,1.0,0.8864866068260312,0.9999999999999999,30,0.0,167.0,159.0,170.0,165.66666666666666,8.7546375231028,0.05284489450565071,2728.733333333333,54.166666666666664,0.37899074074074074,0.15362962962962962,0.2733555902850607,0.16711762564275826,0.20731754933597435,0.1870103805478847,0.010527082800296735,2.110730259893787,110.13333333333334,0.40301808772792486,-0.014321437994603163,0.010798647710942803,4.59397449902238,0.7423038233666982,0.7,3.980411807956501
8,a_w=6 rec=0.02,30,6.0,0.02,,,,0,0,,,,0,0,,,,0,0,1.0,0.8864866068260312,0.9999999999999999,30,30,0.9333333333333333,0.7867654163738308,0.9815229762087295,30,28,1.0,0.8864866068260312,0.9999999999999999,30,30,1.0,0.8864866068260312,0.9999999999999999,30,30,0.1,0.03459988874733419,0.25621082579184085,30,3,1.0,0.8864866068260312,0.9999999999999999,30,30,0.43333333333333335,0.2737748557646652,0.6080269299918639,30,13,1.0,0.8864866068260312,0.9999999999999999,30,30,0.9,0.7437891742081593,0.9654001112526658,30,27,1.0,0.8864866068260312,0.9999999999999999,30,30,1.0,0.8864866068260312,0.9999999999999999,30,30,0.0,0.0,0.11351339317396876,30,0,1.0,0.8864866068260312,0.9999999999999999,30,30,1.0,0.8864866068260312,0.9999999999999999,30,30,0.03333333333333333,0.005908590381612455,0.16670390991409173,30,1,0.7333333333333333,0.555520383048111,0.8581733668040368,30,22,0.8333333333333334,0.6643564949358398,0.9266345762815145,30,25,0.8333333333333334,0.6643564949358398,0.9266345762815145,30,25,0.0,0.0,0.0,0.0,0.8333333333333334,0.6643564949358398,0.9266345762815145,25,30,1.0,0.8864866068260312,0.9999999999999999,30,0.0,182.0,176.0,183.0,179.8,8.289586321361902,0.04610448454595051,2065.1666666666665,62.8,0.2868287037037037,0.2384814814814814,0.3655184252743405,0.23060560737789176,0.14257323106543546,0.2463211091374774,0.020236875042612724,1.8892404862850822,108.96666666666667,0.13414306033707465,-0.00288451512025647,0.02049728246910714,3.738263320115217,0.5641833161668425,0.4666666666666667,6.348952307451904
9,a_w=6 rec=0.03,30,6.0,0.03,,,,0,0,,,,0,0,,,,0,0,1.0,0.8864866068260312,0.9999999999999999,30,30,0.9666666666666667,0.8332960900859082,0.9940914096183874,30,29,1.0,0.8864866068260312,0.9999999999999999,30,30,1.0,0.8864866068260312,0.9999999999999999,30,30,0.23333333333333334,0.11792388144489496,0.40928326158122164,30,7,1.0,0.8864866068260312,0.9999999999999999,30,30,0.43333333333333335,0.2737748557646652,0.6080269299918639,30,13,1.0,0.8864866068260312,0.9999999999999999,30,30,0.9333333333333333,0.7867654163738308,0.9815229762087295,30,28,1.0,0.8864866068260312,0.9999999999999999,30,30,1.0,0.8864866068260312,0.9999999999999999,30,30,0.0,0.0,0.11351339317396876,30,0,1.0,0.8864866068260312,0.9999999999999999,30,30,1.0,0.8864866068260312,0.9999999999999999,30,30,0.0,0.0,0.11351339317396876,30,0,0.8666666666666667,0.703186733179637,0.9469034451594526,30,26,0.9,0.7437891742081593,0.9654001112526658,30,27,0.9,0.7437891742081593,0.9654001112526658,30,27,0.0,0.0,0.0,0.0,0.9,0.7437891742081593,0.9654001112526658,27,30,1.0,0.8864866068260312,0.9999999999999999,30,0.0,178.0,173.0,182.0,177.16666666666666,9.986485120274864,0.05636774291782614,2066.8333333333335,58.46666666666667,0.2870601851851851,0.2393333333333333,0.3619964692328511,0.23067346366974686,0.1397473868061287,0.24570161694529666,0.023873791726169782,2.0665586073246507,109.03333333333333,0.14656996062813904,-0.0031954708214553063,0.024155236560284368,3.7603706847545366,0.5837859785666296,0.6666666666666666,4.874163647680268
10,a_w=6 rec=0.05,30,6.0,0.05,,,,0,0,,,,0,0,,,,0,0,1.0,0.8864866068260312,0.9999999999999999,30,30,0.9666666666666667,0.8332960900859082,0.9940914096183874,30,29,1.0,0.8864866068260312,0.9999999999999999,30,30,1.0,0.8864866068260312,0.9999999999999999,30,30,0.13333333333333333,0.053096554840547455,0.296813266820363,30,4,1.0,0.8864866068260312,0.9999999999999999,30,30,0.23333333333333334,0.11792388144489496,0.40928326158122164,30,7,1.0,0.8864866068260312,0.9999999999999999,30,30,0.9666666666666667,0.8332960900859082,0.9940914096183874,30,29,1.0,0.8864866068260312,0.9999999999999999,30,30,1.0,0.8864866068260312,0.9999999999999999,30,30,0.0,0.0,0.11351339317396876,30,0,1.0,0.8864866068260312,0.9999999999999999,30,30,0.9666666666666667,0.8332960900859082,0.9940914096183874,30,29,0.0,0.0,0.11351339317396876,30,0,0.8333333333333334,0.6643564949358398,0.9266345762815145,30,25,0.9333333333333333,0.7867654163738308,0.9815229762087295,30,28,0.9333333333333333,0.7867654163738308,0.9815229762087295,30,28,0.0,0.0,0.0,0.0,0.9333333333333333,0.7867654163738308,0.9815229762087295,28,30,1.0,0.8864866068260312,0.9999999999999999,30,0.0,184.0,177.0,189.0,183.6,12.699714903126356,0.06917056047454442,2109.9,60.233333333333334,0.2930416666666666,0.22577777777777774,0.3611028459697161,0.22661912584625035,0.1396413256232246,0.24049968179047057,0.020778223290462455,2.0838627799543206,107.13333333333334,0.17177741622571568,-0.00394997065279683,0.020980993415436508,3.7391799146520484,0.5960708498664947,0.6666666666666666,6.229702673667407
11,a_w=6 rec=0.07,30,6.0,0.07,,,,0,0,,,,0,0,,,,0,0,1.0,0.8864866068260312,0.9999999999999999,30,30,0.9,0.7437891742081593,0.9654001112526658,30,27,1.0,0.8864866068260312,0.9999999999999999,30,30,1.0,0.8864866068260312,0.9999999999999999,30,30,0.2,0.0950510717728987,0.3730569641314825,30,6,1.0,0.8864866068260312,0.9999999999999999,30,30,0.3333333333333333,0.19230498083676134,0.5121994835545616,30,10,1.0,0.8864866068260312,0.9999999999999999,30,30,1.0,0.8864866068260312,0.9999999999999999,30,30,1.0,0.8864866068260312,0.9999999999999999,30,30,1.0,0.8864866068260312,0.9999999999999999,30,30,0.0,0.0,0.11351339317396876,30,0,1.0,0.8864866068260312,0.9999999999999999,30,30,1.0,0.8864866068260312,0.9999999999999999,30,30,0.0,0.0,0.11351339317396876,30,0,0.9,0.7437891742081593,0.9654001112526658,30,27,0.9,0.7437891742081593,0.9654001112526658,30,27,0.9,0.7437891742081593,0.9654001112526658,30,27,0.0,0.0,0.0,0.0,0.9,0.7437891742081593,0.9654001112526658,27,30,1.0,0.8864866068260312,0.9999999999999999,30,0.0,179.0,173.0,184.0,178.66666666666666,11.487124226215444,0.06429360574374317,2172.0,59.0,0.30166666666666664,0.21751851851851847,0.35108870823472615,0.21798829929191427,0.14921910263167731,0.23250053705800747,0.019364298636466364,2.0613118568342665,108.66666666666667,0.19852863378236946,-0.004981475874718611,0.019536406258466713,3.8378181301379173,0.5985435250667555,0.6666666666666666,5.148373250497364
12,a_w=6 rec=0.1,30,6.0,0.1,,,,0,0,,,,0,0,,,,0,0,1.0,0.8864866068260312,0.9999999999999999,30,30,0.8666666666666667,0.703186733179637,0.9469034451594526,30,26,1.0,0.8864866068260312,0.9999999999999999,30,30,1.0,0.8864866068260312,0.9999999999999999,30,30,0.4666666666666667,0.30232388907699753,0.638577003801267,30,14,1.0,0.8864866068260312,0.9999999999999999,30,30,0.2,0.0950510717728987,0.3730569641314825,30,6,1.0,0.8864866068260312,0.9999999999999999,30,30,0.9666666666666667,0.8332960900859082,0.9940914096183874,30,29,1.0,0.8864866068260312,0.9999999999999999,30,30,1.0,0.8864866068260312,0.9999999999999999,30,30,0.0,0.0,0.11351339317396876,30,0,1.0,0.8864866068260312,0.9999999999999999,30,30,1.0,0.8864866068260312,0.9999999999999999,30,30,0.03333333333333333,0.005908590381612455,0.16670390991409173,30,1,0.9333333333333333,0.7867654163738308,0.9815229762087295,30,28,0.8333333333333334,0.6643564949358398,0.9266345762815145,30,25,0.8333333333333334,0.6643564949358398,0.9266345762815145,30,25,0.0,0.0,0.0,0.0,0.8333333333333334,0.6643564949358398,0.9266345762815145,25,30,1.0,0.8864866068260312,0.9999999999999999,30,0.0,171.0,167.0,179.0,177.1,16.942804392710645,0.09566800899328427,2235.233333333333,58.1,0.310449074074074,0.2104444444444444,0.3410743906282057,0.21165147442992932,0.1543607041969732,0.22746084042780917,0.01821101333105594,2.080834690985779,107.06666666666666,0.2377425660953522,-0.006036250690706366,0.01847965167997933,3.936789079630075,0.6114226378669021,0.7666666666666667,5.52694548885563
13,a_w=6 rec=0.15,30,6.0,0.15,,,,0,0,,,,0,0,,,,0,0,1.0,0.8864866068260312,0.9999999999999999,30,30,0.9666666666666667,0.8332960900859082,0.9940914096183874,30,29,1.0,0.8864866068260312,0.9999999999999999,30,30,1.0,0.8864866068260312,0.9999999999999999,30,30,0.5,0.33154125640533766,0.6684587435946623,30,15,1.0,0.8864866068260312,0.9999999999999999,30,30,0.5,0.33154125640533766,0.6684587435946623,30,15,1.0,0.8864866068260312,0.9999999999999999,30,30,0.5666666666666667,0.3919730700081361,0.7262251442353347,30,17,1.0,0.8864866068260312,0.9999999999999999,30,30,1.0,0.8864866068260312,0.9999999999999999,30,30,0.0,0.0,0.11351339317396876,30,0,1.0,0.8864866068260312,0.9999999999999999,30,30,1.0,0.8864866068260312,0.9999999999999999,30,30,0.03333333333333333,0.005908590381612455,0.16670390991409173,30,1,0.5666666666666667,0.3919730700081361,0.7262251442353347,30,17,0.5333333333333333,0.36142299619873297,0.6976761109230025,30,16,0.5333333333333333,0.36142299619873297,0.6976761109230025,30,16,0.0,0.0,0.0,0.0,0.5333333333333333,0.36142299619873297,0.6976761109230025,16,30,1.0,0.8864866068260312,0.9999999999999999,30,0.0,172.0,166.0,181.0,176.83333333333334,17.81917474255604,0.10076818893057138,2521.5,55.766666666666666,0.3502083333333333,0.17055555555555552,0.29771081110033926,0.18167495838842285,0.1833792840620651,0.2017713315870101,0.012344027643863935,2.196990380209962,110.56666666666666,0.2994951511151559,-0.008875539843650011,0.012558196741228897,4.267454306600752,0.6956626359664976,0.8,4.360349031690115
14,a_w=6 rec=0.2,30,6.0,0.2,,,,0,0,,,,0,0,,,,0,0,1.0,0.8864866068260312,0.9999999999999999,30,30,1.0,0.8864866068260312,0.9999999999999999,30,30,1.0,0.8864866068260312,0.9999999999999999,30,30,1.0,0.8864866068260312,0.9999999999999999,30,30,0.7333333333333333,0.555520383048111,0.8581733668040368,30,22,1.0,0.8864866068260312,0.9999999999999999,30,30,0.3333333333333333,0.19230498083676134,0.5121994835545616,30,10,1.0,0.8864866068260312,0.9999999999999999,30,30,0.13333333333333333,0.053096554840547455,0.296813266820363,30,4,1.0,0.8864866068260312,0.9999999999999999,30,30,1.0,0.8864866068260312,0.9999999999999999,30,30,0.0,0.0,0.11351339317396876,30,0,1.0,0.8864866068260312,0.9999999999999999,30,30,1.0,0.8864866068260312,0.9999999999999999,30,30,0.0,0.0,0.11351339317396876,30,0,0.5333333333333333,0.36142299619873297,0.6976761109230025,30,16,0.13333333333333333,0.053096554840547455,0.296813266820363,30,4,0.13333333333333333,0.053096554840547455,0.296813266820363,30,4,0.0,0.0,0.0,0.0,0.13333333333333333,0.053096554840547455,0.296813266820363,4,30,1.0,0.8864866068260312,0.9999999999999999,30,0.0,162.0,159.0,171.0,166.5,12.065196455807977,0.07246364237722508,2819.6,52.13333333333333,0.3916111111111112,0.13862962962962957,0.2629848681647734,0.1593245505443909,0.21481941742920022,0.18001673512968333,0.011845080474383131,2.2534022728955407,108.6,0.3465015885164077,-0.012533418512806557,0.01201051674308202,4.679641528690796,0.7562132823331316,0.8,5.0487280747148375
15,a_w=6 rec=0.3,30,6.0,0.3,,,,0,0,,,,0,0,,,,0,0,1.0,0.8864866068260312,0.9999999999999999,30,30,1.0,0.8864866068260312,0.9999999999999999,30,30,1.0,0.8864866068260312,0.9999999999999999,30,30,1.0,0.8864866068260312,0.9999999999999999,30,30,0.9,0.7437891742081593,0.9654001112526658,30,27,1.0,0.8864866068260312,0.9999999999999999,30,30,0.26666666666666666,0.14182663319596317,0.4444796169518888,30,8,1.0,0.8864866068260312,0.9999999999999999,30,30,0.0,0.0,0.11351339317396876,30,0,1.0,0.8864866068260312,0.9999999999999999,30,30,1.0,0.8864866068260312,0.9999999999999999,30,30,0.0,0.0,0.11351339317396876,30,0,1.0,0.8864866068260312,0.9999999999999999,30,30,1.0,0.8864866068260312,0.9999999999999999,30,30,0.0,0.0,0.11351339317396876,30,0,0.26666666666666666,0.14182663319596317,0.4444796169518888,30,8,0.0,0.0,0.11351339317396876,30,0,0.0,0.0,0.11351339317396876,30,0,0.0,0.0,0.0,0.0,0.0,0.0,0.11351339317396876,0,30,1.0,0.8864866068260312,0.9999999999999999,30,0.0,161.0,157.0,165.0,164.0,11.316755962608779,0.0690046095281023,3072.233333333333,49.833333333333336,0.42669907407407404,0.12025925925925923,0.23434388180617838,0.1439169637273299,0.2411426495649668,0.16537629738314158,0.0105104321147151,2.3236238953071284,109.63333333333334,0.4332053387634885,-0.016351064755554447,0.010836986560928331,5.025793753609676,0.8607147115000771,0.9,5.142676971848573
16,a_w=8 rec=0.02,30,8.0,0.02,,,,0,0,,,,0,0,,,,0,0,1.0,0.8864866068260312,0.9999999999999999,30,30,0.9333333333333333,0.7867654163738308,0.9815229762087295,30,28,1.0,0.8864866068260312,0.9999999999999999,30,30,1.0,0.8864866068260312,0.9999999999999999,30,30,0.16666666666666666,0.0733654237184855,0.3356435050641603,30,5,1.0,0.8864866068260312,0.9999999999999999,30,30,0.3,0.16664748268243793,0.47875787458714947,30,9,1.0,0.8864866068260312,0.9999999999999999,30,30,0.9,0.7437891742081593,0.9654001112526658,30,27,1.0,0.8864866068260312,0.9999999999999999,30,30,1.0,0.8864866068260312,0.9999999999999999,30,30,0.0,0.0,0.11351339317396876,30,0,1.0,0.8864866068260312,0.9999999999999999,30,30,0.9666666666666667,0.8332960900859082,0.9940914096183874,30,29,0.0,0.0,0.11351339317396876,30,0,0.8,0.6269430358685175,0.9049489282271013,30,24,0.8333333333333334,0.6643564949358398,0.9266345762815145,30,25,0.8333333333333334,0.6643564949358398,0.9266345762815145,30,25,0.0,0.0,0.0,0.0,0.8333333333333334,0.6643564949358398,0.9266345762815145,25,30,1.0,0.8864866068260312,0.9999999999999999,30,0.0,185.0,178.0,188.0,184.23333333333332,16.73254795061231,0.090822587030644,2070.6666666666665,61.56666666666667,0.28759259259259257,0.23481481481481478,0.36334125519824306,0.2286784084667178,0.14273003694826344,0.2458298468186029,0.021106994639047826,2.02550405948953,110.46666666666667,0.134596590311743,-0.002882574401701306,0.02127093359393823,3.7218926644292223,0.6131045074332481,0.5333333333333333,5.263624903660668
17,a_w=8 rec=0.03,30,8.0,0.03,,,,0,0,,,,0,0,,,,0,0,1.0,0.8864866068260312,0.9999999999999999,30,30,0.8333333333333334,0.6643564949358398,0.9266345762815145,30,25,1.0,0.8864866068260312,0.9999999999999999,30,30,1.0,0.8864866068260312,0.9999999999999999,30,30,0.1,0.03459988874733419,0.25621082579184085,30,3,1.0,0.8864866068260312,0.9999999999999999,30,30,0.3333333333333333,0.19230498083676134,0.5121994835545616,30,10,1.0,0.8864866068260312,0.9999999999999999,30,30,1.0,0.8864866068260312,0.9999999999999999,30,30,1.0,0.8864866068260312,0.9999999999999999,30,30,1.0,0.8864866068260312,0.9999999999999999,30,30,0.0,0.0,0.11351339317396876,30,0,1.0,0.8864866068260312,0.9999999999999999,30,30,0.9666666666666667,0.8332960900859082,0.9940914096183874,30,29,0.0,0.0,0.11351339317396876,30,0,0.7666666666666667,0.5907167384187784,0.8820761185551049,30,23,0.8333333333333334,0.6643564949358398,0.9266345762815145,30,25,0.8333333333333334,0.6643564949358398,0.9266345762815145,30,25,0.0,0.0,0.0,0.0,0.8333333333333334,0.6643564949358398,0.9266345762815145,25,30,1.0,0.8864866068260312,0.9999999999999999,30,0.0,184.0,175.0,187.0,181.96666666666667,11.084264501545869,0.060913708563175684,2086.866666666667,63.5,0.28984259259259265,0.23099999999999998,0.36627248455286565,0.22922357151547382,0.14309009022528274,0.2437823481132305,0.019092862987047047,1.8878194824730734,108.86666666666666,0.1473675243378352,-0.003189859161950417,0.01928589753305397,3.707255887697806,0.6174600891664643,0.43333333333333335,7.200255423311005
18,a_w=8 rec=0.05,30,8.0,0.05,,,,0,0,,,,0,0,,,,0,0,1.0,0.8864866068260312,0.9999999999999999,30,30,1.0,0.8864866068260312,0.9999999999999999,30,30,1.0,0.8864866068260312,0.9999999999999999,30,30,1.0,0.8864866068260312,0.9999999999999999,30,30,0.23333333333333334,0.11792388144489496,0.40928326158122164,30,7,1.0,0.8864866068260312,0.9999999999999999,30,30,0.23333333333333334,0.11792388144489496,0.40928326158122164,30,7,1.0,0.8864866068260312,0.9999999999999999,30,30,1.0,0.8864866068260312,0.9999999999999999,30,30,0.9666666666666667,0.8332960900859082,0.9940914096183874,30,29,1.0,0.8864866068260312,0.9999999999999999,30,30,0.0,0.0,0.11351339317396876,30,0,1.0,0.8864866068260312,0.9999999999999999,30,30,0.9666666666666667,0.8332960900859082,0.9940914096183874,30,29,0.0,0.0,0.11351339317396876,30,0,0.8,0.6269430358685175,0.9049489282271013,30,24,1.0,0.8864866068260312,0.9999999999999999,30,30,1.0,0.8864866068260312,0.9999999999999999,30,30,0.0,0.0,0.0,0.0,1.0,0.8864866068260312,0.9999999999999999,30,30,1.0,0.8864866068260312,0.9999999999999999,30,0.0,178.0,174.0,184.0,179.16666666666666,11.867322079278598,0.06623621625643869,2156.5333333333333,61.36666666666667,0.2995185185185185,0.2204074074074074,0.3549933136327148,0.2212692259142595,0.14011419936988695,0.23583671416570764,0.019598089482924054,1.936937235719913,108.9,0.17167349494278009,-0.0037318959766508004,0.019805841579542714,3.78781335605237,0.6097525860999061,0.6,4.685634686335791
19,a_w=8 rec=0.07,30,8.0,0.07,,,,0,0,,,,0,0,,,,0,0,1.0,0.8864866068260312,0.9999999999999999,30,30,0.9666666666666667,0.8332960900859082,0.9940914096183874,30,29,1.0,0.8864866068260312,0.9999999999999999,30,30,1.0,0.8864866068260312,0.9999999999999999,30,30,0.3,0.16664748268243793,0.47875787458714947,30,9,1.0,0.8864866068260312,0.9999999999999999,30,30,0.3333333333333333,0.19230498083676134,0.5121994835545616,30,10,1.0,0.8864866068260312,0.9999999999999999,30,30,1.0,0.8864866068260312,0.9999999999999999,30,30,1.0,0.8864866068260312,0.9999999999999999,30,30,1.0,0.8864866068260312,0.9999999999999999,30,30,0.0,0.0,0.11351339317396876,30,0,1.0,0.8864866068260312,0.9999999999999999,30,30,1.0,0.8864866068260312,0.9999999999999999,30,30,0.0,0.0,0.11351339317396876,30,0,0.8333333333333334,0.6643564949358398,0.9266345762815145,30,25,0.9666666666666667,0.8332960900859082,0.9940914096183874,30,29,0.9666666666666667,0.8332960900859082,0.9940914096183874,30,29,0.0,0.0,0.0,0.0,0.9666666666666667,0.8332960900859082,0.9940914096183874,29,30,1.0,0.8864866068260312,0.9999999999999999,30,0.0,178.0,174.0,182.0,180.56666666666666,14.37354690306859,0.07960243808234405,2231.8,59.7,0.3099722222222222,0.20870370370370367,0.341168463838213,0.210999318600536,0.15578453584476742,0.22750620174948405,0.01867111716158576,2.0550000568498707,109.6,0.19758601957119784,-0.004671419183442467,0.018880973610491646,3.91700346582231,0.6012516401334627,0.6,5.000689607616547
20,a_w=8 rec=0.1,30,8.0,0.1,,,,0,0,,,,0,0,,,,0,0,1.0,0.8864866068260312,0.9999999999999999,30,30,1.0,0.8864866068260312,0.9999999999999999,30,30,1.0,0.8864866068260312,0.9999999999999999,30,30,1.0,0.8864866068260312,0.9999999999999999,30,30,0.6,0.42320360253322475,0.7540937188319815,30,18,1.0,0.8864866068260312,0.9999999999999999,30,30,0.23333333333333334,0.11792388144489496,0.40928326158122164,30,7,1.0,0.8864866068260312,0.9999999999999999,30,30,1.0,0.8864866068260312,0.9999999999999999,30,30,1.0,0.8864866068260312,0.9999999999999999,30,30,1.0,0.8864866068260312,0.9999999999999999,30,30,0.0,0.0,0.11351339317396876,30,0,1.0,0.8864866068260312,0.9999999999999999,30,30,1.0,0.8864866068260312,0.9999999999999999,30,30,0.0,0.0,0.11351339317396876,30,0,0.5333333333333333,0.36142299619873297,0.6976761109230025,30,16,1.0,0.8864866068260312,0.9999999999999999,30,30,1.0,0.8864866068260312,0.9999999999999999,30,30,0.0,0.0,0.0,0.0,1.0,0.8864866068260312,0.9999999999999999,30,30,1.0,0.8864866068260312,0.9999999999999999,30,0.0,168.0,164.0,176.0,170.33333333333334,10.806553992619586,0.0634435655144007,2402.9333333333334,54.166666666666664,0.33374074074074067,0.18585185185185182,0.31064027918361126,0.19138153742140446,0.16449912934023928,0.21034379333724812,0.018095713607583587,2.181388207588187,109.06666666666666,0.23174129859115083,-0.006592963516401784,0.01830390355548628,4.107398401272239,0.6393876950667619,0.8333333333333334,5.576634341133784
21,a_w=8 rec=0.15,30,8.0,0.15,,,,0,0,,,,0,0,,,,0,0,1.0,0.8864866068260312,0.9999999999999999,30,30,1.0,0.8864866068260312,0.9999999999999999,30,30,1.0,0.8864866068260312,0.9999999999999999,30,30,1.0,0.8864866068260312,0.9999999999999999,30,30,0.8666666666666667,0.703186733179637,0.9469034451594526,30,26,1.0,0.8864866068260312,0.9999999999999999,30,30,0.4,0.24590628116801852,0.5767963974667752,30,12,1.0,0.8864866068260312,0.9999999999999999,30,30,0.7,0.5212421254128504,0.8333525173175619,30,21,1.0,0.8864866068260312,0.9999999999999999,30,30,1.0,0.8864866068260312,0.9999999999999999,30,30,0.0,0.0,0.11351339317396876,30,0,1.0,0.8864866068260312,0.9999999999999999,30,30,1.0,0.8864866068260312,0.9999999999999999,30,30,0.0,0.0,0.11351339317396876,30,0,0.5666666666666667,0.3919730700081361,0.7262251442353347,30,17,0.7,0.5212421254128504,0.8333525173175619,30,21,0.7,0.5212421254128504,0.8333525173175619,30,21,0.0,0.0,0.0,0.0,0.7,0.5212421254128504,0.8333525173175619,21,30,1.0,0.8864866068260312,0.9999999999999999,30,0.0,165.0,159.0,170.0,165.9,9.646689623371074,0.058147616777402496,2744.6,51.86666666666667,0.38119444444444434,0.1478148148148148,0.26957331491213765,0.16341896070302295,0.20945091580389036,0.18465065102296982,0.013262935759107421,2.2418703468991454,109.4,0.2854081881098705,-0.009722315415807247,0.013508418542709592,4.620558410001833,0.7345463419667795,0.9,7.1996168480427265
22,a_w=8 rec=0.2,30,8.0,0.2,,,,0,0,,,,0,0,,,,0,0,1.0,0.8864866068260312,0.9999999999999999,30,30,1.0,0.8864866068260312,0.9999999999999999,30,30,1.0,0.8864866068260312,0.9999999999999999,30,30,1.0,0.8864866068260312,0.9999999999999999,30,30,0.9666666666666667,0.8332960900859082,0.9940914096183874,30,29,1.0,0.8864866068260312,0.9999999999999999,30,30,0.4,0.24590628116801852,0.5767963974667752,30,12,1.0,0.8864866068260312,0.9999999999999999,30,30,0.1,0.03459988874733419,0.25621082579184085,30,3,1.0,0.8864866068260312,0.9999999999999999,30,30,1.0,0.8864866068260312,0.9999999999999999,30,30,0.0,0.0,0.11351339317396876,30,0,1.0,0.8864866068260312,0.9999999999999999,30,30,1.0,0.8864866068260312,0.9999999999999999,30,30,0.0,0.0,0.11351339317396876,30,0,0.4,0.24590628116801852,0.5767963974667752,30,12,0.1,0.03459988874733419,0.25621082579184085,30,3,0.1,0.03459988874733419,0.25621082579184085,30,3,0.0,0.0,0.0,0.0,0.1,0.03459988874733419,0.25621082579184085,3,30,1.0,0.8864866068260312,0.9999999999999999,30,0.0,159.0,157.0,163.0,160.83333333333334,9.43245802364453,0.05864740740089863,3026.9666666666667,49.53333333333333,0.420412037037037,0.12077777777777773,0.23865004361326958,0.14525962714752866,0.2377186611894992,0.16728633230428916,0.01254870947726856,2.2777371726803675,110.23333333333333,0.32905446759985446,-0.011808153464220726,0.012819021512331696,4.974041157836987,0.834502752933319,0.9,3.549485959221792
23,a_w=8 rec=0.3,30,8.0,0.3,,,,0,0,,,,0,0,,,,0,0,0.9666666666666667,0.8332960900859082,0.9940914096183874,30,29,1.0,0.8864866068260312,0.9999999999999999,30,30,1.0,0.8864866068260312,0.9999999999999999,30,30,1.0,0.8864866068260312,0.9999999999999999,30,30,0.8333333333333334,0.6643564949358398,0.9266345762815145,30,25,1.0,0.8864866068260312,0.9999999999999999,30,30,0.43333333333333335,0.2737748557646652,0.6080269299918639,30,13,1.0,0.8864866068260312,0.9999999999999999,30,30,0.0,0.0,0.11351339317396876,30,0,1.0,0.8864866068260312,0.9999999999999999,30,30,1.0,0.8864866068260312,0.9999999999999999,30,30,0.0,0.0,0.11351339317396876,30,0,1.0,0.8864866068260312,0.9999999999999999,30,30,1.0,0.8864866068260312,0.9999999999999999,30,30,0.0,0.0,0.11351339317396876,30,0,0.3333333333333333,0.19230498083676134,0.5121994835545616,30,10,0.0,0.0,0.11351339317396876,30,0,0.0,0.0,0.11351339317396876,30,0,0.0,0.0,0.0,0.0,0.0,0.0,0.11351339317396876,0,30,1.0,0.8864866068260312,0.9999999999999999,30,0.0,164.0,159.0,169.0,164.6,9.186196541363119,0.0558092134955232,3281.7,51.333333333333336,0.45579166666666665,0.10533333333333329,0.21464891467960603,0.13187693987136043,0.2750216321193812,0.15387853715512825,0.009442139972825577,2.261860574872972,112.0,0.4066498446342683,-0.014452577937976809,0.009778749879710395,5.343159029879405,0.936034579666375,0.8666666666666667,3.39370614215644
24,a_w=12 rec=0.02,30,12.0,0.02,,,,0,0,,,,0,0,,,,0,0,1.0,0.8864866068260312,0.9999999999999999,30,30,0.9333333333333333,0.7867654163738308,0.9815229762087295,30,28,1.0,0.8864866068260312,0.9999999999999999,30,30,1.0,0.8864866068260312,0.9999999999999999,30,30,0.16666666666666666,0.0733654237184855,0.3356435050641603,30,5,1.0,0.8864866068260312,0.9999999999999999,30,30,0.3333333333333333,0.19230498083676134,0.5121994835545616,30,10,1.0,0.8864866068260312,0.9999999999999999,30,30,0.9,0.7437891742081593,0.9654001112526658,30,27,1.0,0.8864866068260312,0.9999999999999999,30,30,1.0,0.8864866068260312,0.9999999999999999,30,30,0.0,0.0,0.11351339317396876,30,0,1.0,0.8864866068260312,0.9999999999999999,30,30,1.0,0.8864866068260312,0.9999999999999999,30,30,0.03333333333333333,0.005908590381612455,0.16670390991409173,30,1,0.8666666666666667,0.703186733179637,0.9469034451594526,30,26,0.8666666666666667,0.703186733179637,0.9469034451594526,30,26,0.8666666666666667,0.703186733179637,0.9469034451594526,30,26,0.0,0.0,0.0,0.0,0.8666666666666667,0.703186733179637,0.9469034451594526,26,30,1.0,0.8864866068260312,0.9999999999999999,30,0.0,181.0,175.0,182.0,179.3,8.678749313995214,0.0484035098382332,2100.7,59.233333333333334,0.29176388888888877,0.2308148148148148,0.35859888259487055,0.22282480039311606,0.14628716181241488,0.24284643338437376,0.023017115113246053,2.0459056703405274,107.36666666666666,0.13401414880706108,-0.0029505526899474164,0.02322271142336734,3.7519579804843954,0.6039225545999822,0.7666666666666667,5.006777016400274
25,a_w=12 rec=0.03,30,12.0,0.03,,,,0,0,,,,0,0,,,,0,0,1.0,0.8864866068260312,0.9999999999999999,30,30,0.8666666666666667,0.703186733179637,0.9469034451594526,30,26,1.0,0.8864866068260312,0.9999999999999999,30,30,1.0,0.8864866068260312,0.9999999999999999,30,30,0.2,0.0950510717728987,0.3730569641314825,30,6,1.0,0.8864866068260312,0.9999999999999999,30,30,0.3333333333333333,0.19230498083676134,0.5121994835545616,30,10,1.0,0.8864866068260312,0.9999999999999999,30,30,0.9666666666666667,0.8332960900859082,0.9940914096183874,30,29,1.0,0.8864866068260312,0.9999999999999999,30,30,1.0,0.8864866068260312,0.9999999999999999,30,30,0.0,0.0,0.11351339317396876,30,0,1.0,0.8864866068260312,0.9999999999999999,30,30,1.0,0.8864866068260312,0.9999999999999999,30,30,0.0,0.0,0.11351339317396876,30,0,0.6666666666666666,0.4878005164454384,0.8076950191632386,30,20,0.8333333333333334,0.6643564949358398,0.9266345762815145,30,25,0.8333333333333334,0.6643564949358398,0.9266345762815145,30,25,0.0,0.0,0.0,0.0,0.8333333333333334,0.6643564949358398,0.9266345762815145,25,30,1.0,0.8864866068260312,0.9999999999999999,30,0.0,180.0,176.0,184.0,180.76666666666668,11.708185563758473,0.0647696048151861,2112.6666666666665,62.56666666666667,0.293425925925926,0.22788888888888884,0.35921887941713754,0.22667510729476242,0.14494013483218446,0.24096025360501852,0.01975223616278221,1.9081606930073813,111.83333333333333,0.14529758180772842,-0.0031897253659442662,0.020019808055317924,3.7990250368348497,0.6046661723000094,0.5333333333333333,4.47277845711553
26,a_w=12 rec=0.05,30,12.0,0.05,,,,0,0,,,,0,0,,,,0,0,1.0,0.8864866068260312,0.9999999999999999,30,30,1.0,0.8864866068260312,0.9999999999999999,30,30,1.0,0.8864866068260312,0.9999999999999999,30,30,1.0,0.8864866068260312,0.9999999999999999,30,30,0.3,0.16664748268243793,0.47875787458714947,30,9,1.0,0.8864866068260312,0.9999999999999999,30,30,0.36666666666666664,0.21873920806100708,0.5448643634520511,30,11,1.0,0.8864866068260312,0.9999999999999999,30,30,1.0,0.8864866068260312,0.9999999999999999,30,30,1.0,0.8864866068260312,0.9999999999999999,30,30,1.0,0.8864866068260312,0.9999999999999999,30,30,0.0,0.0,0.11351339317396876,30,0,1.0,0.8864866068260312,0.9999999999999999,30,30,1.0,0.8864866068260312,0.9999999999999999,30,30,0.0,0.0,0.11351339317396876,30,0,0.8666666666666667,0.703186733179637,0.9469034451594526,30,26,1.0,0.8864866068260312,0.9999999999999999,30,30,1.0,0.8864866068260312,0.9999999999999999,30,30,0.0,0.0,0.0,0.0,1.0,0.8864866068260312,0.9999999999999999,30,30,1.0,0.8864866068260312,0.9999999999999999,30,0.0,179.0,172.0,181.0,180.76666666666668,18.552225135310977,0.10263078629159676,2243.5666666666666,59.766666666666666,0.31160648148148146,0.2086666666666666,0.33806979439088025,0.21112657420242067,0.15241627480805908,0.22670685321356068,0.019052462201133696,2.053612353218068,109.3,0.16650212767773925,-0.00393957447351077,0.019226068320320554,3.9223135368251936,0.6603808092999316,0.6666666666666666,4.864721702356602
27,a_w=12 rec=0.07,30,12.0,0.07,,,,0,0,,,,0,0,,,,0,0,1.0,0.8864866068260312,0.9999999999999999,30,30,1.0,0.8864866068260312,0.9999999999999999,30,30,1.0,0.8864866068260312,0.9999999999999999,30,30,1.0,0.8864866068260312,0.9999999999999999,30,30,0.3333333333333333,0.19230498083676134,0.5121994835545616,30,10,1.0,0.8864866068260312,0.9999999999999999,30,30,0.23333333333333334,0.11792388144489496,0.40928326158122164,30,7,1.0,0.8864866068260312,0.9999999999999999,30,30,1.0,0.8864866068260312,0.9999999999999999,30,30,1.0,0.8864866068260312,0.9999999999999999,30,30,1.0,0.8864866068260312,0.9999999999999999,30,30,0.0,0.0,0.11351339317396876,30,0,1.0,0.8864866068260312,0.9999999999999999,30,30,1.0,0.8864866068260312,0.9999999999999999,30,30,0.0,0.0,0.11351339317396876,30,0,0.8333333333333334,0.6643564949358398,0.9266345762815145,30,25,1.0,0.8864866068260312,0.9999999999999999,30,30,1.0,0.8864866068260312,0.9999999999999999,30,30,0.0,0.0,0.0,0.0,1.0,0.8864866068260312,0.9999999999999999,30,30,1.0,0.8864866068260312,0.9999999999999999,30,0.0,181.0,169.0,184.0,179.7,14.069164129767797,0.07829251046058874,2355.7,58.53333333333333,0.3271805555555556,0.18948148148148145,0.32157575792462195,0.1972126014032469,0.16895284628150548,0.214979894165713,0.017174304321895463,2.1019875375176547,107.53333333333333,0.1900559136708823,-0.004968659884732916,0.017363887735217045,4.0842775041980275,0.6808991469332493,0.7333333333333333,6.537601233255014
28,a_w=12 rec=0.1,30,12.0,0.1,,,,0,0,,,,0,0,,,,0,0,1.0,0.8864866068260312,0.9999999999999999,30,30,1.0,0.8864866068260312,0.9999999999999999,30,30,1.0,0.8864866068260312,0.9999999999999999,30,30,1.0,0.8864866068260312,0.9999999999999999,30,30,0.6,0.42320360253322475,0.7540937188319815,30,18,1.0,0.8864866068260312,0.9999999999999999,30,30,0.36666666666666664,0.21873920806100708,0.5448643634520511,30,11,1.0,0.8864866068260312,0.9999999999999999,30,30,1.0,0.8864866068260312,0.9999999999999999,30,30,1.0,0.8864866068260312,0.9999999999999999,30,30,1.0,0.8864866068260312,0.9999999999999999,30,30,0.0,0.0,0.11351339317396876,30,0,1.0,0.8864866068260312,0.9999999999999999,30,30,1.0,0.8864866068260312,0.9999999999999999,30,30,0.06666666666666667,0.018477023791270378,0.2132345836261692,30,2,0.6,0.42320360253322475,0.7540937188319815,30,18,1.0,0.8864866068260312,0.9999999999999999,30,30,1.0,0.8864866068260312,0.9999999999999999,30,30,0.0,0.0,0.0,0.0,1.0,0.8864866068260312,0.9999999999999999,30,30,1.0,0.8864866068260312,0.9999999999999999,30,0.0,172.0,167.0,178.0,172.86666666666667,9.891596340374972,0.057220958390136745,2626.3333333333335,56.333333333333336,0.36476851851851844,0.15829629629629624,0.28392029397231866,0.1712007660261374,0.19088821369876852,0.1930161772338711,0.01419357031510851,2.099272774612688,111.46666666666667,0.22255258502481548,-0.005904393461516341,0.014382087274908872,4.4176292987995405,0.7084405405666379,0.8666666666666667,3.7759066810989665
29,a_w=12 rec=0.15,30,12.0,0.15,,,,0,0,,,,0,0,,,,0,0,1.0,0.8864866068260312,0.9999999999999999,30,30,1.0,0.8864866068260312,0.9999999999999999,30,30,1.0,0.8864866068260312,0.9999999999999999,30,30,1.0,0.8864866068260312,0.9999999999999999,30,30,0.8666666666666667,0.703186733179637,0.9469034451594526,30,26,1.0,0.8864866068260312,0.9999999999999999,30,30,0.4666666666666667,0.30232388907699753,0.638577003801267,30,14,1.0,0.8864866068260312,0.9999999999999999,30,30,0.9666666666666667,0.8332960900859082,0.9940914096183874,30,29,1.0,0.8864866068260312,0.9999999999999999,30,30,1.0,0.8864866068260312,0.9999999999999999,30,30,0.0,0.0,0.11351339317396876,30,0,1.0,0.8864866068260312,0.9999999999999999,30,30,1.0,0.8864866068260312,0.9999999999999999,30,30,0.0,0.0,0.11351339317396876,30,0,0.5333333333333333,0.36142299619873297,0.6976761109230025,30,16,0.9666666666666667,0.8332960900859082,0.9940914096183874,30,29,0.9666666666666667,0.8332960900859082,0.9940914096183874,30,29,0.0,0.0,0.0,0.0,0.9666666666666667,0.8332960900859082,0.9940914096183874,29,30,1.0,0.8864866068260312,0.9999999999999999,30,0.0,159.0,157.0,166.0,163.73333333333332,9.954840559984506,0.0607991076546285,2959.266666666667,50.2,0.41100925925925924,0.12811111111111104,0.24626051260328705,0.1481671388334001,0.22792244437257006,0.1708766044132817,0.014906023993806602,2.305064134435924,110.0,0.267562549576393,-0.009174929399822347,0.015201265334580858,4.876184027762103,0.8082881690000553,0.8666666666666667,5.044628416649632
30,a_w=12 rec=0.2,30,12.0,0.2,,,,0,0,,,,0,0,,,,0,0,1.0,0.8864866068260312,0.9999999999999999,30,30,1.0,0.8864866068260312,0.9999999999999999,30,30,1.0,0.8864866068260312,0.9999999999999999,30,30,1.0,0.8864866068260312,0.9999999999999999,30,30,0.8333333333333334,0.6643564949358398,0.9266345762815145,30,25,1.0,0.8864866068260312,0.9999999999999999,30,30,0.36666666666666664,0.21873920806100708,0.5448643634520511,30,11,1.0,0.8864866068260312,0.9999999999999999,30,30,0.4,0.24590628116801852,0.5767963974667752,30,12,1.0,0.8864866068260312,0.9999999999999999,30,30,1.0,0.8864866068260312,0.9999999999999999,30,30,0.0,0.0,0.11351339317396876,30,0,1.0,0.8864866068260312,0.9999999999999999,30,30,1.0,0.8864866068260312,0.9999999999999999,30,30,0.0,0.0,0.11351339317396876,30,0,0.3,0.16664748268243793,0.47875787458714947,30,9,0.4,0.24590628116801852,0.5767963974667752,30,12,0.4,0.24590628116801852,0.5767963974667752,30,12,0.0,0.0,0.0,0.0,0.4,0.24590628116801852,0.5767963974667752,12,30,1.0,0.8864866068260312,0.9999999999999999,30,0.0,164.0,162.0,168.0,166.6,11.050354963872708,0.06632866124773534,3269.4666666666667,49.86666666666667,0.45409259259259266,0.10525925925925919,0.21477091992727465,0.1313976851339838,0.27658336994081384,0.15397602551135542,0.012062996227979137,2.3912875834807363,110.23333333333333,0.3122570107388007,-0.010707899443011705,0.012397889289333176,5.336218246679823,0.9749268580334804,0.9333333333333333,4.477401750656469
31,a_w=12 rec=0.3,30,12.0,0.3,,,,0,0,,,,0,0,,,,0,0,0.9,0.7437891742081593,0.9654001112526658,30,27,1.0,0.8864866068260312,0.9999999999999999,30,30,1.0,0.8864866068260312,0.9999999999999999,30,30,1.0,0.8864866068260312,0.9999999999999999,30,30,0.9666666666666667,0.8332960900859082,0.9940914096183874,30,29,1.0,0.8864866068260312,0.9999999999999999,30,30,0.6333333333333333,0.4551356365479487,0.7812607919389929,30,19,1.0,0.8864866068260312,0.9999999999999999,30,30,0.03333333333333333,0.005908590381612455,0.16670390991409173,30,1,1.0,0.8864866068260312,0.9999999999999999,30,30,1.0,0.8864866068260312,0.9999999999999999,30,30,0.0,0.0,0.11351339317396876,30,0,1.0,0.8864866068260312,0.9999999999999999,30,30,1.0,0.8864866068260312,0.9999999999999999,30,30,0.0,0.0,0.11351339317396876,30,0,0.13333333333333333,0.053096554840547455,0.296813266820363,30,4,0.03333333333333333,0.005908590381612455,0.16670390991409173,30,1,0.03333333333333333,0.005908590381612455,0.16670390991409173,30,1,0.0,0.0,0.0,0.0,0.03333333333333333,0.005908590381612455,0.16670390991409173,1,30,1.0,0.8864866068260312,0.9999999999999999,30,0.0,160.0,157.0,162.0,161.2,7.136115044688845,0.0442687037511715,3612.1,48.333333333333336,0.5016805555555556,0.08611111111111107,0.18788572573030235,0.11748364331141539,0.3151238084528503,0.13963419054732082,0.011205155520570999,2.378663442132928,110.73333333333333,0.38094764568786244,-0.014551875286561648,0.01164629678926245,5.786331581050899,1.0448219057330184,0.9333333333333333,4.798946244486519
32,a_w=16 rec=0.02,30,16.0,0.02,,,,0,0,,,,0,0,,,,0,0,1.0,0.8864866068260312,0.9999999999999999,30,30,1.0,0.8864866068260312,0.9999999999999999,30,30,1.0,0.8864866068260312,0.9999999999999999,30,30,1.0,0.8864866068260312,0.9999999999999999,30,30,0.16666666666666666,0.0733654237184855,0.3356435050641603,30,5,1.0,0.8864866068260312,0.9999999999999999,30,30,0.3,0.16664748268243793,0.47875787458714947,30,9,1.0,0.8864866068260312,0.9999999999999999,30,30,0.9,0.7437891742081593,0.9654001112526658,30,27,1.0,0.8864866068260312,0.9999999999999999,30,30,1.0,0.8864866068260312,0.9999999999999999,30,30,0.0,0.0,0.11351339317396876,30,0,1.0,0.8864866068260312,0.9999999999999999,30,30,1.0,0.8864866068260312,0.9999999999999999,30,30,0.03333333333333333,0.005908590381612455,0.16670390991409173,30,1,0.9,0.7437891742081593,0.9654001112526658,30,27,0.9,0.7437891742081593,0.9654001112526658,30,27,0.9,0.7437891742081593,0.9654001112526658,30,27,0.0,0.0,0.0,0.0,0.9,0.7437891742081593,0.9654001112526658,27,30,1.0,0.8864866068260312,0.9999999999999999,30,0.0,181.0,173.0,185.0,179.76666666666668,11.446075470577718,0.0636718457476973,2130.766666666667,59.333333333333336,0.2959398148148148,0.2272592592592592,0.3572880752076163,0.22264856198059776,0.14392889604673353,0.23842218269029516,0.02227096276305367,2.072239032765933,107.96666666666667,0.1327273796767673,-0.00280982238222986,0.022488138088439868,3.814049306487057,0.6271960377334835,0.6666666666666666,5.359383220646488
33,a_w=16 rec=0.03,30,16.0,0.03,,,,0,0,,,,0,0,,,,0,0,1.0,0.8864866068260312,0.9999999999999999,30,30,1.0,0.8864866068260312,0.9999999999999999,30,30,1.0,0.8864866068260312,0.9999999999999999,30,30,1.0,0.8864866068260312,0.9999999999999999,30,30,0.13333333333333333,0.053096554840547455,0.296813266820363,30,4,1.0,0.8864866068260312,0.9999999999999999,30,30,0.26666666666666666,0.14182663319596317,0.4444796169518888,30,8,1.0,0.8864866068260312,0.9999999999999999,30,30,0.9666666666666667,0.8332960900859082,0.9940914096183874,30,29,1.0,0.8864866068260312,0.9999999999999999,30,30,1.0,0.8864866068260312,0.9999999999999999,30,30,0.0,0.0,0.11351339317396876,30,0,1.0,0.8864866068260312,0.9999999999999999,30,30,1.0,0.8864866068260312,0.9999999999999999,30,30,0.03333333333333333,0.005908590381612455,0.16670390991409173,30,1,0.8666666666666667,0.703186733179637,0.9469034451594526,30,26,0.9666666666666667,0.8332960900859082,0.9940914096183874,30,29,0.9666666666666667,0.8332960900859082,0.9940914096183874,30,29,0.0,0.0,0.0,0.0,0.9666666666666667,0.8332960900859082,0.9940914096183874,29,30,1.0,0.8864866068260312,0.9999999999999999,30,0.0,179.0,174.0,185.0,179.26666666666668,9.975602421816987,0.05564672232326322,2163.633333333333,59.233333333333334,0.3005046296296296,0.2201481481481481,0.35176247569554486,0.21802184825262355,0.14689209068310705,0.23351135757900787,0.022594434020085756,2.054016891327339,109.53333333333333,0.14232291111047604,-0.0029292794615312467,0.022770007091070462,3.808747181722671,0.6081645169664626,0.7333333333333333,6.425881575549654
34,a_w=16 rec=0.05,30,16.0,0.05,,,,0,0,,,,0,0,,,,0,0,1.0,0.8864866068260312,0.9999999999999999,30,30,0.9666666666666667,0.8332960900859082,0.9940914096183874,30,29,1.0,0.8864866068260312,0.9999999999999999,30,30,1.0,0.8864866068260312,0.9999999999999999,30,30,0.23333333333333334,0.11792388144489496,0.40928326158122164,30,7,1.0,0.8864866068260312,0.9999999999999999,30,30,0.2,0.0950510717728987,0.3730569641314825,30,6,1.0,0.8864866068260312,0.9999999999999999,30,30,1.0,0.8864866068260312,0.9999999999999999,30,30,1.0,0.8864866068260312,0.9999999999999999,30,30,1.0,0.8864866068260312,0.9999999999999999,30,30,0.0,0.0,0.11351339317396876,30,0,1.0,0.8864866068260312,0.9999999999999999,30,30,1.0,0.8864866068260312,0.9999999999999999,30,30,0.0,0.0,0.11351339317396876,30,0,0.8666666666666667,0.703186733179637,0.9469034451594526,30,26,0.9666666666666667,0.8332960900859082,0.9940914096183874,30,29,0.9666666666666667,0.8332960900859082,0.9940914096183874,30,29,0.0,0.0,0.0,0.0,0.9666666666666667,0.8332960900859082,0.9940914096183874,29,30,1.0,0.8864866068260312,0.9999999999999999,30,0.0,184.0,175.0,187.0,183.0,13.245688953847171,0.07238081395544903,2263.0,60.6,0.31430555555555556,0.20440740740740734,0.33583285819178893,0.20779766046116557,0.16501721086060753,0.22444451680915806,0.019435850982364677,2.053062903273565,109.46666666666667,0.16385037168406258,-0.003575955069414429,0.019609950367182057,3.955500720821219,0.6188985400000092,0.6666666666666666,5.612383680283507
35,a_w=16 rec=0.07,30,16.0,0.07,,,,0,0,,,,0,0,,,,0,0,1.0,0.8864866068260312,0.9999999999999999,30,30,1.0,0.8864866068260312,0.9999999999999999,30,30,1.0,0.8864866068260312,0.9999999999999999,30,30,1.0,0.8864866068260312,0.9999999999999999,30,30,0.4666666666666667,0.30232388907699753,0.638577003801267,30,14,1.0,0.8864866068260312,0.9999999999999999,30,30,0.43333333333333335,0.2737748557646652,0.6080269299918639,30,13,1.0,0.8864866068260312,0.9999999999999999,30,30,1.0,0.8864866068260312,0.9999999999999999,30,30,1.0,0.8864866068260312,0.9999999999999999,30,30,1.0,0.8864866068260312,0.9999999999999999,30,30,0.0,0.0,0.11351339317396876,30,0,1.0,0.8864866068260312,0.9999999999999999,30,30,1.0,0.8864866068260312,0.9999999999999999,30,30,0.03333333333333333,0.005908590381612455,0.16670390991409173,30,1,0.8,0.6269430358685175,0.9049489282271013,30,24,1.0,0.8864866068260312,0.9999999999999999,30,30,1.0,0.8864866068260312,0.9999999999999999,30,30,0.0,0.0,0.0,0.0,1.0,0.8864866068260312,0.9999999999999999,30,30,1.0,0.8864866068260312,0.9999999999999999,30,0.0,175.0,168.0,181.0,176.66666666666666,12.4133780262662,0.0702644039222615,2448.6,58.7,0.34008333333333335,0.1833703703703703,0.30774645068954787,0.18654546709767333,0.1749760213786404,0.20742618451618494,0.016848402153137796,2.034728107763238,110.46666666666667,0.18505903270433333,-0.004399710809911404,0.017100632155304052,4.245277488621017,0.6643433126998691,0.6666666666666666,6.021417712164455
36,a_w=16 rec=0.1,30,16.0,0.1,,,,0,0,,,,0,0,,,,0,0,1.0,0.8864866068260312,0.9999999999999999,30,30,1.0,0.8864866068260312,0.9999999999999999,30,30,1.0,0.8864866068260312,0.9999999999999999,30,30,1.0,0.8864866068260312,0.9999999999999999,30,30,0.7666666666666667,0.5907167384187784,0.8820761185551049,30,23,1.0,0.8864866068260312,0.9999999999999999,30,30,0.4666666666666667,0.30232388907699753,0.638577003801267,30,14,1.0,0.8864866068260312,0.9999999999999999,30,30,1.0,0.8864866068260312,0.9999999999999999,30,30,1.0,0.8864866068260312,0.9999999999999999,30,30,1.0,0.8864866068260312,0.9999999999999999,30,30,0.0,0.0,0.11351339317396876,30,0,1.0,0.8864866068260312,0.9999999999999999,30,30,1.0,0.8864866068260312,0.9999999999999999,30,30,0.0,0.0,0.11351339317396876,30,0,0.7,0.5212421254128504,0.8333525173175619,30,21,1.0,0.8864866068260312,0.9999999999999999,30,30,1.0,0.8864866068260312,0.9999999999999999,30,30,0.0,0.0,0.0,0.0,1.0,0.8864866068260312,0.9999999999999999,30,30,1.0,0.8864866068260312,0.9999999999999999,30,0.0,170.0,165.0,174.0,170.0,11.206525192786199,0.0659207364281541,2696.6666666666665,55.833333333333336,0.37453703703703706,0.15099999999999997,0.2781359169014497,0.1666089558454181,0.20322542232129737,0.18736236262019085,0.015261495449377832,2.0731251899683163,109.93333333333334,0.21606626289341832,-0.005812499531519464,0.015463619941388373,4.530949430859899,0.7133880852332368,0.8333333333333334,5.145693434274939
37,a_w=16 rec=0.15,30,16.0,0.15,,,,0,0,,,,0,0,,,,0,0,1.0,0.8864866068260312,0.9999999999999999,30,30,0.9666666666666667,0.8332960900859082,0.9940914096183874,30,29,1.0,0.8864866068260312,0.9999999999999999,30,30,1.0,0.8864866068260312,0.9999999999999999,30,30,0.8,0.6269430358685175,0.9049489282271013,30,24,1.0,0.8864866068260312,0.9999999999999999,30,30,0.43333333333333335,0.2737748557646652,0.6080269299918639,30,13,1.0,0.8864866068260312,0.9999999999999999,30,30,0.9666666666666667,0.8332960900859082,0.9940914096183874,30,29,1.0,0.8864866068260312,0.9999999999999999,30,30,1.0,0.8864866068260312,0.9999999999999999,30,30,0.0,0.0,0.11351339317396876,30,0,1.0,0.8864866068260312,0.9999999999999999,30,30,1.0,0.8864866068260312,0.9999999999999999,30,30,0.0,0.0,0.11351339317396876,30,0,0.43333333333333335,0.2737748557646652,0.6080269299918639,30,13,0.9333333333333333,0.7867654163738308,0.9815229762087295,30,28,0.9333333333333333,0.7867654163738308,0.9815229762087295,30,28,0.0,0.0,0.0,0.0,0.9333333333333333,0.7867654163738308,0.9815229762087295,28,30,1.0,0.8864866068260312,0.9999999999999999,30,0.0,165.0,163.0,170.0,167.7,13.696589054364518,0.0816731607296632,3111.8333333333335,54.46666666666667,0.4321990740740741,0.11477777777777777,0.23188261959588485,0.139397895849373,0.24657612539800336,0.1624381119593929,0.011786284886134375,2.109650776096211,110.7,0.26152190908182776,-0.007980784611995318,0.012041805168732761,5.06202404528848,0.8433515548334375,0.8333333333333334,3.534558451670571
38,a_w=16 rec=0.2,30,16.0,0.2,,,,0,0,,,,0,0,,,,0,0,0.9333333333333333,0.7867654163738308,0.9815229762087295,30,28,1.0,0.8864866068260312,0.9999999999999999,30,30,1.0,0.8864866068260312,0.9999999999999999,30,30,1.0,0.8864866068260312,0.9999999999999999,30,30,0.9333333333333333,0.7867654163738308,0.9815229762087295,30,28,1.0,0.8864866068260312,0.9999999999999999,30,30,0.43333333333333335,0.2737748557646652,0.6080269299918639,30,13,1.0,0.8864866068260312,0.9999999999999999,30,30,0.6666666666666666,0.4878005164454384,0.8076950191632386,30,20,1.0,0.8864866068260312,0.9999999999999999,30,30,1.0,0.8864866068260312,0.9999999999999999,30,30,0.0,0.0,0.11351339317396876,30,0,0.9666666666666667,0.8332960900859082,0.9940914096183874,30,29,1.0,0.8864866068260312,0.9999999999999999,30,30,0.0,0.0,0.11351339317396876,30,0,0.3333333333333333,0.19230498083676134,0.5121994835545616,30,10,0.6,0.42320360253322475,0.7540937188319815,30,18,0.6,0.42320360253322475,0.7540937188319815,30,18,0.0,0.0,0.0,0.0,0.6,0.42320360253322475,0.7540937188319815,18,30,1.0,0.8864866068260312,0.9999999999999999,30,0.0,161.0,159.0,164.0,162.56666666666666,7.546103508494933,0.046418516558303875,3413.0666666666666,51.233333333333334,0.474037037037037,0.09596296296296293,0.20489919641013526,0.12442205065203178,0.29027371991871276,0.1481672189409437,0.011354148245439337,2.2133717537110438,111.06666666666666,0.3045938838347263,-0.010650769195648014,0.011574466574388908,5.491161842446022,0.9955671929667612,0.9,3.321127076381039
39,a_w=16 rec=0.3,30,16.0,0.3,,,,0,0,,,,0,0,,,,0,0,0.5666666666666667,0.3919730700081361,0.7262251442353347,30,17,1.0,0.8864866068260312,0.9999999999999999,30,30,1.0,0.8864866068260312,0.9999999999999999,30,30,1.0,0.8864866068260312,0.9999999999999999,30,30,0.9666666666666667,0.8332960900859082,0.9940914096183874,30,29,1.0,0.8864866068260312,0.9999999999999999,30,30,0.4666666666666667,0.30232388907699753,0.638577003801267,30,14,1.0,0.8864866068260312,0.9999999999999999,30,30,0.06666666666666667,0.018477023791270378,0.2132345836261692,30,2,1.0,0.8864866068260312,0.9999999999999999,30,30,1.0,0.8864866068260312,0.9999999999999999,30,30,0.0,0.0,0.11351339317396876,30,0,0.8666666666666667,0.703186733179637,0.9469034451594526,30,26,1.0,0.8864866068260312,0.9999999999999999,30,30,0.0,0.0,0.11351339317396876,30,0,0.23333333333333334,0.11792388144489496,0.40928326158122164,30,7,0.06666666666666667,0.018477023791270378,0.2132345836261692,30,2,0.06666666666666667,0.018477023791270378,0.2132345836261692,30,2,0.0,0.0,0.0,0.0,0.06666666666666667,0.018477023791270378,0.2132345836261692,2,30,1.0,0.8864866068260312,0.9999999999999999,30,0.0,161.0,159.0,166.0,163.36666666666667,8.93456416293538,0.054690251966549974,3857.1,49.96666666666667,0.5357083333333333,0.07070370370370366,0.1713673140550282,0.10783817578371296,0.3504542069504033,0.13013234335691806,0.010904123518725797,2.3096752014339486,111.93333333333334,0.36390790853627947,-0.012638702231689529,0.011300438113507174,6.144562459291946,1.1186361200002162,0.9333333333333333,3.580920064138144
40,a_w=24 rec=0.02,30,24.0,0.02,,,,0,0,,,,0,0,,,,0,0,1.0,0.8864866068260312,0.9999999999999999,30,30,0.9666666666666667,0.8332960900859082,0.9940914096183874,30,29,1.0,0.8864866068260312,0.9999999999999999,30,30,1.0,0.8864866068260312,0.9999999999999999,30,30,0.16666666666666666,0.0733654237184855,0.3356435050641603,30,5,1.0,0.8864866068260312,0.9999999999999999,30,30,0.6,0.42320360253322475,0.7540937188319815,30,18,1.0,0.8864866068260312,0.9999999999999999,30,30,0.9666666666666667,0.8332960900859082,0.9940914096183874,30,29,1.0,0.8864866068260312,0.9999999999999999,30,30,1.0,0.8864866068260312,0.9999999999999999,30,30,0.0,0.0,0.11351339317396876,30,0,1.0,0.8864866068260312,0.9999999999999999,30,30,1.0,0.8864866068260312,0.9999999999999999,30,30,0.0,0.0,0.11351339317396876,30,0,0.9333333333333333,0.7867654163738308,0.9815229762087295,30,28,0.9333333333333333,0.7867654163738308,0.9815229762087295,30,28,0.9333333333333333,0.7867654163738308,0.9815229762087295,30,28,0.0,0.0,0.0,0.0,0.9333333333333333,0.7867654163738308,0.9815229762087295,28,30,1.0,0.8864866068260312,0.9999999999999999,30,0.0,178.0,174.0,185.0,180.5,11.542276115698952,0.06394612806481415,2135.9666666666667,62.3,0.296662037037037,0.22270370370370368,0.3557372622175093,0.22176336366924448,0.14684622977838174,0.23732734688958487,0.020945634084373548,1.9152806153894915,108.96666666666667,0.1326297280700063,-0.002739589616230756,0.021149281338318074,3.806636624570018,0.5730590149667478,0.6,6.321737721235512
41,a_w=24 rec=0.03,30,24.0,0.03,,,,0,0,,,,0,0,,,,0,0,1.0,0.8864866068260312,0.9999999999999999,30,30,1.0,0.8864866068260312,0.9999999999999999,30,30,1.0,0.8864866068260312,0.9999999999999999,30,30,1.0,0.8864866068260312,0.9999999999999999,30,30,0.26666666666666666,0.14182663319596317,0.4444796169518888,30,8,1.0,0.8864866068260312,0.9999999999999999,30,30,0.3,0.16664748268243793,0.47875787458714947,30,9,1.0,0.8864866068260312,0.9999999999999999,30,30,1.0,0.8864866068260312,0.9999999999999999,30,30,1.0,0.8864866068260312,0.9999999999999999,30,30,1.0,0.8864866068260312,0.9999999999999999,30,30,0.0,0.0,0.11351339317396876,30,0,1.0,0.8864866068260312,0.9999999999999999,30,30,1.0,0.8864866068260312,0.9999999999999999,30,30,0.06666666666666667,0.018477023791270378,0.2132345836261692,30,2,0.8666666666666667,0.703186733179637,0.9469034451594526,30,26,1.0,0.8864866068260312,0.9999999999999999,30,30,1.0,0.8864866068260312,0.9999999999999999,30,30,0.0,0.0,0.0,0.0,1.0,0.8864866068260312,0.9999999999999999,30,30,1.0,0.8864866068260312,0.9999999999999999,30,0.0,175.0,172.0,178.0,177.63333333333333,12.189547057674636,0.06862195753992102,2213.633333333333,62.666666666666664,0.30744907407407407,0.2119629629629629,0.3431118178475295,0.2137075807694578,0.15611440389602016,0.2294688957300538,0.019472820187234972,1.8486910660582048,108.16666666666667,0.14220229090529035,-0.003148925878904856,0.019611997098990763,3.894551622549607,0.5986899680336137,0.4,5.67561835205301
42,a_w=24 rec=0.05,30,24.0,0.05,,,,0,0,,,,0,0,,,,0,0,1.0,0.8864866068260312,0.9999999999999999,30,30,0.9666666666666667,0.8332960900859082,0.9940914096183874,30,29,1.0,0.8864866068260312,0.9999999999999999,30,30,1.0,0.8864866068260312,0.9999999999999999,30,30,0.13333333333333333,0.053096554840547455,0.296813266820363,30,4,1.0,0.8864866068260312,0.9999999999999999,30,30,0.4666666666666667,0.30232388907699753,0.638577003801267,30,14,1.0,0.8864866068260312,0.9999999999999999,30,30,1.0,0.8864866068260312,0.9999999999999999,30,30,1.0,0.8864866068260312,0.9999999999999999,30,30,1.0,0.8864866068260312,0.9999999999999999,30,30,0.0,0.0,0.11351339317396876,30,0,1.0,0.8864866068260312,0.9999999999999999,30,30,1.0,0.8864866068260312,0.9999999999999999,30,30,0.03333333333333333,0.005908590381612455,0.16670390991409173,30,1,0.8,0.6269430358685175,0.9049489282271013,30,24,0.9666666666666667,0.8332960900859082,0.9940914096183874,30,29,0.9666666666666667,0.8332960900859082,0.9940914096183874,30,29,0.0,0.0,0.0,0.0,0.9666666666666667,0.8332960900859082,0.9940914096183874,29,30,1.0,0.8864866068260312,0.9999999999999999,30,0.0,181.0,176.0,188.0,183.16666666666666,13.658604294157138,0.0745692682119589,2389.5666666666666,60.7,0.33188425925925924,0.18540740740740738,0.31588644980487757,0.19224400774686445,0.17275583188090013,0.21155740902723794,0.01941204542085894,2.0485556319197484,109.06666666666666,0.16272895910196652,-0.0036531900728504533,0.019558990905362224,4.137447911356336,0.652925741333335,0.7,4.841867218431287
43,a_w=24 rec=0.07,30,24.0,0.07,,,,0,0,,,,0,0,,,,0,0,1.0,0.8864866068260312,0.9999999999999999,30,30,0.9666666666666667,0.8332960900859082,0.9940914096183874,30,29,1.0,0.8864866068260312,0.9999999999999999,30,30,1.0,0.8864866068260312,0.9999999999999999,30,30,0.5,0.33154125640533766,0.6684587435946623,30,15,1.0,0.8864866068260312,0.9999999999999999,30,30,0.3333333333333333,0.19230498083676134,0.5121994835545616,30,10,1.0,0.8864866068260312,0.9999999999999999,30,30,1.0,0.8864866068260312,0.9999999999999999,30,30,1.0,0.8864866068260312,0.9999999999999999,30,30,1.0,0.8864866068260312,0.9999999999999999,30,30,0.0,0.0,0.11351339317396876,30,0,1.0,0.8864866068260312,0.9999999999999999,30,30,1.0,0.8864866068260312,0.9999999999999999,30,30,0.03333333333333333,0.005908590381612455,0.16670390991409173,30,1,0.8,0.6269430358685175,0.9049489282271013,30,24,0.9666666666666667,0.8332960900859082,0.9940914096183874,30,29,0.9666666666666667,0.8332960900859082,0.9940914096183874,30,29,0.0,0.0,0.0,0.0,0.9666666666666667,0.8332960900859082,0.9940914096183874,29,30,1.0,0.8864866068260312,0.9999999999999999,30,0.0,178.0,170.0,182.0,177.23333333333332,11.55402104459095,0.06519101586190117,2579.4,58.733333333333334,0.35824999999999996,0.1684074074074074,0.28974822524881605,0.1737986007140237,0.1964129845324489,0.19573412541008398,0.01801489981273403,2.0370546762312993,110.46666666666667,0.18336488886023083,-0.004415735038093897,0.018152444424062372,4.4551916893867505,0.7071245513001486,0.7333333333333333,3.7299656403458887
44,a_w=24 rec=0.1,30,24.0,0.1,,,,0,0,,,,0,0,,,,0,0,1.0,0.8864866068260312,0.9999999999999999,30,30,1.0,0.8864866068260312,0.9999999999999999,30,30,1.0,0.8864866068260312,0.9999999999999999,30,30,1.0,0.8864866068260312,0.9999999999999999,30,30,0.6333333333333333,0.4551356365479487,0.7812607919389929,30,19,1.0,0.8864866068260312,0.9999999999999999,30,30,0.43333333333333335,0.2737748557646652,0.6080269299918639,30,13,1.0,0.8864866068260312,0.9999999999999999,30,30,1.0,0.8864866068260312,0.9999999999999999,30,30,1.0,0.8864866068260312,0.9999999999999999,30,30,1.0,0.8864866068260312,0.9999999999999999,30,30,0.0,0.0,0.11351339317396876,30,0,1.0,0.8864866068260312,0.9999999999999999,30,30,1.0,0.8864866068260312,0.9999999999999999,30,30,0.0,0.0,0.11351339317396876,30,0,0.5333333333333333,0.36142299619873297,0.6976761109230025,30,16,1.0,0.8864866068260312,0.9999999999999999,30,30,1.0,0.8864866068260312,0.9999999999999999,30,30,0.0,0.0,0.0,0.0,1.0,0.8864866068260312,0.9999999999999999,30,30,1.0,0.8864866068260312,0.9999999999999999,30,0.0,174.0,165.0,176.0,171.23333333333332,9.76864559606956,0.057048738151077825,2859.133333333333,56.46666666666667,0.3971018518518518,0.13933333333333328,0.2552893444361686,0.15400696838252423,0.22673373341992342,0.17684783547523739,0.015596662307638868,2.054387055114706,111.0,0.20838258369212914,-0.005975583231125387,0.015766531540773756,4.790893784401808,0.7411040208668661,0.7666666666666667,5.48351762258875
45,a_w=24 rec=0.15,30,24.0,0.15,,,,0,0,,,,0,0,,,,0,0,0.9333333333333333,0.7867654163738308,0.9815229762087295,30,28,1.0,0.8864866068260312,0.9999999999999999,30,30,1.0,0.8864866068260312,0.9999999999999999,30,30,1.0,0.8864866068260312,0.9999999999999999,30,30,0.7666666666666667,0.5907167384187784,0.8820761185551049,30,23,1.0,0.8864866068260312,0.9999999999999999,30,30,0.4,0.24590628116801852,0.5767963974667752,30,12,1.0,0.8864866068260312,0.9999999999999999,30,30,1.0,0.8864866068260312,0.9999999999999999,30,30,1.0,0.8864866068260312,0.9999999999999999,30,30,1.0,0.8864866068260312,0.9999999999999999,30,30,0.0,0.0,0.11351339317396876,30,0,1.0,0.8864866068260312,0.9999999999999999,30,30,1.0,0.8864866068260312,0.9999999999999999,30,30,0.03333333333333333,0.005908590381612455,0.16670390991409173,30,1,0.5333333333333333,0.36142299619873297,0.6976761109230025,30,16,0.9333333333333333,0.7867654163738308,0.9815229762087295,30,28,0.9333333333333333,0.7867654163738308,0.9815229762087295,30,28,0.0,0.0,0.0,0.0,0.9333333333333333,0.7867654163738308,0.9815229762087295,28,30,1.0,0.8864866068260312,0.9999999999999999,30,0.0,170.0,166.0,177.0,175.23333333333332,16.904770461849406,0.09647006160461903,3277.9333333333334,54.733333333333334,0.4552685185185185,0.10448148148148141,0.2147300417220789,0.12924139204009497,0.27167160124987544,0.15284918298720065,0.013538398041469038,2.2411438861777078,111.1,0.2536987973084118,-0.0076132537939949995,0.013770161439141405,5.3194633731174745,0.8863175731332983,0.8333333333333334,5.428850135443366
46,a_w=24 rec=0.2,30,24.0,0.2,,,,0,0,,,,0,0,,,,0,0,0.7666666666666667,0.5907167384187784,0.8820761185551049,30,23,0.9666666666666667,0.8332960900859082,0.9940914096183874,30,29,1.0,0.8864866068260312,0.9999999999999999,30,30,1.0,0.8864866068260312,0.9999999999999999,30,30,0.8,0.6269430358685175,0.9049489282271013,30,24,1.0,0.8864866068260312,0.9999999999999999,30,30,0.5,0.33154125640533766,0.6684587435946623,30,15,1.0,0.8864866068260312,0.9999999999999999,30,30,0.8666666666666667,0.703186733179637,0.9469034451594526,30,26,1.0,0.8864866068260312,0.9999999999999999,30,30,1.0,0.8864866068260312,0.9999999999999999,30,30,0.0,0.0,0.11351339317396876,30,0,0.9333333333333333,0.7867654163738308,0.9815229762087295,30,28,1.0,0.8864866068260312,0.9999999999999999,30,30,0.0,0.0,0.11351339317396876,30,0,0.4,0.24590628116801852,0.5767963974667752,30,12,0.6,0.42320360253322475,0.7540937188319815,30,18,0.5666666666666667,0.3919730700081361,0.7262251442353347,30,17,0.0,0.0,0.0,0.0,0.5666666666666667,0.3919730700081361,0.7262251442353347,17,30,1.0,0.8864866068260312,0.9999999999999999,30,0.0,164.0,163.0,174.0,169.03333333333333,12.004261695355309,0.07101712696916965,3686.9333333333334,54.93333333333333,0.512074074074074,0.07807407407407405,0.18345385907361186,0.11212227496696335,0.32316813536233624,0.135805878385898,0.011676101063116047,2.121207488952404,111.23333333333333,0.29062391637777535,-0.009372770390941254,0.01194122052309898,5.856570024970448,1.1124115442001614,0.7333333333333333,4.87557836239108
47,a_w=24 rec=0.3,30,24.0,0.3,,,,0,0,,,,0,0,,,,0,0,0.4,0.24590628116801852,0.5767963974667752,30,12,1.0,0.8864866068260312,0.9999999999999999,30,30,1.0,0.8864866068260312,0.9999999999999999,30,30,1.0,0.8864866068260312,0.9999999999999999,30,30,0.9,0.7437891742081593,0.9654001112526658,30,27,1.0,0.8864866068260312,0.9999999999999999,30,30,0.3333333333333333,0.19230498083676134,0.5121994835545616,30,10,1.0,0.8864866068260312,0.9999999999999999,30,30,0.23333333333333334,0.11792388144489496,0.40928326158122164,30,7,1.0,0.8864866068260312,0.9999999999999999,30,30,1.0,0.8864866068260312,0.9999999999999999,30,30,0.0,0.0,0.11351339317396876,30,0,0.16666666666666666,0.0733654237184855,0.3356435050641603,30,5,1.0,0.8864866068260312,0.9999999999999999,30,30,0.03333333333333333,0.005908590381612455,0.16670390991409173,30,1,0.36666666666666664,0.21873920806100708,0.5448643634520511,30,11,0.13333333333333333,0.053096554840547455,0.296813266820363,30,4,0.03333333333333333,0.005908590381612455,0.16670390991409173,30,1,0.0,0.0,0.0,0.0,0.03333333333333333,0.005908590381612455,0.16670390991409173,1,30,1.0,0.8864866068260312,0.9999999999999999,30,0.0,166.0,163.0,170.0,168.46666666666667,11.370661987016785,0.06749502564513327,4154.433333333333,54.46666666666667,0.5770046296296296,0.05455555555555552,0.15518473985179035,0.09799994725860829,0.38691803005838526,0.12099020504286351,0.008855433949898456,2.1142424187934314,110.83333333333333,0.3418036729528688,-0.01113365071620931,0.009196287682744829,6.453474085905451,1.2464271526667896,0.9,3.6396602089730314
48,a_w=inf rec=0.02,30,,0.02,,,,0,0,,,,0,0,,,,0,0,1.0,0.8864866068260312,0.9999999999999999,30,30,0.6666666666666666,0.4878005164454384,0.8076950191632386,30,20,1.0,0.8864866068260312,0.9999999999999999,30,30,1.0,0.8864866068260312,0.9999999999999999,30,30,0.0,0.0,0.11351339317396876,30,0,1.0,0.8864866068260312,0.9999999999999999,30,30,0.23333333333333334,0.11792388144489496,0.40928326158122164,30,7,1.0,0.8864866068260312,0.9999999999999999,30,30,1.0,0.8864866068260312,0.9999999999999999,30,30,1.0,0.8864866068260312,0.9999999999999999,30,30,1.0,0.8864866068260312,0.9999999999999999,30,30,0.0,0.0,0.11351339317396876,30,0,1.0,0.8864866068260312,0.9999999999999999,30,30,1.0,0.8864866068260312,0.9999999999999999,30,30,0.03333333333333333,0.005908590381612455,0.16670390991409173,30,1,0.8666666666666667,0.703186733179637,0.9469034451594526,30,26,0.6666666666666666,0.4878005164454384,0.8076950191632386,30,20,0.6666666666666666,0.4878005164454384,0.8076950191632386,30,20,0.0,0.0,0.0,0.0,0.6666666666666666,0.4878005164454384,0.8076950191632386,20,30,1.0,0.8864866068260312,0.9999999999999999,30,0.0,190.0,187.0,194.0,194.4,18.779298947658223,0.09660133203527892,2200.9,66.8,0.30568055555555546,0.21448148148148144,0.34455128167543503,0.21135125464476268,0.15674069337287347,0.23062313299040316,0.026202171570627476,1.939972100216853,108.86666666666666,0.13054137401733173,-0.0024062025161501795,0.026387146878052433,3.8783376818173654,0.617263128466584,0.4,5.380253380351301
49,a_w=inf rec=0.03,30,,0.03,,,,0,0,,,,0,0,,,,0,0,1.0,0.8864866068260312,0.9999999999999999,30,30,0.8666666666666667,0.703186733179637,0.9469034451594526,30,26,1.0,0.8864866068260312,0.9999999999999999,30,30,1.0,0.8864866068260312,0.9999999999999999,30,30,0.03333333333333333,0.005908590381612455,0.16670390991409173,30,1,1.0,0.8864866068260312,0.9999999999999999,30,30,0.4,0.24590628116801852,0.5767963974667752,30,12,1.0,0.8864866068260312,0.9999999999999999,30,30,1.0,0.8864866068260312,0.9999999999999999,30,30,1.0,0.8864866068260312,0.9999999999999999,30,30,1.0,0.8864866068260312,0.9999999999999999,30,30,0.0,0.0,0.11351339317396876,30,0,1.0,0.8864866068260312,0.9999999999999999,30,30,1.0,0.8864866068260312,0.9999999999999999,30,30,0.1,0.03459988874733419,0.25621082579184085,30,3,0.9333333333333333,0.7867654163738308,0.9815229762087295,30,28,0.8666666666666667,0.703186733179637,0.9469034451594526,30,26,0.8666666666666667,0.703186733179637,0.9469034451594526,30,26,0.0,0.0,0.0,0.0,0.8666666666666667,0.703186733179637,0.9469034451594526,26,30,1.0,0.8864866068260312,0.9999999999999999,30,0.0,188.0,185.0,196.0,197.56666666666666,30.273105548328367,0.15322982393282453,2289.766666666667,68.5,0.3180231481481482,0.2063703703703703,0.3301919358890281,0.19888498044121813,0.16381623263756553,0.22064744999171357,0.0274148604647376,1.8966837084845174,109.8,0.14151297275110467,-0.00251246770655976,0.02755121371847839,4.068850294388141,0.644847393233249,0.43333333333333335,4.490603215758359
50,a_w=inf rec=0.05,30,,0.05,,,,0,0,,,,0,0,,,,0,0,1.0,0.8864866068260312,0.9999999999999999,30,30,0.5666666666666667,0.3919730700081361,0.7262251442353347,30,17,0.5666666666666667,0.3919730700081361,0.7262251442353347,30,17,0.5666666666666667,0.3919730700081361,0.7262251442353347,30,17,0.0,0.0,0.1843181350088518,17,0,1.0,0.8864866068260312,0.9999999999999999,30,30,0.06666666666666667,0.018477023791270378,0.2132345836261692,30,2,1.0,0.8864866068260312,0.9999999999999999,30,30,1.0,0.8156818649911483,1.0,17,17,1.0,0.8864866068260312,0.9999999999999999,30,30,1.0,0.8864866068260312,0.9999999999999999,30,30,0.0,0.0,0.11351339317396876,30,0,1.0,0.8864866068260312,0.9999999999999999,30,30,1.0,0.8864866068260312,0.9999999999999999,30,30,0.03333333333333333,0.005908590381612455,0.16670390991409173,30,1,0.8823529411764706,0.6566364940511412,0.9671202262362074,17,15,0.5666666666666667,0.3919730700081361,0.7262251442353347,30,17,0.5666666666666667,0.3919730700081361,0.7262251442353347,30,17,0.0,0.43333333333333335,0.0,0.0,0.5666666666666667,0.3919730700081361,0.7262251442353347,17,30,0.5666666666666667,0.3919730700081361,0.7262251442353347,17,0.0,258.0,202.0,,212.0,25.877113440258363,0.12206185585027529,2460.4333333333334,71.53333333333333,0.3417268518518518,0.18125925925925923,0.3054832291557432,0.17664112476315413,0.18870744197863762,0.20337516014312615,0.03167646498965663,1.9814125274150869,109.0,0.15783322254602836,-0.002298332613502861,0.03191303516638626,4.296667303255831,1.0980612525333224,0.35294117647058826,4.568916720624267
51,a_w=inf rec=0.07,30,,0.07,,,,0,0,,,,0,0,,,,0,0,1.0,0.8864866068260312,0.9999999999999999,30,30,0.4,0.24590628116801852,0.5767963974667752,30,12,0.43333333333333335,0.2737748557646652,0.6080269299918639,30,13,0.43333333333333335,0.2737748557646652,0.6080269299918639,30,13,0.0,0.0,0.22809537235419838,13,0,1.0,0.8864866068260312,0.9999999999999999,30,30,0.19230769230769232,0.0850706114894241,0.3787625711931699,26,5,1.0,0.8864866068260312,0.9999999999999999,30,30,0.8125,0.5699111903802586,0.9340840092857187,16,13,1.0,0.8864866068260312,0.9999999999999999,30,30,1.0,0.8864866068260312,0.9999999999999999,30,30,0.0,0.0,0.11351339317396876,30,0,1.0,0.8864866068260312,0.9999999999999999,30,30,1.0,0.8864866068260312,0.9999999999999999,30,30,0.1,0.03459988874733419,0.25621082579184085,30,3,0.8461538461538461,0.5776536898051745,0.9567418216419186,13,11,0.4,0.24590628116801852,0.5767963974667752,30,12,0.4,0.24590628116801852,0.5767963974667752,30,12,0.0,0.5666666666666667,0.0,0.0,0.4,0.24590628116801852,0.5767963974667752,12,30,0.43333333333333335,0.2737748557646652,0.6080269299918639,13,0.0,,255.0,,224.07692307692307,36.563783398470356,0.163175140466912,2704.2,70.76666666666667,0.3755833333333332,0.15537037037037033,0.2707752136109797,0.1539544090162384,0.21182196164072628,0.18444460178608554,0.03211492222218654,2.208870855537432,107.76923076923077,0.17668400744255855,-0.00268286369274115,0.032400588216582475,4.628140504780708,1.525365362666768,0.7692307692307693,5.479565769807041
52,a_w=inf rec=0.1,30,,0.1,,,,0,0,,,,0,0,,,,0,0,1.0,0.8864866068260312,0.9999999999999999,30,30,0.1,0.03459988874733419,0.25621082579184085,30,3,0.1,0.03459988874733419,0.25621082579184085,30,3,0.1,0.03459988874733419,0.25621082579184085,30,3,0.0,5.551115123125783e-17,0.5614970317550454,3,0,1.0,0.8864866068260312,0.9999999999999999,30,30,0.09090909090909091,0.025295428990995267,0.27814946841605814,22,2,1.0,0.8864866068260312,0.9999999999999999,30,30,0.625,0.30574239460262737,0.8631557141764026,8,5,1.0,0.8864866068260312,0.9999999999999999,30,30,1.0,0.8864866068260312,0.9999999999999999,30,30,0.0,0.0,0.11351339317396876,30,0,1.0,0.8864866068260312,0.9999999999999999,30,30,1.0,0.8864866068260312,0.9999999999999999,30,30,0.0,0.0,0.11351339317396876,30,0,0.6666666666666666,0.2076596008020477,0.9385080552796037,3,2,0.1,0.03459988874733419,0.25621082579184085,30,3,0.1,0.03459988874733419,0.25621082579184085,30,3,0.0,0.9,0.0,0.0,0.1,0.03459988874733419,0.25621082579184085,3,30,0.1,0.03459988874733419,0.25621082579184085,3,0.0,,,,218.0,24.758836806279895,0.11357264590036649,2974.6,71.8,0.4131388888888889,0.13099999999999995,0.23845886027839885,0.1307099262838262,0.242673653816378,0.16720726720096693,0.030973709468317467,2.0004930254930255,116.33333333333333,0.20429217295661534,-0.0030114439678395493,0.031172984049087672,5.005954364221172,2.477987761833113,0.6666666666666666,0.5773502691896257
53,a_w=inf rec=0.15,30,,0.15,,,,0,0,,,,0,0,,,,0,0,0.8333333333333334,0.6643564949358398,0.9266345762815145,30,25,0.03333333333333333,0.005908590381612455,0.16670390991409173,30,1,0.03333333333333333,0.005908590381612455,0.16670390991409173,30,1,0.03333333333333333,0.005908590381612455,0.16670390991409173,30,1,0.0,0.0,0.7934506856227626,1,0,1.0,0.8864866068260312,0.9999999999999999,30,30,0.16666666666666666,0.030053369748306635,0.5635028221864702,6,1,1.0,0.8864866068260312,0.9999999999999999,30,30,0.2,0.03622410863243014,0.6244653702374747,5,1,1.0,0.8864866068260312,0.9999999999999999,30,30,1.0,0.8864866068260312,0.9999999999999999,30,30,0.0,0.0,0.11351339317396876,30,0,0.26666666666666666,0.14182663319596317,0.4444796169518888,30,8,1.0,0.8864866068260312,0.9999999999999999,30,30,0.0,0.0,0.11351339317396876,30,0,1.0,0.20654931437723745,1.0,1,1,0.0,0.0,0.11351339317396876,30,0,0.0,0.0,0.11351339317396876,30,0,0.0,0.9666666666666667,0.0,0.0,0.0,0.0,0.11351339317396876,0,30,0.03333333333333333,0.005908590381612455,0.16670390991409173,1,0.0,,,,204.0,,,3488.5666666666666,71.96666666666667,0.48452314814814806,0.09355555555555552,0.19192021062933862,0.10430036545494703,0.31317945450019663,0.14059644710531669,0.028960523608288356,2.1875,105.0,0.24341498085955546,-0.003712291034403082,0.02922674167827784,5.722034584791593,3.2178091516335674,1.0,
54,a_w=inf rec=0.2,30,,0.2,,,,0,0,,,,0,0,,,,0,0,0.2,0.0950510717728987,0.3730569641314825,30,6,0.0,0.0,0.11351339317396876,30,0,0.0,0.0,0.11351339317396876,30,0,0.0,0.0,0.11351339317396876,30,0,,,,0,0,1.0,0.8864866068260312,0.9999999999999999,30,30,0.0,0.0,0.7934506856227626,1,0,1.0,0.8864866068260312,0.9999999999999999,30,30,0.0,0.0,0.32440756488388023,8,0,1.0,0.8864866068260312,0.9999999999999999,30,30,1.0,0.8864866068260312,0.9999999999999999,30,30,0.0,0.0,0.11351339317396876,30,0,0.0,0.0,0.11351339317396876,30,0,1.0,0.8864866068260312,0.9999999999999999,30,30,0.0,0.0,0.11351339317396876,30,0,,,,0,0,0.0,0.0,0.11351339317396876,30,0,0.0,0.0,0.11351339317396876,30,0,0.0,1.0,0.0,0.0,0.0,0.0,0.11351339317396876,0,30,0.0,0.0,0.11351339317396876,0,0.0,,,,,,,3887.8,79.16666666666667,0.5399722222222222,0.06825925925925921,0.16804717922223025,0.08900077225147769,0.35107699801115216,0.12605652544679868,0.02778937224221815,,,0.2814595273983833,-0.004081005713020707,0.02812534094882529,6.153771307162597,3.874916100133366,0.0,
55,a_w=inf rec=0.3,30,,0.3,,,,0,0,,,,0,0,,,,0,0,0.0,0.0,0.11351339317396876,30,0,0.0,0.0,0.11351339317396876,30,0,0.0,0.0,0.11351339317396876,30,0,0.0,0.0,0.11351339317396876,30,0,,,,0,0,1.0,0.8864866068260312,0.9999999999999999,30,30,,,,0,0,1.0,0.8864866068260312,0.9999999999999999,30,30,0.0,0.0,0.16817922405261626,19,0,1.0,0.8864866068260312,0.9999999999999999,30,30,1.0,0.8864866068260312,0.9999999999999999,30,30,0.0,0.0,0.11351339317396876,30,0,0.0,0.0,0.11351339317396876,30,0,1.0,0.8864866068260312,0.9999999999999999,30,30,0.0,0.0,0.11351339317396876,30,0,,,,0,0,0.0,0.0,0.11351339317396876,30,0,0.0,0.0,0.11351339317396876,30,0,0.0,1.0,0.0,0.0,0.0,0.0,0.11351339317396876,0,30,0.0,0.0,0.11351339317396876,0,0.0,,,,,,,4522.6,76.03333333333333,0.628138888888889,0.04607407407407402,0.1335705687940495,0.07098700554414772,0.4462324628843916,0.10809625819739441,0.025295690729383365,,,0.3224134488871409,-0.004734289275214806,0.025753270081848693,7.079173142469017,5.12196811620009,0.0,
