success,t_found,N_max,n_M,n_F,s_mean,s_med,s_max,frac_s0,age_med,age_min,age_max,n_desc,n_desc_ad,s_desc_ad,s_desc_all,s_desc_mat,rep,phase,t_snap,t_pk,t_pk_arg,early_D,S_snap
1.0,35.0,83.0,4,4,1.0,1.0,1.0,0.0,11.0,11.0,11.0,,,,,,0,B,7.0,35.0,46.0,False,0.9815735461801597
1.0,52.0,81.0,4,4,1.0,1.0,1.0,0.0,11.0,11.0,11.0,,,,,,1,B,7.0,36.0,52.0,False,0.9661368653421633
1.0,59.0,81.0,4,4,0.9762500000000001,1.0,1.0,0.0,12.0,6.0,12.0,,,,,,2,B,8.0,45.0,61.0,False,0.9516091954022989
0.0,,18.0,4,4,1.0,1.0,1.0,0.0,11.0,11.0,11.0,,,,,,3,B,7.0,34.0,57.0,False,0.9921685393258427
0.0,,70.0,4,4,0.9512499999999999,1.0,1.0,0.0,11.0,11.0,11.0,,,,,,4,B,7.0,41.0,74.0,False,0.9728448275862068
1.0,19.0,82.0,4,4,1.0,1.0,1.0,0.0,11.0,11.0,11.0,,,,,,5,B,7.0,31.0,45.0,False,1.0
1.0,21.0,83.0,4,4,1.0,1.0,1.0,0.0,10.0,10.0,10.0,,,,,,6,B,6.0,41.0,59.0,False,0.9914698795180722
1.0,14.0,82.0,4,4,1.0,1.0,1.0,0.0,10.0,10.0,10.0,,,,,,7,B,6.0,31.0,44.0,False,0.9692388758782201
1.0,20.0,91.0,4,4,1.0,1.0,1.0,0.0,12.0,6.0,12.0,,,,,,8,B,8.0,34.0,52.0,False,0.9028601252609604
1.0,36.0,83.0,4,4,0.94,1.0,1.0,0.0,11.0,11.0,11.0,,,,,,9,B,7.0,32.0,47.0,False,0.9785181236673774
1.0,22.0,87.0,4,4,1.0,1.0,1.0,0.0,11.0,11.0,11.0,,,,,,10,B,7.0,38.0,58.0,False,0.9718858560794045
1.0,41.0,84.0,4,4,1.0,1.0,1.0,0.0,10.0,10.0,10.0,,,,,,11,B,6.0,35.0,51.0,False,0.9853740648379052
1.0,19.0,86.0,4,4,0.98875,1.0,1.0,0.0,11.0,11.0,11.0,,,,,,12,B,7.0,35.0,58.0,False,0.96219646799117
1.0,13.0,84.0,4,4,1.0,1.0,1.0,0.0,10.0,10.0,10.0,,,,,,13,B,6.0,32.0,59.0,False,1.0
1.0,38.0,89.0,4,4,0.8025,1.0,1.0,0.125,12.0,6.0,12.0,,,,,,14,B,8.0,34.0,50.0,False,0.9243383947939262
1.0,77.0,87.0,4,4,0.875,1.0,1.0,0.125,11.0,11.0,11.0,,,,,,15,B,7.0,39.0,61.0,False,0.9385399999999999
0.0,,65.0,4,4,0.96375,1.0,1.0,0.0,11.0,11.0,11.0,,,,,,16,B,7.0,38.0,51.0,False,0.9600112107623319
0.0,,66.0,4,4,0.8675,1.0,1.0,0.0,11.0,11.0,11.0,,,,,,17,B,7.0,51.0,61.0,False,0.967366628830874
1.0,15.0,88.0,4,4,1.0,1.0,1.0,0.0,11.0,11.0,11.0,,,,,,18,B,7.0,48.0,68.0,False,0.9794866310160427
1.0,14.0,96.0,4,4,1.0,1.0,1.0,0.0,11.0,11.0,11.0,,,,,,19,B,7.0,53.0,67.0,False,0.9623820224719101
1.0,39.0,80.0,4,4,0.875,1.0,1.0,0.125,12.0,6.0,12.0,,,,,,20,B,8.0,27.0,36.0,False,0.9566560509554141
1.0,12.0,84.0,4,4,1.0,1.0,1.0,0.0,10.0,10.0,10.0,,,,,,21,B,6.0,47.0,65.0,False,0.9557391304347826
1.0,24.0,81.0,4,4,1.0,1.0,1.0,0.0,12.0,6.0,12.0,,,,,,22,B,8.0,54.0,71.0,False,0.9600637619553667
1.0,25.0,84.0,4,4,1.0,1.0,1.0,0.0,11.0,11.0,11.0,,,,,,23,B,7.0,41.0,56.0,False,0.9774416135881104
1.0,62.0,80.0,4,4,0.96375,1.0,1.0,0.0,11.0,11.0,11.0,,,,,,24,B,7.0,43.0,56.0,False,0.950679711637487
0.0,,8.0,4,4,1.0,1.0,1.0,0.0,10.0,10.0,10.0,,,,,,25,B,6.0,37.0,43.0,False,0.9782227488151658
1.0,24.0,81.0,4,4,0.9512499999999999,1.0,1.0,0.0,12.0,6.0,12.0,,,,,,26,B,8.0,48.0,69.0,False,0.9121058315334774
1.0,16.0,83.0,4,4,1.0,1.0,1.0,0.0,11.0,11.0,11.0,,,,,,27,B,7.0,42.0,61.0,False,0.9520490928495197
1.0,27.0,80.0,4,4,1.0,1.0,1.0,0.0,12.0,6.0,12.0,,,,,,28,B,8.0,33.0,51.0,False,0.8943630573248408
1.0,10.0,84.0,4,4,0.9025,1.0,1.0,0.0,11.0,11.0,11.0,,,,,,29,B,7.0,37.0,49.0,False,0.8992271105826397
1.0,33.0,85.0,4,4,0.98875,1.0,1.0,0.0,11.0,11.0,11.0,,,,,,30,B,7.0,33.0,45.0,False,0.9717386231038506
1.0,26.0,87.0,4,4,0.99,1.0,1.0,0.0,11.0,11.0,11.0,,,,,,31,B,7.0,32.0,50.0,False,0.976028602860286
0.0,,8.0,4,4,0.875,1.0,1.0,0.125,11.0,11.0,11.0,,,,,,32,B,7.0,36.0,46.0,False,0.9431403118040089
1.0,75.0,86.0,4,4,1.0,1.0,1.0,0.0,11.0,11.0,11.0,,,,,,33,B,7.0,39.0,54.0,False,0.9931179138321995
1.0,15.0,82.0,4,4,1.0,1.0,1.0,0.0,11.0,11.0,11.0,,,,,,34,B,7.0,40.0,67.0,False,0.9799041533546325
0.0,,64.0,4,4,1.0,1.0,1.0,0.0,10.0,10.0,10.0,,,,,,35,B,6.0,32.0,50.0,False,0.9835192069392813
1.0,15.0,82.0,4,4,0.98875,1.0,1.0,0.0,10.0,10.0,10.0,,,,,,36,B,6.0,34.0,39.0,False,0.9926309226932669
1.0,16.0,80.0,4,4,1.0,1.0,1.0,0.0,11.0,11.0,11.0,,,,,,37,B,7.0,40.0,54.0,False,0.9038503850385039
0.0,,8.0,4,4,0.9525,1.0,1.0,0.0,10.0,10.0,10.0,,,,,,38,B,6.0,43.0,58.0,False,0.9795596755504056
1.0,34.0,80.0,4,4,1.0,1.0,1.0,0.0,11.0,11.0,11.0,,,,,,39,B,7.0,34.0,46.0,False,0.9932193396226415
1.0,22.0,84.0,4,4,1.0,1.0,1.0,0.0,10.0,10.0,10.0,,,,,,40,B,6.0,34.0,57.0,False,0.9793216374269005
1.0,34.0,83.0,4,4,0.9650000000000001,1.0,1.0,0.0,11.0,11.0,11.0,,,,,,41,B,7.0,40.0,54.0,False,0.9592808219178083
1.0,27.0,110.0,4,4,0.90375,1.0,1.0,0.0,11.0,11.0,11.0,,,,,,42,B,7.0,40.0,53.0,False,0.9825886143931256
1.0,27.0,96.0,4,4,1.0,1.0,1.0,0.0,12.0,12.0,12.0,,,,,,43,B,8.0,40.0,58.0,False,0.9768388429752065
1.0,19.0,80.0,4,4,1.0,1.0,1.0,0.0,11.0,11.0,11.0,,,,,,44,B,7.0,35.0,51.0,False,0.9709019165727171
1.0,30.0,82.0,4,4,1.0,1.0,1.0,0.0,10.0,10.0,10.0,,,,,,45,B,6.0,42.0,65.0,False,0.9891314285714286
1.0,20.0,88.0,4,4,1.0,1.0,1.0,0.0,10.0,10.0,10.0,,,,,,46,B,6.0,37.0,52.0,False,0.9744537815126051
1.0,49.0,81.0,4,4,0.9762500000000001,1.0,1.0,0.0,11.0,11.0,11.0,,,,,,47,B,7.0,45.0,62.0,False,0.9920658342792281
1.0,36.0,83.0,4,4,0.94125,1.0,1.0,0.0,12.0,6.0,12.0,,,,,,48,B,8.0,41.0,59.0,False,0.8841531823085221
1.0,27.0,107.0,4,4,0.88,1.0,1.0,0.0,11.0,11.0,11.0,,,,,,49,B,7.0,34.0,61.0,False,0.9388619599578504
1.0,39.0,86.0,4,4,0.9137500000000001,1.0,1.0,0.0,11.0,11.0,11.0,,,,,,50,B,7.0,43.0,68.0,False,0.9157857142857143
1.0,52.0,80.0,4,4,0.875,1.0,1.0,0.125,11.0,11.0,11.0,,,,,,51,B,7.0,38.0,54.0,False,0.9306524184476941
1.0,23.0,84.0,4,4,0.96375,1.0,1.0,0.0,11.0,11.0,11.0,,,,,,52,B,7.0,38.0,46.0,False,0.9166112956810631
0.0,,31.0,4,4,1.0,1.0,1.0,0.0,11.0,11.0,11.0,,,,,,53,B,7.0,36.0,62.0,False,0.9709196740395809
1.0,27.0,82.0,4,4,0.9762500000000001,1.0,1.0,0.0,10.0,10.0,10.0,,,,,,54,B,6.0,28.0,38.0,False,0.9959020310633213
1.0,19.0,82.0,4,4,0.9512499999999999,1.0,1.0,0.0,11.0,11.0,11.0,,,,,,55,B,7.0,34.0,55.0,False,0.9757204767063923
0.0,,71.0,4,4,0.94,1.0,1.0,0.0,11.0,11.0,11.0,,,,,,56,B,7.0,37.0,66.0,False,0.9679880239520958
1.0,41.0,84.0,4,4,1.0,1.0,1.0,0.0,10.0,10.0,10.0,,,,,,57,B,6.0,37.0,56.0,False,0.9929518072289157
1.0,15.0,92.0,4,4,1.0,1.0,1.0,0.0,11.0,11.0,11.0,,,,,,58,B,7.0,37.0,71.0,False,0.9549160134378499
1.0,67.0,95.0,4,4,0.87375,1.0,1.0,0.0,12.0,6.0,12.0,,,,,,59,B,8.0,40.0,76.0,False,0.9548393574297188
0.0,,13.0,4,4,0.38625,0.41999999999999993,0.41999999999999993,0.0,12.0,12.0,12.0,2.0,2.0,0.4600000000000001,0.4600000000000001,,0,BAND,8.0,35.0,46.0,False,0.9666467661691542
0.0,,12.0,4,4,0.32249999999999995,0.31999999999999995,0.43000000000000005,0.0,12.0,12.0,12.0,5.0,5.0,0.5700000000000002,0.5700000000000002,,1,BAND,8.0,36.0,52.0,False,0.9103696498054474
0.0,,10.0,4,4,0.39125,0.4049999999999999,0.5,0.0,15.0,15.0,15.0,,,,,,2,BAND,11.0,45.0,61.0,False,0.8637737226277373
0.0,,22.0,4,4,0.33624999999999994,0.31999999999999995,0.5,0.0,14.0,14.0,14.0,6.0,6.0,0.6083333333333335,0.6083333333333335,,3,BAND,10.0,34.0,57.0,False,0.8886603910209993
0.0,,23.0,4,4,0.30374999999999996,0.30999999999999994,0.41999999999999993,0.0,13.0,13.0,13.0,11.0,11.0,0.6063636363636365,0.6063636363636365,,4,BAND,9.0,41.0,74.0,False,0.8764767747589833
0.0,,35.0,4,4,0.34624999999999995,0.31999999999999995,0.41000000000000003,0.0,14.0,14.0,14.0,35.0,21.0,0.7542857142857143,0.797714285714286,,5,BAND,10.0,31.0,45.0,False,0.9099692307692308
0.0,,12.0,4,4,0.32249999999999995,0.37,0.3999999999999999,0.0,14.0,14.0,14.0,,,,,,6,BAND,10.0,41.0,59.0,False,0.8316863905325445
0.0,,21.0,4,4,0.36249999999999993,0.37999999999999995,0.42000000000000004,0.0,12.0,12.0,12.0,7.0,7.0,0.5442857142857144,0.5442857142857144,,7,BAND,8.0,31.0,44.0,False,0.8905747126436782
0.0,,16.0,4,4,0.35,0.31999999999999995,0.5,0.0,14.0,14.0,14.0,1.0,1.0,0.5500000000000002,0.5500000000000002,,8,BAND,10.0,34.0,52.0,False,0.8467245657568239
0.0,,8.0,4,4,0.30249999999999994,0.30999999999999994,0.4099999999999999,0.0,13.0,13.0,13.0,,,,,,9,BAND,9.0,32.0,47.0,False,0.8757005253940455
0.0,,48.0,4,4,0.36,0.36,0.5,0.0,14.0,14.0,14.0,48.0,37.0,0.4302702702702705,0.44187500000000024,,10,BAND,10.0,38.0,58.0,False,0.8636882453151618
0.0,,9.0,4,4,0.34125,0.33999999999999997,0.43000000000000005,0.0,13.0,13.0,13.0,,,,,,11,BAND,9.0,35.0,51.0,False,0.8770050335570468
1.0,51.0,265.0,4,4,0.38125,0.365,0.5,0.0,14.0,14.0,14.0,263.0,189.0,0.23968253968253983,0.4050950570342206,,12,BAND,10.0,35.0,58.0,False,0.8608952959028833
0.0,,36.0,4,4,0.3075,0.30999999999999994,0.43000000000000005,0.0,13.0,13.0,13.0,31.0,31.0,0.5312903225806453,0.5312903225806453,,13,BAND,9.0,32.0,59.0,False,0.8953415637860084
0.0,,19.0,4,4,0.41374999999999995,0.4099999999999999,0.42000000000000004,0.0,12.0,12.0,12.0,4.0,4.0,0.54,0.54,,14,BAND,8.0,34.0,50.0,False,0.9243383947939262
0.0,,11.0,4,4,0.31749999999999995,0.30999999999999994,0.41999999999999993,0.0,12.0,12.0,12.0,1.0,1.0,0.55,0.55,,15,BAND,8.0,39.0,61.0,False,0.8939298892988929
0.0,,12.0,4,4,0.43625,0.5,0.5,0.0,14.0,14.0,14.0,1.0,1.0,0.5300000000000001,0.5300000000000001,,16,BAND,10.0,38.0,51.0,False,0.8695717505634861
0.0,,20.0,4,4,0.42874999999999996,0.4600000000000001,0.5,0.0,14.0,14.0,14.0,3.0,3.0,0.6200000000000001,0.6200000000000001,,17,BAND,10.0,51.0,61.0,False,0.8455121591746501
0.0,,11.0,4,4,0.34750000000000003,0.37,0.44,0.0,14.0,14.0,14.0,1.0,1.0,0.5400000000000001,0.5400000000000001,,18,BAND,10.0,48.0,68.0,False,0.8726501766784454
0.0,,13.0,4,4,0.38874999999999993,0.4099999999999999,0.43,0.0,13.0,13.0,13.0,,,,,,19,BAND,9.0,53.0,67.0,False,0.8878159931212382
0.0,,8.0,4,4,0.355,0.3549999999999999,0.5,0.0,14.0,14.0,14.0,,,,,,20,BAND,10.0,27.0,36.0,False,0.9181727062451811
0.0,,29.0,4,4,0.31625000000000003,0.32999999999999996,0.42999999999999994,0.0,13.0,13.0,13.0,29.0,23.0,0.7426086956521741,0.7544827586206899,,21,BAND,9.0,47.0,65.0,False,0.7903581526861452
0.0,,20.0,4,4,0.38875,0.42500000000000004,0.5,0.0,14.0,14.0,14.0,5.0,5.0,0.4660000000000001,0.4660000000000001,,22,BAND,10.0,54.0,71.0,False,0.8762004662004662
0.0,,13.0,4,4,0.3524999999999999,0.3999999999999999,0.41999999999999993,0.0,14.0,14.0,14.0,,,,,,23,BAND,10.0,41.0,56.0,False,0.8973010130246022
1.0,59.0,171.0,4,4,0.31625000000000003,0.3400000000000001,0.43000000000000005,0.0,12.0,12.0,12.0,170.0,151.0,0.16741721854304645,0.20523529411764724,0.5733333333333337,24,BAND,8.0,43.0,56.0,False,0.9025229357798165
0.0,,10.0,4,4,0.34249999999999997,0.33499999999999996,0.43999999999999995,0.0,12.0,12.0,12.0,,,,,,25,BAND,8.0,37.0,43.0,False,0.9057222739981361
0.0,,12.0,4,4,0.42374999999999996,0.42500000000000004,0.5,0.0,14.0,14.0,14.0,2.0,2.0,0.5600000000000002,0.5600000000000002,,26,BAND,10.0,48.0,69.0,False,0.8147619047619048
0.0,,13.0,4,4,0.32999999999999996,0.30999999999999994,0.45000000000000007,0.0,14.0,14.0,14.0,4.0,4.0,0.6400000000000001,0.6400000000000001,,27,BAND,10.0,42.0,61.0,False,0.806771714066103
0.0,,8.0,4,4,0.3212499999999999,0.32999999999999996,0.4099999999999999,0.0,13.0,13.0,13.0,,,,,,28,BAND,9.0,33.0,51.0,False,0.8423351648351649
1.0,131.0,173.0,4,4,0.43749999999999994,0.425,0.5,0.0,14.0,14.0,14.0,173.0,125.0,0.40120000000000017,0.49612716763005793,1.0,29,BAND,10.0,37.0,49.0,False,0.796914979757085
0.0,,8.0,4,4,0.31875,0.31999999999999995,0.42000000000000004,0.0,13.0,13.0,13.0,,,,,,30,BAND,9.0,33.0,45.0,False,0.8716341030195383
1.0,109.0,215.0,4,4,0.30625,0.31999999999999995,0.42000000000000004,0.0,14.0,14.0,14.0,215.0,146.0,0.23753424657534256,0.40586046511627927,0.6616666666666666,31,BAND,10.0,32.0,50.0,False,0.8501025290498974
0.0,,8.0,4,4,0.41000000000000003,0.41000000000000003,0.5,0.0,14.0,14.0,14.0,,,,,,32,BAND,10.0,36.0,46.0,False,0.8245878434637802
0.0,,8.0,4,4,0.39,0.43500000000000005,0.5,0.0,14.0,14.0,14.0,,,,,,33,BAND,10.0,39.0,54.0,False,0.9102106084243369
0.0,,25.0,4,4,0.33249999999999996,0.32499999999999996,0.41000000000000003,0.0,14.0,14.0,14.0,25.0,20.0,0.6730000000000003,0.6664000000000003,,34,BAND,10.0,40.0,67.0,False,0.8119324026451139
0.0,,11.0,4,4,0.39875,0.42,0.5,0.0,14.0,14.0,14.0,,,,,,35,BAND,10.0,32.0,50.0,False,0.8297875569044005
1.0,142.0,100.0,4,4,0.29874999999999996,0.2749999999999999,0.43,0.0,13.0,13.0,13.0,100.0,78.0,0.703589743589744,0.7267999999999999,,36,BAND,9.0,34.0,39.0,False,0.9107407407407407
0.0,,19.0,4,4,0.36374999999999996,0.4149999999999999,0.44000000000000006,0.0,12.0,12.0,12.0,15.0,15.0,0.654,0.654,,37,BAND,8.0,40.0,54.0,False,0.8771836734693877
0.0,,8.0,4,4,0.33999999999999997,0.31499999999999995,0.44,0.0,12.0,12.0,12.0,,,,,,38,BAND,8.0,43.0,58.0,False,0.9101358695652173
0.0,,24.0,4,4,0.3625,0.42999999999999994,0.43000000000000005,0.0,13.0,13.0,13.0,3.0,3.0,0.7900000000000004,0.7900000000000004,,39,BAND,9.0,34.0,46.0,False,0.9357080035180297
0.0,,31.0,4,4,0.33749999999999997,0.3350000000000001,0.44000000000000006,0.0,13.0,13.0,13.0,31.0,27.0,0.6300000000000002,0.6454838709677421,,40,BAND,9.0,34.0,57.0,False,0.8777162629757786
0.0,,8.0,4,4,0.30374999999999996,0.31999999999999995,0.4099999999999999,0.0,12.0,12.0,12.0,,,,,,41,BAND,8.0,40.0,54.0,False,0.9227336683417084
0.0,,10.0,4,4,0.37249999999999994,0.4149999999999999,0.44,0.0,13.0,13.0,13.0,2.0,2.0,0.54,0.54,,42,BAND,9.0,40.0,53.0,False,0.9089635157545606
0.0,,17.0,4,4,0.37875,0.355,0.5,0.0,14.0,14.0,14.0,17.0,12.0,0.5700000000000002,0.5905882352941179,,43,BAND,10.0,40.0,58.0,False,0.894646840148699
0.0,,8.0,4,4,0.4075,0.4149999999999999,0.43000000000000005,0.0,13.0,13.0,13.0,,,,,,44,BAND,9.0,35.0,51.0,False,0.9171812662619254
0.0,,8.0,4,4,0.41625,0.49999999999999994,0.5,0.0,15.0,15.0,15.0,,,,,,45,BAND,11.0,42.0,65.0,False,0.7525890162945081
0.0,,8.0,4,4,0.3212499999999999,0.31999999999999995,0.43000000000000005,0.0,12.0,12.0,12.0,,,,,,46,BAND,8.0,37.0,52.0,False,0.9050523311132256
0.0,,28.0,4,4,0.35250000000000004,0.4049999999999999,0.42000000000000004,0.0,14.0,14.0,14.0,6.0,6.0,0.7066666666666669,0.7066666666666669,,47,BAND,10.0,45.0,62.0,False,0.88339837398374
0.0,,8.0,4,4,0.3475,0.4099999999999999,0.44000000000000006,0.0,12.0,12.0,12.0,,,,,,48,BAND,8.0,41.0,59.0,False,0.8841531823085221
0.0,,12.0,4,4,0.35624999999999996,0.31499999999999995,0.5,0.0,15.0,15.0,15.0,1.0,1.0,0.5400000000000001,0.5400000000000001,,49,BAND,11.0,34.0,61.0,False,0.8056919223544146
0.0,,27.0,4,4,0.3275,0.31999999999999995,0.45,0.0,12.0,12.0,12.0,27.0,22.0,0.6000000000000001,0.6055555555555557,,50,BAND,8.0,43.0,68.0,False,0.8867424242424241
0.0,,9.0,4,4,0.29625,0.24,0.43999999999999995,0.0,13.0,13.0,13.0,,,,,,51,BAND,9.0,38.0,54.0,False,0.8797735191637631
0.0,,8.0,4,4,0.35,0.33,0.42999999999999994,0.0,12.0,12.0,12.0,,,,,,52,BAND,8.0,38.0,46.0,False,0.8765359477124183
0.0,,8.0,4,4,0.3775,0.4099999999999999,0.5,0.0,14.0,14.0,14.0,,,,,,53,BAND,10.0,36.0,62.0,False,0.8337645107794361
1.0,118.0,319.0,4,4,0.44875,0.475,0.5,0.0,15.0,15.0,15.0,319.0,186.0,0.3719354838709679,0.4642946708463953,0.5636363636363639,54,BAND,11.0,28.0,38.0,False,0.7721237244897959
1.0,131.0,174.0,4,4,0.37875,0.4049999999999999,0.43,0.0,14.0,14.0,14.0,174.0,114.0,0.36508771929824585,0.4593678160919544,,55,BAND,10.0,34.0,55.0,False,0.8661435331230284
0.0,,11.0,4,4,0.38,0.4099999999999999,0.42000000000000004,0.0,12.0,12.0,12.0,,,,,,56,BAND,8.0,37.0,66.0,False,0.9305793991416309
0.0,,24.0,4,4,0.40249999999999997,0.42,0.5,0.0,14.0,14.0,14.0,4.0,4.0,0.6150000000000002,0.6150000000000002,,57,BAND,10.0,37.0,56.0,False,0.8445972222222224
0.0,,8.0,4,4,0.29374999999999996,0.22999999999999998,0.43,0.0,12.0,12.0,12.0,,,,,,58,BAND,8.0,37.0,71.0,False,0.8772105263157896
0.0,,10.0,4,4,0.39375,0.3999999999999999,0.5,0.0,14.0,14.0,14.0,,,,,,59,BAND,10.0,40.0,76.0,False,0.8354154078549848
0.0,,14.0,4,4,0.3999999999999999,0.41999999999999993,0.41999999999999993,0.0,12.0,12.0,12.0,6.0,6.0,0.5499999999999999,0.5499999999999999,,0,BAND_MIX_F,8.0,35.0,46.0,False,0.9666467661691542
0.0,,12.0,4,4,0.2925,0.31499999999999995,0.31999999999999995,0.0,12.0,12.0,12.0,,,,,,1,BAND_MIX_F,8.0,36.0,52.0,False,0.9103696498054474
0.0,,8.0,4,4,0.4275,0.40499999999999997,0.49999999999999994,0.0,15.0,15.0,15.0,,,,,,2,BAND_MIX_F,11.0,45.0,61.0,False,0.8637737226277373
0.0,,8.0,4,4,0.31749999999999995,0.31999999999999995,0.3999999999999999,0.0,14.0,14.0,14.0,,,,,,3,BAND_MIX_F,10.0,34.0,57.0,False,0.8886603910209993
0.0,,17.0,4,4,0.395,0.41999999999999993,0.42000000000000004,0.0,13.0,13.0,13.0,,,,,,4,BAND_MIX_F,9.0,41.0,74.0,False,0.8764767747589833
0.0,,9.0,4,4,0.33499999999999996,0.315,0.41000000000000003,0.0,14.0,14.0,14.0,,,,,,5,BAND_MIX_F,10.0,31.0,45.0,False,0.9099692307692308
0.0,,22.0,4,4,0.33499999999999996,0.3549999999999999,0.3999999999999999,0.0,14.0,14.0,14.0,21.0,21.0,0.5971428571428571,0.5971428571428571,,6,BAND_MIX_F,10.0,41.0,59.0,False,0.8316863905325445
1.0,142.0,120.0,4,4,0.32749999999999996,0.33499999999999996,0.42,0.0,12.0,12.0,12.0,120.0,54.0,0.44870370370370377,0.5090833333333336,0.762,7,BAND_MIX_F,8.0,31.0,44.0,False,0.8905747126436782
0.0,,15.0,4,4,0.3425,0.31999999999999995,0.5,0.0,14.0,14.0,14.0,4.0,4.0,0.5100000000000001,0.5100000000000001,,8,BAND_MIX_F,10.0,34.0,52.0,False,0.8467245657568239
0.0,,8.0,4,4,0.36249999999999993,0.4099999999999999,0.4099999999999999,0.0,13.0,13.0,13.0,,,,,,9,BAND_MIX_F,9.0,32.0,47.0,False,0.8757005253940455
0.0,,8.0,4,4,0.385,0.36499999999999994,0.5,0.0,14.0,14.0,14.0,,,,,,10,BAND_MIX_F,10.0,38.0,58.0,False,0.8636882453151618
0.0,,8.0,4,4,0.31499999999999995,0.31499999999999995,0.31999999999999995,0.0,13.0,13.0,13.0,,,,,,11,BAND_MIX_F,9.0,35.0,51.0,False,0.8770050335570468
0.0,,13.0,4,4,0.4375,0.425,0.5,0.0,14.0,14.0,14.0,,,,,,12,BAND_MIX_F,10.0,35.0,58.0,False,0.8608952959028833
0.0,,8.0,4,4,0.31999999999999995,0.31499999999999995,0.43,0.0,13.0,13.0,13.0,,,,,,13,BAND_MIX_F,9.0,32.0,59.0,False,0.8953415637860084
1.0,100.0,93.0,4,4,0.4149999999999999,0.415,0.42000000000000004,0.0,12.0,12.0,12.0,93.0,77.0,0.32571428571428584,0.4107526881720432,,14,BAND_MIX_F,8.0,34.0,50.0,False,0.9243383947939262
0.0,,8.0,4,4,0.2875,0.30999999999999994,0.30999999999999994,0.0,12.0,12.0,12.0,,,,,,15,BAND_MIX_F,8.0,39.0,61.0,False,0.8939298892988929
1.0,49.0,193.0,4,4,0.3875,0.41500000000000004,0.5,0.0,14.0,14.0,14.0,186.0,136.0,0.12786764705882359,0.2241397849462366,0.4300000000000002,16,BAND_MIX_F,10.0,38.0,51.0,False,0.8695717505634861
0.0,,20.0,4,4,0.3175,0.31999999999999995,0.33000000000000007,0.0,14.0,14.0,14.0,5.0,5.0,0.6020000000000001,0.6020000000000001,,17,BAND_MIX_F,10.0,51.0,61.0,False,0.8455121591746501
0.0,,8.0,4,4,0.2599999999999999,0.2649999999999999,0.29999999999999993,0.0,14.0,14.0,14.0,,,,,,18,BAND_MIX_F,10.0,48.0,68.0,False,0.8726501766784454
0.0,,8.0,4,4,0.36249999999999993,0.365,0.4099999999999999,0.0,13.0,13.0,13.0,,,,,,19,BAND_MIX_F,9.0,53.0,67.0,False,0.8878159931212382
0.0,,8.0,4,4,0.355,0.3549999999999999,0.5,0.0,14.0,14.0,14.0,,,,,,20,BAND_MIX_F,10.0,27.0,36.0,False,0.9181727062451811
0.0,,8.0,4,4,0.2975,0.26999999999999996,0.42999999999999994,0.0,13.0,13.0,13.0,,,,,,21,BAND_MIX_F,9.0,47.0,65.0,False,0.7903581526861452
0.0,,14.0,4,4,0.36750000000000005,0.37000000000000005,0.5,0.0,14.0,14.0,14.0,,,,,,22,BAND_MIX_F,10.0,54.0,71.0,False,0.8762004662004662
0.0,,15.0,4,4,0.33999999999999997,0.36499999999999994,0.42000000000000004,0.0,14.0,14.0,14.0,10.0,10.0,0.6240000000000002,0.6240000000000002,,23,BAND_MIX_F,10.0,41.0,56.0,False,0.8973010130246022
0.0,,22.0,4,4,0.36000000000000004,0.3400000000000001,0.41999999999999993,0.0,12.0,12.0,12.0,2.0,2.0,0.4700000000000002,0.4700000000000002,,24,BAND_MIX_F,8.0,43.0,56.0,False,0.9025229357798165
0.0,,8.0,4,4,0.395,0.415,0.43,0.0,12.0,12.0,12.0,,,,,,25,BAND_MIX_F,8.0,37.0,43.0,False,0.9057222739981361
0.0,,11.0,4,4,0.325,0.32,0.41000000000000003,0.0,14.0,14.0,14.0,,,,,,26,BAND_MIX_F,10.0,48.0,69.0,False,0.8147619047619048
0.0,,9.0,4,4,0.3424999999999999,0.3549999999999999,0.42999999999999994,0.0,14.0,14.0,14.0,,,,,,27,BAND_MIX_F,10.0,42.0,61.0,False,0.806771714066103
0.0,,11.0,4,4,0.34249999999999997,0.36999999999999994,0.4099999999999999,0.0,13.0,13.0,13.0,1.0,1.0,0.53,0.53,,28,BAND_MIX_F,9.0,33.0,51.0,False,0.8423351648351649
0.0,,8.0,4,4,0.45749999999999996,0.45999999999999996,0.5,0.0,14.0,14.0,14.0,,,,,,29,BAND_MIX_F,10.0,37.0,49.0,False,0.796914979757085
0.0,,8.0,4,4,0.2925,0.26999999999999996,0.4099999999999999,0.0,13.0,13.0,13.0,,,,,,30,BAND_MIX_F,9.0,33.0,45.0,False,0.8716341030195383
0.0,,9.0,4,4,0.29500000000000004,0.23000000000000004,0.5,0.0,14.0,14.0,14.0,,,,,,31,BAND_MIX_F,10.0,32.0,50.0,False,0.8501025290498974
0.0,,19.0,4,4,0.385,0.36,0.5,0.0,14.0,14.0,14.0,3.0,3.0,0.4666666666666668,0.4666666666666668,,32,BAND_MIX_F,10.0,36.0,46.0,False,0.8245878434637802
0.0,,14.0,4,4,0.3375,0.32,0.5,0.0,14.0,14.0,14.0,,,,,,33,BAND_MIX_F,10.0,39.0,54.0,False,0.9102106084243369
0.0,,9.0,4,4,0.33999999999999997,0.31999999999999995,0.5,0.0,14.0,14.0,14.0,,,,,,34,BAND_MIX_F,10.0,40.0,67.0,False,0.8119324026451139
0.0,,8.0,4,4,0.3275,0.31999999999999995,0.44000000000000006,0.0,14.0,14.0,14.0,,,,,,35,BAND_MIX_F,10.0,32.0,50.0,False,0.8297875569044005
0.0,,10.0,4,4,0.295,0.26499999999999996,0.43,0.0,13.0,13.0,13.0,,,,,,36,BAND_MIX_F,9.0,34.0,39.0,False,0.9107407407407407
0.0,,10.0,4,4,0.25249999999999995,0.23499999999999996,0.31999999999999995,0.0,12.0,12.0,12.0,,,,,,37,BAND_MIX_F,8.0,40.0,54.0,False,0.8771836734693877
0.0,,8.0,4,4,0.3699999999999999,0.36999999999999994,0.42999999999999994,0.0,12.0,12.0,12.0,,,,,,38,BAND_MIX_F,8.0,43.0,58.0,False,0.9101358695652173
1.0,67.0,246.0,4,4,0.37749999999999995,0.42999999999999994,0.43000000000000005,0.0,13.0,13.0,13.0,246.0,191.0,0.25785340314136146,0.39617886178861805,0.7663636363636367,39,BAND_MIX_F,9.0,34.0,46.0,False,0.9357080035180297
0.0,,9.0,4,4,0.32499999999999996,0.32,0.41999999999999993,0.0,13.0,13.0,13.0,,,,,,40,BAND_MIX_F,9.0,34.0,57.0,False,0.8777162629757786
0.0,,9.0,4,4,0.30499999999999994,0.31999999999999995,0.33999999999999997,0.0,12.0,12.0,12.0,1.0,1.0,0.45000000000000007,0.45000000000000007,,41,BAND_MIX_F,8.0,40.0,54.0,False,0.9227336683417084
0.0,,29.0,4,4,0.32499999999999996,0.32999999999999996,0.4099999999999999,0.0,13.0,13.0,13.0,19.0,19.0,0.616842105263158,0.616842105263158,,42,BAND_MIX_F,9.0,40.0,53.0,False,0.9089635157545606
0.0,,27.0,4,4,0.43999999999999995,0.46,0.5,0.0,14.0,14.0,14.0,11.0,11.0,0.7945454545454548,0.7945454545454548,,43,BAND_MIX_F,10.0,40.0,58.0,False,0.894646840148699
1.0,65.0,211.0,4,4,0.39249999999999996,0.4099999999999999,0.43000000000000005,0.0,13.0,13.0,13.0,210.0,199.0,0.15386934673366845,0.18228571428571436,,44,BAND_MIX_F,9.0,35.0,51.0,False,0.9171812662619254
0.0,,10.0,4,4,0.4575,0.46499999999999997,0.5,0.0,15.0,15.0,15.0,,,,,,45,BAND_MIX_F,11.0,42.0,65.0,False,0.7525890162945081
0.0,,12.0,4,4,0.32499999999999996,0.31999999999999995,0.43000000000000005,0.0,12.0,12.0,12.0,,,,,,46,BAND_MIX_F,8.0,37.0,52.0,False,0.9050523311132256
1.0,129.0,246.0,4,4,0.41,0.41000000000000003,0.42000000000000004,0.0,14.0,14.0,14.0,246.0,136.0,0.43970588235294134,0.5056910569105693,0.4500000000000001,47,BAND_MIX_F,10.0,45.0,62.0,False,0.88339837398374
0.0,,8.0,4,4,0.29499999999999993,0.27499999999999997,0.4099999999999999,0.0,12.0,12.0,12.0,,,,,,48,BAND_MIX_F,8.0,41.0,59.0,False,0.8841531823085221
0.0,,8.0,4,4,0.475,0.5,0.5,0.0,15.0,15.0,15.0,,,,,,49,BAND_MIX_F,11.0,34.0,61.0,False,0.8056919223544146
0.0,,8.0,4,4,0.32499999999999996,0.31999999999999995,0.3400000000000001,0.0,12.0,12.0,12.0,,,,,,50,BAND_MIX_F,8.0,43.0,68.0,False,0.8867424242424241
0.0,,8.0,4,4,0.3125,0.28500000000000003,0.43999999999999995,0.0,13.0,13.0,13.0,,,,,,51,BAND_MIX_F,9.0,38.0,54.0,False,0.8797735191637631
0.0,,10.0,4,4,0.32249999999999995,0.31999999999999995,0.33,0.0,12.0,12.0,12.0,,,,,,52,BAND_MIX_F,8.0,38.0,46.0,False,0.8765359477124183
0.0,,11.0,4,4,0.38249999999999995,0.4099999999999999,0.5,0.0,14.0,14.0,14.0,,,,,,53,BAND_MIX_F,10.0,36.0,62.0,False,0.8337645107794361
0.0,,14.0,4,4,0.45499999999999996,0.45499999999999996,0.5,0.0,15.0,15.0,15.0,,,,,,54,BAND_MIX_F,11.0,28.0,38.0,False,0.7721237244897959
0.0,,8.0,4,4,0.37250000000000005,0.37,0.42000000000000004,0.0,14.0,14.0,14.0,,,,,,55,BAND_MIX_F,10.0,34.0,55.0,False,0.8661435331230284
0.0,,30.0,4,4,0.37,0.37,0.42000000000000004,0.0,12.0,12.0,12.0,7.0,7.0,0.552857142857143,0.552857142857143,,56,BAND_MIX_F,8.0,37.0,66.0,False,0.9305793991416309
0.0,,12.0,4,4,0.39749999999999996,0.43000000000000005,0.5,0.0,14.0,14.0,14.0,,,,,,57,BAND_MIX_F,10.0,37.0,56.0,False,0.8445972222222224
0.0,,18.0,4,4,0.31499999999999995,0.31499999999999995,0.41999999999999993,0.0,12.0,12.0,12.0,4.0,4.0,0.5350000000000003,0.5350000000000003,,58,BAND_MIX_F,8.0,37.0,71.0,False,0.8772105263157896
1.0,66.0,294.0,4,4,0.4025000000000001,0.41000000000000003,0.44999999999999996,0.0,14.0,14.0,14.0,294.0,205.0,0.3218048780487808,0.3902721088435377,0.5366666666666672,59,BAND_MIX_F,10.0,40.0,76.0,False,0.8354154078549848
1.0,37.0,96.0,4,4,0.3524999999999999,0.37499999999999994,0.41999999999999993,0.0,12.0,12.0,12.0,88.0,88.0,0.12136363636363635,0.12136363636363635,,0,BAND_MIX_M,8.0,35.0,46.0,False,0.9666467661691542
0.0,,8.0,4,4,0.27249999999999996,0.27499999999999997,0.32000000000000006,0.0,12.0,12.0,12.0,,,,,,1,BAND_MIX_M,8.0,36.0,52.0,False,0.9103696498054474
1.0,73.0,262.0,4,4,0.4375,0.47,0.5,0.0,15.0,15.0,15.0,262.0,221.0,0.11307692307692309,0.13290076335877865,,2,BAND_MIX_M,11.0,45.0,61.0,False,0.8637737226277373
0.0,,14.0,4,4,0.3575,0.36,0.5,0.0,14.0,14.0,14.0,,,,,,3,BAND_MIX_M,10.0,34.0,57.0,False,0.8886603910209993
1.0,37.0,222.0,4,4,0.27249999999999996,0.27499999999999997,0.32999999999999996,0.0,13.0,13.0,13.0,214.0,171.0,0.1326315789473684,0.1847663551401869,,4,BAND_MIX_M,9.0,41.0,74.0,False,0.8764767747589833
1.0,48.0,229.0,4,4,0.33499999999999996,0.31999999999999995,0.3999999999999999,0.0,14.0,14.0,14.0,223.0,215.0,0.1364186046511628,0.16739910313901343,,5,BAND_MIX_M,10.0,31.0,45.0,False,0.9099692307692308
1.0,18.0,87.0,4,4,0.29,0.27,0.3999999999999999,0.0,14.0,14.0,14.0,79.0,79.0,0.09443037974683545,0.09443037974683545,,6,BAND_MIX_M,10.0,41.0,59.0,False,0.8316863905325445
1.0,77.0,114.0,4,4,0.3999999999999999,0.41999999999999993,0.42000000000000004,0.0,12.0,12.0,12.0,106.0,106.0,0.13471698113207548,0.13471698113207548,,7,BAND_MIX_M,8.0,31.0,44.0,False,0.8905747126436782
0.0,,8.0,4,4,0.38249999999999995,0.4049999999999999,0.41000000000000003,0.0,14.0,14.0,14.0,,,,,,8,BAND_MIX_M,10.0,34.0,52.0,False,0.8467245657568239
1.0,34.0,404.0,4,4,0.26749999999999996,0.26499999999999996,0.32000000000000006,0.0,13.0,13.0,13.0,396.0,228.0,0.2224122807017544,0.3521212121212121,0.29500000000000015,9,BAND_MIX_M,9.0,32.0,47.0,False,0.8757005253940455
1.0,37.0,412.0,4,4,0.315,0.275,0.5,0.0,14.0,14.0,14.0,405.0,341.0,0.10005865102639297,0.19688888888888892,,10,BAND_MIX_M,10.0,38.0,58.0,False,0.8636882453151618
1.0,58.0,367.0,4,4,0.3424999999999999,0.36499999999999994,0.4099999999999999,0.0,13.0,13.0,13.0,363.0,290.0,0.1046551724137931,0.17611570247933886,1.0,11,BAND_MIX_M,9.0,35.0,51.0,False,0.8770050335570468
0.0,,8.0,4,4,0.34750000000000003,0.325,0.42000000000000004,0.0,14.0,14.0,14.0,,,,,,12,BAND_MIX_M,10.0,35.0,58.0,False,0.8608952959028833
1.0,43.0,267.0,4,4,0.2975,0.26999999999999996,0.43,0.0,13.0,13.0,13.0,259.0,256.0,0.15910156250000002,0.15895752895752896,,13,BAND_MIX_M,9.0,32.0,59.0,False,0.8953415637860084
1.0,34.0,332.0,4,4,0.395,0.4099999999999999,0.42000000000000004,0.0,12.0,12.0,12.0,324.0,248.0,0.1625,0.3238580246913581,,14,BAND_MIX_M,8.0,34.0,50.0,False,0.9243383947939262
0.0,,8.0,4,4,0.27499999999999997,0.27499999999999997,0.30999999999999994,0.0,12.0,12.0,12.0,,,,,,15,BAND_MIX_M,8.0,39.0,61.0,False,0.8939298892988929
1.0,27.0,424.0,4,4,0.4775,0.5,0.5,0.0,14.0,14.0,14.0,416.0,145.0,0.3233793103448276,0.43896634615384617,0.37923076923076926,16,BAND_MIX_M,10.0,38.0,51.0,False,0.8695717505634861
0.0,,8.0,4,4,0.36,0.3499999999999999,0.5,0.0,14.0,14.0,14.0,,,,,,17,BAND_MIX_M,10.0,51.0,61.0,False,0.8455121591746501
1.0,44.0,393.0,4,4,0.42000000000000004,0.42500000000000004,0.5,0.0,14.0,14.0,14.0,385.0,258.0,0.18267441860465114,0.27249350649350657,0.654,18,BAND_MIX_M,10.0,48.0,68.0,False,0.8726501766784454
1.0,40.0,178.0,4,4,0.4149999999999999,0.4099999999999999,0.43,0.0,13.0,13.0,13.0,170.0,150.0,0.1884,0.25694117647058823,0.23750000000000004,19,BAND_MIX_M,9.0,53.0,67.0,False,0.8878159931212382
0.0,,8.0,4,4,0.33249999999999996,0.31,0.3999999999999999,0.0,14.0,14.0,14.0,,,,,,20,BAND_MIX_M,10.0,27.0,36.0,False,0.9181727062451811
1.0,45.0,350.0,4,4,0.3525,0.38,0.42999999999999994,0.0,13.0,13.0,13.0,342.0,302.0,0.09847682119205299,0.11304093567251464,,21,BAND_MIX_M,9.0,47.0,65.0,False,0.7903581526861452
1.0,31.0,292.0,4,4,0.4125,0.46,0.5,0.0,14.0,14.0,14.0,284.0,196.0,0.1567857142857143,0.24394366197183098,0.29500000000000004,22,BAND_MIX_M,10.0,54.0,71.0,False,0.8762004662004662
0.0,,8.0,4,4,0.31499999999999995,0.31499999999999995,0.41999999999999993,0.0,14.0,14.0,14.0,,,,,,23,BAND_MIX_M,10.0,41.0,56.0,False,0.8973010130246022
0.0,,8.0,4,4,0.21999999999999997,0.21999999999999997,0.21999999999999997,0.0,12.0,12.0,12.0,,,,,,24,BAND_MIX_M,8.0,43.0,56.0,False,0.9025229357798165
1.0,35.0,359.0,4,4,0.37249999999999994,0.415,0.43999999999999995,0.0,12.0,12.0,12.0,352.0,295.0,0.1304406779661017,0.22610795454545454,0.22000000000000006,25,BAND_MIX_M,8.0,37.0,43.0,False,0.9057222739981361
0.0,,76.0,4,4,0.4275,0.45499999999999996,0.5,0.0,14.0,14.0,14.0,10.0,10.0,0.5510000000000003,0.5510000000000003,,26,BAND_MIX_M,10.0,48.0,69.0,False,0.8147619047619048
0.0,,8.0,4,4,0.3175,0.30499999999999994,0.45000000000000007,0.0,14.0,14.0,14.0,,,,,,27,BAND_MIX_M,10.0,42.0,61.0,False,0.806771714066103
1.0,131.0,177.0,4,4,0.2975,0.32499999999999996,0.32999999999999996,0.0,13.0,13.0,13.0,177.0,127.0,0.23763779527559054,0.29406779661016946,,28,BAND_MIX_M,9.0,33.0,51.0,False,0.8423351648351649
1.0,34.0,150.0,4,4,0.37749999999999995,0.425,0.42999999999999994,0.0,14.0,14.0,14.0,143.0,106.0,0.25443396226415094,0.4473426573426574,1.0,29,BAND_MIX_M,10.0,37.0,49.0,False,0.796914979757085
1.0,60.0,317.0,4,4,0.37,0.36999999999999994,0.42000000000000004,0.0,13.0,13.0,13.0,314.0,273.0,0.12974358974358974,0.18563694267515926,0.02,30,BAND_MIX_M,9.0,33.0,45.0,False,0.8716341030195383
1.0,24.0,148.0,4,4,0.385,0.37,0.5,0.0,14.0,14.0,14.0,140.0,140.0,0.15107142857142858,0.15107142857142858,,31,BAND_MIX_M,10.0,32.0,50.0,False,0.8501025290498974
1.0,20.0,142.0,4,4,0.39,0.41000000000000003,0.41999999999999993,0.0,14.0,14.0,14.0,134.0,134.0,0.06716417910447761,0.06716417910447761,,32,BAND_MIX_M,10.0,36.0,46.0,False,0.8245878434637802
1.0,127.0,264.0,4,4,0.3875,0.41500000000000004,0.5,0.0,14.0,14.0,14.0,264.0,168.0,0.18654761904761907,0.20984848484848487,0.12384615384615387,33,BAND_MIX_M,10.0,39.0,54.0,False,0.9102106084243369
1.0,59.0,403.0,4,4,0.3475,0.36,0.41999999999999993,0.0,14.0,14.0,14.0,401.0,317.0,0.12312302839116719,0.23508728179551122,,34,BAND_MIX_M,10.0,40.0,67.0,False,0.8119324026451139
0.0,,8.0,4,4,0.2925,0.275,0.41000000000000003,0.0,14.0,14.0,14.0,,,,,,35,BAND_MIX_M,10.0,32.0,50.0,False,0.8297875569044005
0.0,,8.0,4,4,0.22999999999999998,0.22999999999999995,0.24,0.0,13.0,13.0,13.0,,,,,,36,BAND_MIX_M,9.0,34.0,39.0,False,0.9107407407407407
1.0,143.0,124.0,4,4,0.31749999999999995,0.31499999999999995,0.43,0.0,12.0,12.0,12.0,124.0,75.0,0.14720000000000003,0.2744354838709678,0.4000000000000001,37,BAND_MIX_M,8.0,40.0,54.0,False,0.8771836734693877
1.0,91.0,196.0,4,4,0.3549999999999999,0.36999999999999994,0.44,0.0,12.0,12.0,12.0,196.0,196.0,0.14479591836734695,0.14479591836734695,,38,BAND_MIX_M,8.0,43.0,58.0,False,0.9101358695652173
1.0,56.0,176.0,4,4,0.3475,0.36999999999999994,0.43000000000000005,0.0,13.0,13.0,13.0,173.0,156.0,0.09705128205128206,0.11722543352601161,,39,BAND_MIX_M,9.0,34.0,46.0,False,0.9357080035180297
1.0,47.0,227.0,4,4,0.3475,0.36499999999999994,0.44000000000000006,0.0,13.0,13.0,13.0,219.0,213.0,0.05661971830985915,0.08246575342465755,,40,BAND_MIX_M,9.0,34.0,57.0,False,0.8777162629757786
1.0,49.0,338.0,4,4,0.345,0.36499999999999994,0.4099999999999999,0.0,12.0,12.0,12.0,331.0,262.0,0.19900763358778625,0.33604229607250763,,41,BAND_MIX_M,8.0,40.0,54.0,False,0.9227336683417084
0.0,,8.0,4,4,0.32749999999999996,0.32999999999999996,0.42999999999999994,0.0,13.0,13.0,13.0,,,,,,42,BAND_MIX_M,9.0,40.0,53.0,False,0.9089635157545606
1.0,25.0,214.0,4,4,0.3875,0.41500000000000004,0.5,0.0,14.0,14.0,14.0,206.0,180.0,0.11227777777777778,0.20830097087378632,0.9271428571428572,43,BAND_MIX_M,10.0,40.0,58.0,False,0.894646840148699
1.0,92.0,397.0,4,4,0.4149999999999999,0.4149999999999999,0.41999999999999993,0.0,13.0,13.0,13.0,397.0,310.0,0.18277419354838714,0.2929471032745592,1.0,44,BAND_MIX_M,9.0,35.0,51.0,False,0.9171812662619254
1.0,28.0,252.0,4,4,0.45499999999999996,0.45999999999999996,0.5,0.0,15.0,15.0,15.0,244.0,186.0,0.21059139784946238,0.31516393442622953,0.5075000000000001,45,BAND_MIX_M,11.0,42.0,65.0,False,0.7525890162945081
0.0,,8.0,4,4,0.29499999999999993,0.27499999999999997,0.41999999999999993,0.0,12.0,12.0,12.0,,,,,,46,BAND_MIX_M,8.0,37.0,52.0,False,0.9050523311132256
0.0,,8.0,4,4,0.345,0.36,0.43000000000000005,0.0,14.0,14.0,14.0,,,,,,47,BAND_MIX_M,10.0,45.0,62.0,False,0.88339837398374
0.0,,63.0,4,4,0.36249999999999993,0.4099999999999999,0.4099999999999999,0.0,12.0,12.0,12.0,59.0,59.0,0.15881355932203392,0.15881355932203392,,48,BAND_MIX_M,8.0,41.0,59.0,False,0.8841531823085221
1.0,76.0,201.0,4,4,0.375,0.37,0.5,0.0,15.0,15.0,15.0,201.0,201.0,0.08034825870646767,0.08034825870646767,,49,BAND_MIX_M,11.0,34.0,61.0,False,0.8056919223544146
0.0,,22.0,4,4,0.32999999999999996,0.31999999999999995,0.45,0.0,12.0,12.0,12.0,10.0,10.0,1.0,1.0,,50,BAND_MIX_M,8.0,43.0,68.0,False,0.8867424242424241
0.0,,8.0,4,4,0.3275,0.325,0.42999999999999994,0.0,13.0,13.0,13.0,,,,,,51,BAND_MIX_M,9.0,38.0,54.0,False,0.8797735191637631
0.0,,43.0,4,4,0.3025,0.32499999999999996,0.33,0.0,12.0,12.0,12.0,,,,,,52,BAND_MIX_M,8.0,38.0,46.0,False,0.8765359477124183
1.0,22.0,329.0,4,4,0.34,0.36500000000000005,0.42000000000000004,0.0,14.0,14.0,14.0,321.0,231.0,0.1492640692640693,0.19093457943925235,0.16000000000000003,53,BAND_MIX_M,10.0,36.0,62.0,False,0.8337645107794361
1.0,58.0,95.0,4,4,0.465,0.475,0.5,0.0,15.0,15.0,15.0,88.0,88.0,0.08806818181818182,0.08806818181818182,,54,BAND_MIX_M,11.0,28.0,38.0,False,0.7721237244897959
1.0,48.0,227.0,4,4,0.39249999999999996,0.4049999999999999,0.43,0.0,14.0,14.0,14.0,220.0,198.0,0.1611111111111111,0.2425454545454545,0.9861538461538462,55,BAND_MIX_M,10.0,34.0,55.0,False,0.8661435331230284
1.0,81.0,298.0,4,4,0.4,0.42000000000000004,0.43999999999999995,0.0,12.0,12.0,12.0,298.0,233.0,0.16875536480686695,0.24100671140939606,0.6680000000000001,56,BAND_MIX_M,8.0,37.0,66.0,False,0.9305793991416309
1.0,58.0,137.0,4,4,0.39249999999999996,0.4099999999999999,0.43000000000000005,0.0,14.0,14.0,14.0,128.0,128.0,0.120078125,0.120078125,,57,BAND_MIX_M,10.0,37.0,56.0,False,0.8445972222222224
1.0,112.0,216.0,4,4,0.31999999999999995,0.32499999999999996,0.41999999999999993,0.0,12.0,12.0,12.0,210.0,183.0,0.13092896174863392,0.20433333333333334,0.7054545454545454,58,BAND_MIX_M,8.0,37.0,71.0,False,0.8772105263157896
0.0,,8.0,4,4,0.35749999999999993,0.3999999999999999,0.3999999999999999,0.0,14.0,14.0,14.0,,,,,,59,BAND_MIX_M,10.0,40.0,76.0,False,0.8354154078549848
0.0,,8.0,4,4,0.01125,0.0,0.09,0.875,48.5,38.0,65.0,,,,,,0,D,61.0,35.0,46.0,False,0.008246905319504852
0.0,,8.0,4,4,0.01,0.0,0.08,0.875,54.0,47.0,67.0,,,,,,1,D,63.0,36.0,52.0,False,0.004158653846153847
0.0,,8.0,4,4,0.0,0.0,0.0,1.0,67.5,47.0,77.0,,,,,,2,D,79.0,45.0,61.0,False,0.0017257525083612041
0.0,,8.0,4,4,0.0,0.0,0.0,1.0,45.5,32.0,57.0,,,,,,3,D,60.0,34.0,57.0,False,0.0057066029279952205
0.0,,8.0,4,4,0.0,0.0,0.0,1.0,60.0,52.0,69.0,,,,,,4,D,72.0,41.0,74.0,False,0.008957151858853185
0.0,,8.0,4,4,0.0,0.0,0.0,1.0,47.5,37.0,58.0,,,,,,5,D,54.0,31.0,45.0,False,0.007342848466443973
0.0,,8.0,4,4,0.00125,0.0,0.01,0.875,56.0,26.0,62.0,,,,,,6,D,72.0,41.0,59.0,False,0.0037841530054644815
0.0,,8.0,4,4,0.0,0.0,0.0,1.0,51.5,25.0,58.0,,,,,,7,D,54.0,31.0,44.0,False,0.009146889031430405
0.0,,8.0,4,4,0.08875000000000002,0.0,0.7100000000000002,0.875,61.0,29.0,64.0,,,,,,8,D,60.0,34.0,52.0,False,0.0036545682102628297
0.0,,8.0,4,4,0.125,0.0,1.0,0.875,50.5,33.0,60.0,,,,,,9,D,56.0,32.0,47.0,False,0.007439172749391729
0.0,,8.0,4,4,0.01125,0.0,0.09,0.875,51.0,48.0,64.0,,,,,,10,D,66.0,38.0,58.0,False,0.0058359621451104125
0.0,,8.0,4,4,0.00125,0.0,0.01,0.875,45.5,40.0,51.0,,,,,,11,D,61.0,35.0,51.0,False,0.00658244680851064
0.0,,8.0,4,4,0.0012500000000000011,0.0,0.010000000000000009,0.875,48.5,33.0,65.0,,,,,,12,D,61.0,35.0,58.0,False,0.006130136986301372
0.0,,8.0,4,4,0.0,0.0,0.0,1.0,43.0,34.0,60.0,,,,,,13,D,56.0,32.0,59.0,False,0.008360975609756098
0.0,,8.0,4,4,0.024999999999999994,0.0,0.19999999999999996,0.875,42.5,36.0,64.0,,,,,,14,D,60.0,34.0,50.0,False,0.005337858685590868
0.0,,8.0,4,4,0.0,0.0,0.0,1.0,56.5,53.0,72.0,,,,,,15,D,68.0,39.0,61.0,False,0.0035250987027636775
0.0,,8.0,4,4,0.0,0.0,0.0,1.0,54.0,42.0,70.0,,,,,,16,D,66.0,38.0,51.0,False,0.0038815566835871417
0.0,,8.0,4,4,0.0,0.0,0.0,1.0,74.0,48.0,80.0,,,,,,17,D,89.0,51.0,61.0,False,0.0011478322672352527
0.0,,8.0,4,4,0.0,0.0,0.0,1.0,72.0,34.0,76.0,,,,,,18,D,84.0,48.0,68.0,False,0.0028873461659829607
0.0,,8.0,4,4,0.0,0.0,0.0,1.0,74.0,65.0,80.0,,,,,,19,D,93.0,53.0,67.0,False,0.0010983440351470094
0.0,,8.0,4,4,0.0,0.0,0.0,1.0,37.0,25.0,51.0,,,,,,20,D,47.0,27.0,36.0,False,0.00483970753655793
0.0,,8.0,4,4,0.007500000000000001,0.0,0.060000000000000005,0.875,70.5,46.0,78.0,,,,,,21,D,82.0,47.0,65.0,False,0.0011372549019607844
0.0,,8.0,4,4,0.0,0.0,0.0,1.0,76.0,40.0,80.0,,,,,,22,D,94.0,54.0,71.0,False,0.00115
0.0,,8.0,4,4,0.0,0.0,0.0,1.0,57.5,48.0,67.0,,,,,,23,D,72.0,41.0,56.0,False,0.003294194390084802
0.0,,8.0,4,4,0.0,0.0,0.0,1.0,65.0,35.0,79.0,,,,,,24,D,75.0,43.0,56.0,False,0.0022515212981744424
0.0,,8.0,4,4,0.0,0.0,0.0,1.0,56.5,38.0,69.0,,,,,,25,D,65.0,37.0,43.0,False,0.004243343444556793
0.0,,8.0,4,4,0.0,0.0,0.0,1.0,65.0,46.0,80.0,,,,,,26,D,84.0,48.0,69.0,False,0.0022025153176394715
0.0,,8.0,4,4,0.0,0.0,0.0,1.0,61.0,47.0,72.0,,,,,,27,D,74.0,42.0,61.0,False,0.003413210445468511
0.0,,8.0,4,4,0.0,0.0,0.0,1.0,47.0,32.0,62.0,,,,,,28,D,58.0,33.0,51.0,False,0.006666666666666667
0.0,,8.0,4,4,0.0,0.0,0.0,1.0,49.0,39.0,62.0,,,,,,29,D,65.0,37.0,49.0,False,0.0036419753086419757
0.0,,8.0,4,4,0.0,0.0,0.0,1.0,51.0,30.0,62.0,,,,,,30,D,58.0,33.0,45.0,False,0.006919732441471573
0.0,,8.0,4,4,0.0,0.0,0.0,1.0,49.5,41.0,60.0,,,,,,31,D,56.0,32.0,50.0,False,0.012326661901358116
0.0,,8.0,4,4,0.0,0.0,0.0,1.0,52.0,47.0,67.0,,,,,,32,D,63.0,36.0,46.0,False,0.005380263984915149
0.0,,8.0,4,4,0.0,0.0,0.0,1.0,57.5,29.0,66.0,,,,,,33,D,68.0,39.0,54.0,False,0.0040587449933244335
0.0,,8.0,4,4,0.0,0.0,0.0,1.0,55.5,51.0,74.0,,,,,,34,D,70.0,40.0,67.0,False,0.004822857142857144
0.0,,8.0,4,4,0.0,0.0,0.0,1.0,45.5,30.0,53.0,,,,,,35,D,56.0,32.0,50.0,False,0.0084461592423711
0.0,,8.0,4,4,0.00875,0.0,0.07,0.875,45.0,38.0,58.0,,,,,,36,D,60.0,34.0,39.0,False,0.005216783216783218
0.0,,8.0,4,4,0.0,0.0,0.0,1.0,62.0,55.0,74.0,,,,,,37,D,70.0,40.0,54.0,False,0.0039460476787954845
0.0,,8.0,4,4,0.0,0.0,0.0,1.0,60.5,48.0,79.0,,,,,,38,D,75.0,43.0,58.0,False,0.0029894264658763222
0.0,,8.0,4,4,0.0,0.0,0.0,1.0,50.0,42.0,64.0,,,,,,39,D,60.0,34.0,46.0,False,0.0053483146067415735
0.0,,8.0,4,4,0.0,0.0,0.0,1.0,46.0,32.0,64.0,,,,,,40,D,60.0,34.0,57.0,False,0.011813206858810656
0.0,,8.0,4,4,0.0,0.0,0.0,1.0,62.5,48.0,74.0,,,,,,41,D,70.0,40.0,54.0,False,0.005899595687331538
0.0,,8.0,4,4,0.0,0.0,0.0,1.0,62.5,48.0,66.0,,,,,,42,D,70.0,40.0,53.0,False,0.0016956389143031416
0.0,,8.0,4,4,0.0,0.0,0.0,1.0,59.5,28.0,74.0,,,,,,43,D,70.0,40.0,58.0,False,0.0023777089783281738
0.0,,8.0,4,4,0.0,0.0,0.0,1.0,45.0,34.0,65.0,,,,,,44,D,61.0,35.0,51.0,False,0.006635103145079474
0.0,,8.0,4,4,0.0,0.0,0.0,1.0,62.5,44.0,68.0,,,,,,45,D,74.0,42.0,65.0,False,0.0037986798679867997
0.0,,8.0,4,4,0.02125,0.0,0.17,0.875,53.0,43.0,69.0,,,,,,46,D,65.0,37.0,52.0,False,0.004933244325767691
0.0,,8.0,4,4,0.0,0.0,0.0,1.0,63.0,47.0,77.0,,,,,,47,D,79.0,45.0,62.0,False,0.003177860696517414
0.0,,8.0,4,4,0.0,0.0,0.0,1.0,59.0,49.0,76.0,,,,,,48,D,72.0,41.0,59.0,False,0.00268429237947123
0.0,,8.0,4,4,0.0,0.0,0.0,1.0,55.5,39.0,64.0,,,,,,49,D,60.0,34.0,61.0,False,0.005337386018237082
0.0,,8.0,4,4,0.0,0.0,0.0,1.0,68.0,57.0,79.0,,,,,,50,D,75.0,43.0,68.0,False,0.004541858932102836
0.0,,8.0,4,4,0.0,0.0,0.0,1.0,49.0,44.0,70.0,,,,,,51,D,66.0,38.0,54.0,False,0.006655498020103566
0.0,,8.0,4,4,0.02000000000000001,0.0,0.1600000000000001,0.875,49.0,32.0,70.0,,,,,,52,D,66.0,38.0,46.0,False,0.00344092963202066
0.0,,8.0,4,4,0.0,0.0,0.0,1.0,53.0,39.0,67.0,,,,,,53,D,63.0,36.0,62.0,False,0.013734385272846816
0.0,,8.0,4,4,0.0,0.0,0.0,1.0,36.5,27.0,53.0,,,,,,54,D,49.0,28.0,38.0,False,0.011248717071501884
0.0,,8.0,4,4,0.0,0.0,0.0,1.0,59.0,33.0,64.0,,,,,,55,D,60.0,34.0,55.0,False,0.007134399052693902
0.0,,8.0,4,4,0.0,0.0,0.0,1.0,59.0,46.0,69.0,,,,,,56,D,65.0,37.0,66.0,False,0.008626208736245415
0.0,,8.0,4,4,0.0,0.0,0.0,1.0,52.0,29.0,63.0,,,,,,57,D,65.0,37.0,56.0,False,0.004590470258486455
0.0,,8.0,4,4,0.0025,0.0,0.02,0.875,52.5,30.0,59.0,,,,,,58,D,65.0,37.0,71.0,False,0.004256
0.0,,8.0,4,4,0.0,0.0,0.0,1.0,58.5,54.0,74.0,,,,,,59,D,70.0,40.0,76.0,False,0.010681350954478709
0.0,,8.0,4,4,0.0,0.0,0.0,1.0,70.5,54.0,76.0,,,,,,0,Darg,80.0,35.0,46.0,False,0.002215870880968393
0.0,,8.0,4,4,0.0,0.0,0.0,1.0,74.0,64.0,80.0,,,,,,1,Darg,91.0,36.0,52.0,False,0.0004279069767441862
0.0,,8.0,4,4,0.0,0.0,0.0,1.0,70.5,60.0,80.0,,,,,,2,Darg,107.0,45.0,61.0,False,0.0009530261969286361
0.0,,8.0,4,4,0.0,0.0,0.0,1.0,76.0,67.0,79.0,,,,,,3,Darg,100.0,34.0,57.0,False,0.00041313918049441247
0.0,,8.0,4,4,0.0,0.0,0.0,1.0,67.0,58.0,77.0,,,,,,4,Darg,130.0,41.0,74.0,False,0.0029493087557603713
0.0,,8.0,4,4,0.0,0.0,0.0,1.0,68.0,45.0,74.0,,,,,,5,Darg,79.0,31.0,45.0,False,0.0015048840048840048
0.0,,8.0,4,4,0.0,0.0,0.0,1.0,67.5,57.0,78.0,,,,,,6,Darg,103.0,41.0,59.0,False,0.0007705122865472722
0.0,,8.0,4,4,0.0,0.0,0.0,1.0,67.0,57.0,73.0,,,,,,7,Darg,77.0,31.0,44.0,False,0.0016865143224975862
0.0,,8.0,4,4,0.0,0.0,0.0,1.0,77.5,71.0,80.0,,,,,,8,Darg,91.0,34.0,52.0,False,0.0003946942736978325
0.0,,8.0,4,4,0.0,0.0,0.0,1.0,69.5,57.0,76.0,,,,,,9,Darg,82.0,32.0,47.0,False,0.0013228492136910272
0.0,,8.0,4,4,0.0,0.0,0.0,1.0,78.5,58.0,80.0,,,,,,10,Darg,102.0,38.0,58.0,False,0.0006961233847436433
0.0,,8.0,4,4,0.0,0.0,0.0,1.0,76.5,64.0,80.0,,,,,,11,Darg,89.0,35.0,51.0,False,0.000564349621472815
0.0,,8.0,4,4,0.0,0.0,0.0,1.0,76.0,71.0,80.0,,,,,,12,Darg,102.0,35.0,58.0,False,0.00023359288097886554
0.0,,8.0,4,4,0.0,0.0,0.0,1.0,75.0,67.0,80.0,,,,,,13,Darg,103.0,32.0,59.0,False,0.0006046329014526896
0.0,,8.0,4,4,0.0,0.0,0.0,1.0,73.5,58.0,79.0,,,,,,14,Darg,88.0,34.0,50.0,False,0.00047919293820933165
0.0,,8.0,4,4,0.00625,0.0,0.05,0.875,69.5,53.0,77.0,,,,,,15,Darg,107.0,39.0,61.0,False,0.00021835677276091787
0.0,,8.0,4,4,0.0,0.0,0.0,1.0,75.0,69.0,79.0,,,,,,16,Darg,89.0,38.0,51.0,False,0.001047851903597625
0.0,,8.0,4,4,0.0,0.0,0.0,1.0,76.0,61.0,79.0,,,,,,17,Darg,107.0,51.0,61.0,False,0.0006049149338374296
0.0,,8.0,4,4,0.0,0.0,0.0,1.0,68.5,52.0,79.0,,,,,,18,Darg,119.0,48.0,68.0,False,0.0002063628546861566
0.0,,8.0,4,4,0.0,0.0,0.0,1.0,76.5,62.0,80.0,,,,,,19,Darg,117.0,53.0,67.0,False,0.0007703383729301657
0.0,,8.0,4,4,0.0,0.0,0.0,1.0,48.5,34.0,61.0,,,,,,20,Darg,63.0,27.0,36.0,False,0.0010016882386043896
0.0,,8.0,4,4,0.0,0.0,0.0,1.0,70.0,56.0,79.0,,,,,,21,Darg,114.0,47.0,65.0,False,0.00012886597938144327
0.0,,8.0,4,4,0.0,0.0,0.0,1.0,73.5,61.0,80.0,,,,,,22,Darg,124.0,54.0,71.0,False,0.0023529411764705885
0.0,,8.0,4,4,0.0,0.0,0.0,1.0,68.5,62.0,78.0,,,,,,23,Darg,98.0,41.0,56.0,False,0.0005910079767947791
0.0,,8.0,4,4,0.0,0.0,0.0,1.0,74.0,53.0,80.0,,,,,,24,Darg,98.0,43.0,56.0,False,0.0006604068857589986
0.0,,8.0,4,4,0.0,0.0,0.0,1.0,64.5,50.0,79.0,,,,,,25,Darg,75.0,37.0,43.0,False,0.001781977725278435
0.0,,8.0,4,4,0.0,0.0,0.0,1.0,73.0,58.0,78.0,,,,,,26,Darg,121.0,48.0,69.0,False,0.000439739413680782
0.0,,8.0,4,4,0.0,0.0,0.0,1.0,64.5,56.0,80.0,,,,,,27,Darg,107.0,42.0,61.0,False,0.0002511321531494442
0.0,,8.0,4,4,0.0,0.0,0.0,1.0,78.0,73.0,80.0,,,,,,28,Darg,89.0,33.0,51.0,False,0.0003790726817042607
0.0,,8.0,4,4,0.0,0.0,0.0,1.0,68.0,50.0,77.0,,,,,,29,Darg,86.0,37.0,49.0,False,0.0008421400264200795
0.0,,8.0,4,4,0.0,0.0,0.0,1.0,66.5,56.0,73.0,,,,,,30,Darg,79.0,33.0,45.0,False,0.00238655462184874
0.0,,8.0,4,4,0.0,0.0,0.0,1.0,76.5,62.0,80.0,,,,,,31,Darg,88.0,32.0,50.0,False,0.0021848739495798327
0.0,,8.0,4,4,0.00375,0.0,0.03,0.875,70.5,49.0,77.0,,,,,,32,Darg,80.0,36.0,46.0,False,0.0011202531645569621
0.0,,8.0,4,4,0.0,0.0,0.0,1.0,75.0,68.0,79.0,,,,,,33,Darg,94.0,39.0,54.0,False,0.0010619469026548673
0.0,,8.0,4,4,0.0,0.0,0.0,1.0,71.5,62.0,80.0,,,,,,34,Darg,117.0,40.0,67.0,False,0.0005074257425742577
0.0,,8.0,4,4,0.0,0.0,0.0,1.0,76.0,60.0,79.0,,,,,,35,Darg,88.0,32.0,50.0,False,0.0012724014336917564
0.0,,8.0,4,4,0.0,0.0,0.0,1.0,58.0,40.0,72.0,,,,,,36,Darg,68.0,34.0,39.0,False,0.0028521373510861955
0.0,,8.0,4,4,0.0,0.0,0.0,1.0,71.0,68.0,79.0,,,,,,37,Darg,94.0,40.0,54.0,False,0.0008666887198147537
0.0,,8.0,4,4,0.0,0.0,0.0,1.0,77.5,60.0,80.0,,,,,,38,Darg,102.0,43.0,58.0,False,0.001274322777565815
0.0,,8.0,4,4,0.0,0.0,0.0,1.0,66.0,57.0,74.0,,,,,,39,Darg,80.0,34.0,46.0,False,0.0013712807244501942
0.0,,8.0,4,4,0.0,0.0,0.0,1.0,77.0,67.0,80.0,,,,,,40,Darg,100.0,34.0,57.0,False,0.0033432203389830517
0.0,,8.0,4,4,0.0,0.0,0.0,1.0,69.5,57.0,79.0,,,,,,41,Darg,94.0,40.0,54.0,False,0.0014962593516209476
0.0,,8.0,4,4,0.0,0.0,0.0,1.0,76.5,64.0,80.0,,,,,,42,Darg,93.0,40.0,53.0,False,0.0009082248332804066
0.0,,8.0,4,4,0.0,0.0,0.0,1.0,60.0,45.0,79.0,,,,,,43,Darg,102.0,40.0,58.0,False,0.00038447718289615524
0.0,,8.0,4,4,0.00125,0.0,0.01,0.875,77.5,61.0,79.0,,,,,,44,Darg,89.0,35.0,51.0,False,0.001118466898954704
0.0,,8.0,4,4,0.0,0.0,0.0,1.0,69.0,62.0,80.0,,,,,,45,Darg,114.0,42.0,65.0,False,0.0001911667765326302
0.0,,8.0,4,4,0.0,0.0,0.0,1.0,73.5,62.0,80.0,,,,,,46,Darg,91.0,37.0,52.0,False,0.0010742659758203805
0.0,,8.0,4,4,0.0,0.0,0.0,1.0,78.0,59.0,80.0,,,,,,47,Darg,108.0,45.0,62.0,False,0.0008394004282655248
0.0,,8.0,4,4,0.0,0.0,0.0,1.0,76.5,64.0,80.0,,,,,,48,Darg,103.0,41.0,59.0,False,0.00048489369638194714
0.0,,8.0,4,4,0.0,0.0,0.0,1.0,73.0,56.0,80.0,,,,,,49,Darg,107.0,34.0,61.0,False,0.0003317152103559872
0.0,,8.0,4,4,0.0,0.0,0.0,1.0,75.5,52.0,79.0,,,,,,50,Darg,119.0,43.0,68.0,False,0.0003662691652470187
0.0,,8.0,4,4,0.0,0.0,0.0,1.0,77.5,58.0,78.0,,,,,,51,Darg,94.0,38.0,54.0,False,0.0008891752577319587
0.0,,8.0,4,4,0.0,0.0,0.0,1.0,64.0,48.0,72.0,,,,,,52,Darg,80.0,38.0,46.0,False,0.0018849528761780959
0.0,,8.0,4,4,0.0,0.0,0.0,1.0,73.0,47.0,80.0,,,,,,53,Darg,108.0,36.0,62.0,False,0.0008272058823529413
0.0,,8.0,4,4,0.01625,0.0,0.09999999999999999,0.75,54.0,45.0,57.0,,,,,,54,Darg,66.0,28.0,38.0,False,0.0033059548254620124
0.0,,8.0,4,4,0.0,0.0,0.0,1.0,78.0,69.0,80.0,,,,,,55,Darg,96.0,34.0,55.0,False,0.0010012634238787113
0.0,,8.0,4,4,0.0,0.0,0.0,1.0,57.5,23.0,80.0,,,,,,56,Darg,116.0,37.0,66.0,False,0.004397306397306398
0.0,,8.0,4,4,0.0,0.0,0.0,1.0,69.0,54.0,79.0,,,,,,57,Darg,98.0,37.0,56.0,False,0.00033892502567613836
0.0,,8.0,4,4,0.08375000000000007,0.0,0.5500000000000005,0.75,46.0,35.0,62.0,,,,,,58,Darg,124.0,37.0,71.0,False,0.0032470588235294145
0.0,,8.0,4,4,0.03374999999999999,0.0,0.19999999999999996,0.75,69.5,58.0,75.0,,,,,,59,Darg,133.0,40.0,76.0,False,0.010027548209366395
0.0,,8.0,4,4,0.0,0.0,0.0,1.0,77.0,64.0,80.0,,,,,,0,Dfix,95.0,35.0,46.0,False,0.0005413208228076509
0.0,,8.0,4,4,0.0,0.0,0.0,1.0,74.5,59.0,78.0,,,,,,1,Dfix,95.0,36.0,52.0,False,0.00030852417302799
0.0,,8.0,4,4,0.0,0.0,0.0,1.0,73.0,52.0,77.0,,,,,,2,Dfix,95.0,45.0,61.0,False,0.0010964285714285711
0.0,,8.0,4,4,0.0,0.0,0.0,1.0,78.0,65.0,80.0,,,,,,3,Dfix,95.0,34.0,57.0,False,0.00040712468193384227
0.0,,8.0,4,4,0.0,0.0,0.0,1.0,77.0,23.0,80.0,,,,,,4,Dfix,95.0,41.0,74.0,False,0.0014015277316506152
0.0,,8.0,4,4,0.0,0.0,0.0,1.0,74.5,66.0,80.0,,,,,,5,Dfix,95.0,31.0,45.0,False,0.0004263565891472869
0.0,,8.0,4,4,0.0,0.0,0.0,1.0,72.5,47.0,79.0,,,,,,6,Dfix,95.0,41.0,59.0,False,0.0010726012404232038
0.0,,8.0,4,4,0.0,0.0,0.0,1.0,75.5,56.0,80.0,,,,,,7,Dfix,95.0,31.0,44.0,False,0.0010095824777549625
0.0,,8.0,4,4,0.0,0.0,0.0,1.0,77.5,68.0,80.0,,,,,,8,Dfix,95.0,34.0,52.0,False,0.0003751660026560426
0.0,,8.0,4,4,0.0,0.0,0.0,1.0,72.0,56.0,80.0,,,,,,9,Dfix,95.0,32.0,47.0,False,0.0005865197666882698
0.0,,8.0,4,4,0.0,0.0,0.0,1.0,74.0,55.0,80.0,,,,,,10,Dfix,95.0,38.0,58.0,False,0.000751597143930853
0.0,,8.0,4,4,0.0,0.0,0.0,1.0,76.0,57.0,80.0,,,,,,11,Dfix,95.0,35.0,51.0,False,0.0004296455424274974
0.0,,8.0,4,4,0.0,0.0,0.0,1.0,71.0,57.0,77.0,,,,,,12,Dfix,95.0,35.0,58.0,False,0.0002737896494156929
0.0,,8.0,4,4,0.0,0.0,0.0,1.0,68.5,60.0,78.0,,,,,,13,Dfix,95.0,32.0,59.0,False,0.000879082696316887
0.0,,8.0,4,4,0.0,0.0,0.0,1.0,74.5,69.0,80.0,,,,,,14,Dfix,95.0,34.0,50.0,False,0.0003962017026850033
0.0,,8.0,4,4,0.0,0.0,0.0,1.0,78.5,72.0,79.0,,,,,,15,Dfix,95.0,39.0,61.0,False,0.00032791817087845967
0.0,,8.0,4,4,0.0,0.0,0.0,1.0,76.5,65.0,80.0,,,,,,16,Dfix,95.0,38.0,51.0,False,0.0009883720930232561
0.0,,8.0,4,4,0.0,0.0,0.0,1.0,76.5,55.0,80.0,,,,,,17,Dfix,95.0,51.0,61.0,False,0.0008013293943870018
0.0,,8.0,4,4,0.0,0.0,0.0,1.0,71.5,38.0,78.0,,,,,,18,Dfix,95.0,48.0,68.0,False,0.0011684420772303597
0.0,,8.0,4,4,0.0,0.0,0.0,1.0,70.5,59.0,78.0,,,,,,19,Dfix,95.0,53.0,67.0,False,0.001047227926078029
0.0,,8.0,4,4,0.0,0.0,0.0,1.0,78.0,72.0,80.0,,,,,,20,Dfix,95.0,27.0,36.0,False,0.00016918967052537848
0.0,,8.0,4,4,0.0,0.0,0.0,1.0,76.5,63.0,79.0,,,,,,21,Dfix,95.0,47.0,65.0,False,0.0004403948367501899
0.0,,8.0,4,4,0.0,0.0,0.0,1.0,64.5,32.0,80.0,,,,,,22,Dfix,95.0,54.0,71.0,False,0.0011017520215633424
0.0,,8.0,4,4,0.0,0.0,0.0,1.0,69.0,58.0,78.0,,,,,,23,Dfix,95.0,41.0,56.0,False,0.0006212914485165797
0.0,,8.0,4,4,0.0,0.0,0.0,1.0,73.5,50.0,80.0,,,,,,24,Dfix,95.0,43.0,56.0,False,0.0006646341463414636
0.0,,8.0,4,4,0.0,0.0,0.0,1.0,72.5,62.0,79.0,,,,,,25,Dfix,95.0,37.0,43.0,False,0.0004379038047379758
0.0,,8.0,4,4,0.0,0.0,0.0,1.0,71.0,45.0,78.0,,,,,,26,Dfix,95.0,48.0,69.0,False,0.0009207419898819563
0.0,,8.0,4,4,0.0,0.0,0.0,1.0,73.0,42.0,80.0,,,,,,27,Dfix,95.0,42.0,61.0,False,0.0005039267015706808
0.0,,8.0,4,4,0.0,0.0,0.0,1.0,76.0,66.0,80.0,,,,,,28,Dfix,95.0,33.0,51.0,False,0.00028228423101881903
0.0,,8.0,4,4,0.0,0.0,0.0,1.0,72.5,64.0,80.0,,,,,,29,Dfix,95.0,37.0,49.0,False,0.0007053941908713694
0.0,,8.0,4,4,0.0,0.0,0.0,1.0,74.0,67.0,80.0,,,,,,30,Dfix,95.0,33.0,45.0,False,0.0015395530329904224
0.0,,8.0,4,4,0.0,0.0,0.0,1.0,79.5,63.0,80.0,,,,,,31,Dfix,95.0,32.0,50.0,False,0.0014656488549618326
0.0,,8.0,4,4,0.0,0.0,0.0,1.0,69.5,53.0,79.0,,,,,,32,Dfix,95.0,36.0,46.0,False,0.0004914170313025919
0.0,,8.0,4,4,0.0,0.0,0.0,1.0,76.5,69.0,80.0,,,,,,33,Dfix,95.0,39.0,54.0,False,0.0010659536541889484
0.0,,8.0,4,4,0.0,0.0,0.0,1.0,76.0,64.0,80.0,,,,,,34,Dfix,95.0,40.0,67.0,False,0.0005335365853658537
0.0,,8.0,4,4,0.03875000000000002,0.0,0.31000000000000016,0.875,73.0,53.0,80.0,,,,,,35,Dfix,95.0,32.0,50.0,False,0.001051253273475496
0.0,,8.0,4,4,0.0,0.0,0.0,1.0,74.5,62.0,78.0,,,,,,36,Dfix,95.0,34.0,39.0,False,0.0010132827324478178
0.0,,8.0,4,4,0.0,0.0,0.0,1.0,66.0,42.0,79.0,,,,,,37,Dfix,95.0,40.0,54.0,False,0.0008324974924774325
0.0,,8.0,4,4,0.0,0.0,0.0,1.0,75.5,53.0,80.0,,,,,,38,Dfix,95.0,43.0,58.0,False,0.0014276002719238617
0.0,,8.0,4,4,0.0,0.0,0.0,1.0,73.0,58.0,80.0,,,,,,39,Dfix,95.0,34.0,46.0,False,0.0006446111869031378
0.0,,8.0,4,4,0.06000000000000004,0.0,0.45000000000000007,0.75,69.5,7.0,79.0,,,,,,40,Dfix,95.0,34.0,57.0,False,0.003559857763729752
0.0,,8.0,4,4,0.0,0.0,0.0,1.0,72.0,45.0,80.0,,,,,,41,Dfix,95.0,40.0,54.0,False,0.0013832853025936601
0.0,,8.0,4,4,0.00625,0.0,0.05,0.875,61.5,52.0,79.0,,,,,,42,Dfix,95.0,40.0,53.0,False,0.0008185626812761843
0.0,,8.0,4,4,0.0,0.0,0.0,1.0,77.0,66.0,80.0,,,,,,43,Dfix,95.0,40.0,58.0,False,0.000381578947368421
0.0,,8.0,4,4,0.0,0.0,0.0,1.0,71.5,63.0,79.0,,,,,,44,Dfix,95.0,35.0,51.0,False,0.000872899926953981
0.0,,8.0,4,4,0.0,0.0,0.0,1.0,78.0,60.0,80.0,,,,,,45,Dfix,95.0,42.0,65.0,False,0.0004968062455642301
0.0,,8.0,4,4,0.007500000000000001,0.0,0.060000000000000005,0.875,73.0,59.0,77.0,,,,,,46,Dfix,95.0,37.0,52.0,False,0.0007188612099644129
0.0,,8.0,4,4,0.0,0.0,0.0,1.0,74.5,67.0,79.0,,,,,,47,Dfix,95.0,45.0,62.0,False,0.0012561657349556068
0.0,,8.0,4,4,0.0,0.0,0.0,1.0,76.5,54.0,79.0,,,,,,48,Dfix,95.0,41.0,59.0,False,0.00048756218905472644
0.0,,8.0,4,4,0.0,0.0,0.0,1.0,69.5,47.0,80.0,,,,,,49,Dfix,95.0,34.0,61.0,False,0.0006895435415992232
0.0,,8.0,4,4,0.0,0.0,0.0,1.0,78.0,60.0,80.0,,,,,,50,Dfix,95.0,43.0,68.0,False,0.0011502265597769256
0.0,,8.0,4,4,0.0,0.0,0.0,1.0,71.5,60.0,79.0,,,,,,51,Dfix,95.0,38.0,54.0,False,0.0008587167854828256
0.0,,8.0,4,4,0.00625,0.0,0.05,0.875,77.5,67.0,80.0,,,,,,52,Dfix,95.0,38.0,46.0,False,0.0009068881966078231
0.0,,8.0,4,4,0.0,0.0,0.0,1.0,74.5,63.0,80.0,,,,,,53,Dfix,95.0,36.0,62.0,False,0.0010970017636684304
0.0,,8.0,4,4,0.0,0.0,0.0,1.0,75.0,70.0,80.0,,,,,,54,Dfix,95.0,28.0,38.0,False,0.0006649427410417438
0.0,,8.0,4,4,0.0,0.0,0.0,1.0,72.5,69.0,77.0,,,,,,55,Dfix,95.0,34.0,55.0,False,0.0009921752738654146
0.0,,8.0,4,4,0.07625000000000003,0.0,0.6100000000000002,0.875,68.5,11.0,77.0,,,,,,56,Dfix,95.0,37.0,66.0,False,0.010335429769392035
0.0,,8.0,4,4,0.0,0.0,0.0,1.0,76.0,68.0,79.0,,,,,,57,Dfix,95.0,37.0,56.0,False,0.00040157998683344314
0.0,,8.0,4,4,0.0,0.0,0.0,1.0,74.0,25.0,79.0,,,,,,58,Dfix,95.0,37.0,71.0,False,0.0029887793267596077
0.0,,8.0,4,4,0.0,0.0,0.0,1.0,67.5,51.0,77.0,,,,,,59,Dfix,95.0,40.0,76.0,False,0.0032522606797630188
0.0,,8.0,4,4,0.1575,0.0,0.63,0.75,48.0,41.0,52.0,,,,,,0,MIX_F,61.0,35.0,46.0,False,0.008246905319504852
0.0,,8.0,4,4,0.0,0.0,0.0,1.0,53.5,43.0,55.0,,,,,,1,MIX_F,63.0,36.0,52.0,False,0.004158653846153847
0.0,,8.0,4,4,0.0,0.0,0.0,1.0,63.5,54.0,68.0,,,,,,2,MIX_F,79.0,45.0,61.0,False,0.0017257525083612041
0.0,,8.0,4,4,0.0025,0.0,0.01,0.75,53.0,44.0,57.0,,,,,,3,MIX_F,60.0,34.0,57.0,False,0.0057066029279952205
0.0,,8.0,4,4,0.0,0.0,0.0,1.0,46.0,33.0,76.0,,,,,,4,MIX_F,72.0,41.0,74.0,False,0.008957151858853185
0.0,,8.0,4,4,0.0,0.0,0.0,1.0,45.5,26.0,51.0,,,,,,5,MIX_F,54.0,31.0,45.0,False,0.007342848466443973
0.0,,8.0,4,4,0.0,0.0,0.0,1.0,62.5,47.0,68.0,,,,,,6,MIX_F,72.0,41.0,59.0,False,0.0037841530054644815
0.0,,8.0,4,4,0.0,0.0,0.0,1.0,41.0,31.0,52.0,,,,,,7,MIX_F,54.0,31.0,44.0,False,0.009146889031430405
0.0,,8.0,4,4,0.0,0.0,0.0,1.0,45.0,42.0,64.0,,,,,,8,MIX_F,60.0,34.0,52.0,False,0.0036545682102628297
0.0,,8.0,4,4,0.005,0.0,0.02,0.75,41.5,24.0,60.0,,,,,,9,MIX_F,56.0,32.0,47.0,False,0.007439172749391729
0.0,,8.0,4,4,0.0,0.0,0.0,1.0,48.5,42.0,70.0,,,,,,10,MIX_F,66.0,38.0,58.0,False,0.0058359621451104125
0.0,,8.0,4,4,0.0,0.0,0.0,1.0,46.5,40.0,65.0,,,,,,11,MIX_F,61.0,35.0,51.0,False,0.00658244680851064
0.0,,8.0,4,4,0.0,0.0,0.0,1.0,45.0,33.0,56.0,,,,,,12,MIX_F,61.0,35.0,58.0,False,0.006130136986301372
0.0,,8.0,4,4,0.0125,0.0,0.05,0.75,37.0,25.0,46.0,,,,,,13,MIX_F,56.0,32.0,59.0,False,0.008360975609756098
0.0,,8.0,4,4,0.0,0.0,0.0,1.0,44.0,40.0,50.0,,,,,,14,MIX_F,60.0,34.0,50.0,False,0.005337858685590868
0.0,,8.0,4,4,0.0,0.0,0.0,1.0,59.0,57.0,72.0,,,,,,15,MIX_F,68.0,39.0,61.0,False,0.0035250987027636775
0.0,,8.0,4,4,0.0,0.0,0.0,1.0,59.0,57.0,70.0,,,,,,16,MIX_F,66.0,38.0,51.0,False,0.0038815566835871417
0.0,,8.0,4,4,0.0,0.0,0.0,1.0,59.5,44.0,67.0,,,,,,17,MIX_F,89.0,51.0,61.0,False,0.0011478322672352527
0.0,,8.0,4,4,0.0,0.0,0.0,1.0,69.5,69.0,73.0,,,,,,18,MIX_F,84.0,48.0,68.0,False,0.0028873461659829607
0.0,,8.0,4,4,0.0,0.0,0.0,1.0,74.0,69.0,80.0,,,,,,19,MIX_F,93.0,53.0,67.0,False,0.0010983440351470094
0.0,,8.0,4,4,0.0,0.0,0.0,1.0,37.5,34.0,51.0,,,,,,20,MIX_F,47.0,27.0,36.0,False,0.00483970753655793
0.0,,8.0,4,4,0.0,0.0,0.0,1.0,56.0,36.0,74.0,,,,,,21,MIX_F,82.0,47.0,65.0,False,0.0011372549019607844
0.0,,8.0,4,4,0.0,0.0,0.0,1.0,75.5,69.0,80.0,,,,,,22,MIX_F,94.0,54.0,71.0,False,0.00115
0.0,,8.0,4,4,0.0,0.0,0.0,1.0,66.0,47.0,76.0,,,,,,23,MIX_F,72.0,41.0,56.0,False,0.003294194390084802
0.0,,8.0,4,4,0.0,0.0,0.0,1.0,66.0,63.0,71.0,,,,,,24,MIX_F,75.0,43.0,56.0,False,0.0022515212981744424
0.0,,8.0,4,4,0.0,0.0,0.0,1.0,62.0,57.0,69.0,,,,,,25,MIX_F,65.0,37.0,43.0,False,0.004243343444556793
0.0,,8.0,4,4,0.0,0.0,0.0,1.0,61.5,45.0,71.0,,,,,,26,MIX_F,84.0,48.0,69.0,False,0.0022025153176394715
0.0,,8.0,4,4,0.0,0.0,0.0,1.0,65.5,56.0,78.0,,,,,,27,MIX_F,74.0,42.0,61.0,False,0.003413210445468511
0.0,,8.0,4,4,0.0,0.0,0.0,1.0,57.0,45.0,62.0,,,,,,28,MIX_F,58.0,33.0,51.0,False,0.006666666666666667
0.0,,8.0,4,4,0.0,0.0,0.0,1.0,58.0,28.0,69.0,,,,,,29,MIX_F,65.0,37.0,49.0,False,0.0036419753086419757
0.0,,8.0,4,4,0.0,0.0,0.0,1.0,56.0,44.0,62.0,,,,,,30,MIX_F,58.0,33.0,45.0,False,0.006919732441471573
0.0,,8.0,4,4,0.0025000000000000022,0.0,0.010000000000000009,0.75,56.0,47.0,60.0,,,,,,31,MIX_F,56.0,32.0,50.0,False,0.012326661901358116
0.0,,8.0,4,4,0.0,0.0,0.0,1.0,44.5,37.0,48.0,,,,,,32,MIX_F,63.0,36.0,46.0,False,0.005380263984915149
0.0,,8.0,4,4,0.0,0.0,0.0,1.0,60.0,55.0,72.0,,,,,,33,MIX_F,68.0,39.0,54.0,False,0.0040587449933244335
0.0,,8.0,4,4,0.0,0.0,0.0,1.0,53.0,50.0,57.0,,,,,,34,MIX_F,70.0,40.0,67.0,False,0.004822857142857144
0.0,,8.0,4,4,0.0,0.0,0.0,1.0,52.0,37.0,52.0,,,,,,35,MIX_F,56.0,32.0,50.0,False,0.0084461592423711
0.0,,8.0,4,4,0.0,0.0,0.0,1.0,50.5,27.0,52.0,,,,,,36,MIX_F,60.0,34.0,39.0,False,0.005216783216783218
0.0,,8.0,4,4,0.0,0.0,0.0,1.0,59.0,58.0,65.0,,,,,,37,MIX_F,70.0,40.0,54.0,False,0.0039460476787954845
0.0,,8.0,4,4,0.0,0.0,0.0,1.0,50.0,33.0,72.0,,,,,,38,MIX_F,75.0,43.0,58.0,False,0.0029894264658763222
0.0,,8.0,4,4,0.0,0.0,0.0,1.0,44.5,37.0,52.0,,,,,,39,MIX_F,60.0,34.0,46.0,False,0.0053483146067415735
0.0,,8.0,4,4,0.0,0.0,0.0,1.0,52.5,43.0,58.0,,,,,,40,MIX_F,60.0,34.0,57.0,False,0.011813206858810656
0.0,,8.0,4,4,0.0,0.0,0.0,1.0,63.5,53.0,74.0,,,,,,41,MIX_F,70.0,40.0,54.0,False,0.005899595687331538
0.0,,8.0,4,4,0.0,0.0,0.0,1.0,56.5,29.0,66.0,,,,,,42,MIX_F,70.0,40.0,53.0,False,0.0016956389143031416
0.0,,8.0,4,4,0.0,0.0,0.0,1.0,63.5,59.0,68.0,,,,,,43,MIX_F,70.0,40.0,58.0,False,0.0023777089783281738
0.0,,8.0,4,4,0.0,0.0,0.0,1.0,43.0,39.0,53.0,,,,,,44,MIX_F,61.0,35.0,51.0,False,0.006635103145079474
0.0,,8.0,4,4,0.0,0.0,0.0,1.0,53.5,40.0,78.0,,,,,,45,MIX_F,74.0,42.0,65.0,False,0.0037986798679867997
0.0,,8.0,4,4,0.0,0.0,0.0,1.0,62.5,52.0,69.0,,,,,,46,MIX_F,65.0,37.0,52.0,False,0.004933244325767691
0.0,,8.0,4,4,0.0,0.0,0.0,1.0,69.5,68.0,75.0,,,,,,47,MIX_F,79.0,45.0,62.0,False,0.003177860696517414
0.0,,8.0,4,4,0.0,0.0,0.0,1.0,61.5,54.0,67.0,,,,,,48,MIX_F,72.0,41.0,59.0,False,0.00268429237947123
0.0,,8.0,4,4,0.0,0.0,0.0,1.0,45.0,34.0,64.0,,,,,,49,MIX_F,60.0,34.0,61.0,False,0.005337386018237082
0.0,,8.0,4,4,0.0,0.0,0.0,1.0,62.0,39.0,67.0,,,,,,50,MIX_F,75.0,43.0,68.0,False,0.004541858932102836
0.0,,8.0,4,4,0.010000000000000002,0.0,0.04000000000000001,0.75,52.5,37.0,63.0,,,,,,51,MIX_F,66.0,38.0,54.0,False,0.006655498020103566
0.0,,8.0,4,4,0.0,0.0,0.0,1.0,53.0,44.0,63.0,,,,,,52,MIX_F,66.0,38.0,46.0,False,0.00344092963202066
0.0,,8.0,4,4,0.0,0.0,0.0,1.0,67.0,54.0,67.0,,,,,,53,MIX_F,63.0,36.0,62.0,False,0.013734385272846816
0.0,,8.0,4,4,0.0125,0.0,0.05,0.75,41.5,33.0,53.0,,,,,,54,MIX_F,49.0,28.0,38.0,False,0.011248717071501884
0.0,,8.0,4,4,0.0,0.0,0.0,1.0,50.5,46.0,54.0,,,,,,55,MIX_F,60.0,34.0,55.0,False,0.007134399052693902
0.0,,8.0,4,4,0.0,0.0,0.0,1.0,58.0,53.0,69.0,,,,,,56,MIX_F,65.0,37.0,66.0,False,0.008626208736245415
0.0,,8.0,4,4,0.01,0.0,0.04,0.75,60.5,10.0,69.0,,,,,,57,MIX_F,65.0,37.0,56.0,False,0.004590470258486455
0.0,,8.0,4,4,0.0,0.0,0.0,1.0,62.0,56.0,69.0,,,,,,58,MIX_F,65.0,37.0,71.0,False,0.004256
0.0,,8.0,4,4,0.0,0.0,0.0,1.0,64.0,44.0,74.0,,,,,,59,MIX_F,70.0,40.0,76.0,False,0.010681350954478709
0.0,,8.0,4,4,0.0,0.0,0.0,1.0,47.5,35.0,52.0,,,,,,0,MIX_M,61.0,35.0,46.0,False,0.008246905319504852
0.0,,8.0,4,4,0.0,0.0,0.0,1.0,56.0,53.0,67.0,,,,,,1,MIX_M,63.0,36.0,52.0,False,0.004158653846153847
0.0,,8.0,4,4,0.0,0.0,0.0,1.0,65.0,62.0,71.0,,,,,,2,MIX_M,79.0,45.0,61.0,False,0.0017257525083612041
0.0,,8.0,4,4,0.0125,0.0,0.05,0.75,41.0,39.0,56.0,,,,,,3,MIX_M,60.0,34.0,57.0,False,0.0057066029279952205
0.0,,8.0,4,4,0.0,0.0,0.0,1.0,70.5,62.0,76.0,,,,,,4,MIX_M,72.0,41.0,74.0,False,0.008957151858853185
0.0,,8.0,4,4,0.0,0.0,0.0,1.0,41.0,31.0,58.0,,,,,,5,MIX_M,54.0,31.0,45.0,False,0.007342848466443973
0.0,,8.0,4,4,0.07499999999999998,0.0,0.29999999999999993,0.75,49.0,33.0,62.0,,,,,,6,MIX_M,72.0,41.0,59.0,False,0.0037841530054644815
0.0,,8.0,4,4,0.0,0.0,0.0,1.0,40.5,37.0,45.0,,,,,,7,MIX_M,54.0,31.0,44.0,False,0.009146889031430405
1.0,19.0,81.0,4,4,0.2,0.0,0.8,0.75,49.0,36.0,52.0,,,,,,8,MIX_M,60.0,34.0,52.0,False,0.0036545682102628297
0.0,,8.0,4,4,0.0,0.0,0.0,1.0,48.0,32.0,60.0,,,,,,9,MIX_M,56.0,32.0,47.0,False,0.007439172749391729
0.0,,8.0,4,4,0.0,0.0,0.0,1.0,55.5,53.0,58.0,,,,,,10,MIX_M,66.0,38.0,58.0,False,0.0058359621451104125
0.0,,8.0,4,4,0.0,0.0,0.0,1.0,47.0,23.0,57.0,,,,,,11,MIX_M,61.0,35.0,51.0,False,0.00658244680851064
0.0,,8.0,4,4,0.0,0.0,0.0,1.0,47.0,41.0,65.0,,,,,,12,MIX_M,61.0,35.0,58.0,False,0.006130136986301372
0.0,,8.0,4,4,0.0,0.0,0.0,1.0,43.5,34.0,53.0,,,,,,13,MIX_M,56.0,32.0,59.0,False,0.008360975609756098
0.0,,8.0,4,4,0.0,0.0,0.0,1.0,51.0,48.0,64.0,,,,,,14,MIX_M,60.0,34.0,50.0,False,0.005337858685590868
0.0,,8.0,4,4,0.0,0.0,0.0,1.0,49.0,43.0,66.0,,,,,,15,MIX_M,68.0,39.0,61.0,False,0.0035250987027636775
0.0,,8.0,4,4,0.0,0.0,0.0,1.0,59.5,44.0,70.0,,,,,,16,MIX_M,66.0,38.0,51.0,False,0.0038815566835871417
0.0,,8.0,4,4,0.0,0.0,0.0,1.0,79.0,64.0,80.0,,,,,,17,MIX_M,89.0,51.0,61.0,False,0.0011478322672352527
0.0,,8.0,4,4,0.0,0.0,0.0,1.0,76.0,44.0,79.0,,,,,,18,MIX_M,84.0,48.0,68.0,False,0.0028873461659829607
0.0,,8.0,4,4,0.0,0.0,0.0,1.0,75.5,56.0,80.0,,,,,,19,MIX_M,93.0,53.0,67.0,False,0.0010983440351470094
0.0,,8.0,4,4,0.0,0.0,0.0,1.0,37.5,26.0,42.0,,,,,,20,MIX_M,47.0,27.0,36.0,False,0.00483970753655793
0.0,,8.0,4,4,0.0,0.0,0.0,1.0,60.0,36.0,64.0,,,,,,21,MIX_M,82.0,47.0,65.0,False,0.0011372549019607844
0.0,,8.0,4,4,0.04000000000000003,0.0,0.16000000000000011,0.75,60.0,40.0,73.0,,,,,,22,MIX_M,94.0,54.0,71.0,False,0.00115
0.0,,8.0,4,4,0.0,0.0,0.0,1.0,63.0,49.0,76.0,,,,,,23,MIX_M,72.0,41.0,56.0,False,0.003294194390084802
0.0,,8.0,4,4,0.0,0.0,0.0,1.0,59.5,41.0,70.0,,,,,,24,MIX_M,75.0,43.0,56.0,False,0.0022515212981744424
0.0,,8.0,4,4,0.0,0.0,0.0,1.0,58.0,47.0,69.0,,,,,,25,MIX_M,65.0,37.0,43.0,False,0.004243343444556793
0.0,,8.0,4,4,0.0,0.0,0.0,1.0,68.5,67.0,75.0,,,,,,26,MIX_M,84.0,48.0,69.0,False,0.0022025153176394715
0.0,,8.0,4,4,0.0,0.0,0.0,1.0,56.5,33.0,66.0,,,,,,27,MIX_M,74.0,42.0,61.0,False,0.003413210445468511
0.0,,8.0,4,4,0.0,0.0,0.0,1.0,43.5,28.0,62.0,,,,,,28,MIX_M,58.0,33.0,51.0,False,0.006666666666666667
0.0,,8.0,4,4,0.0,0.0,0.0,1.0,60.0,42.0,63.0,,,,,,29,MIX_M,65.0,37.0,49.0,False,0.0036419753086419757
0.0,,8.0,4,4,0.0,0.0,0.0,1.0,50.0,40.0,62.0,,,,,,30,MIX_M,58.0,33.0,45.0,False,0.006919732441471573
0.0,,8.0,4,4,0.0,0.0,0.0,1.0,48.0,44.0,54.0,,,,,,31,MIX_M,56.0,32.0,50.0,False,0.012326661901358116
0.0,,8.0,4,4,0.0,0.0,0.0,1.0,50.0,30.0,53.0,,,,,,32,MIX_M,63.0,36.0,46.0,False,0.005380263984915149
0.0,,8.0,4,4,0.0,0.0,0.0,1.0,58.0,49.0,64.0,,,,,,33,MIX_M,68.0,39.0,54.0,False,0.0040587449933244335
0.0,,8.0,4,4,0.0,0.0,0.0,1.0,52.0,20.0,60.0,,,,,,34,MIX_M,70.0,40.0,67.0,False,0.004822857142857144
0.0,,8.0,4,4,0.0025,0.0,0.01,0.75,46.0,42.0,52.0,,,,,,35,MIX_M,56.0,32.0,50.0,False,0.0084461592423711
0.0,,8.0,4,4,0.0,0.0,0.0,1.0,42.0,33.0,56.0,,,,,,36,MIX_M,60.0,34.0,39.0,False,0.005216783216783218
0.0,,8.0,4,4,0.0,0.0,0.0,1.0,59.5,59.0,74.0,,,,,,37,MIX_M,70.0,40.0,54.0,False,0.0039460476787954845
0.0,,8.0,4,4,0.0,0.0,0.0,1.0,63.5,31.0,67.0,,,,,,38,MIX_M,75.0,43.0,58.0,False,0.0029894264658763222
0.0,,8.0,4,4,0.0,0.0,0.0,1.0,46.0,37.0,55.0,,,,,,39,MIX_M,60.0,34.0,46.0,False,0.0053483146067415735
0.0,,8.0,4,4,0.0,0.0,0.0,1.0,45.0,24.0,64.0,,,,,,40,MIX_M,60.0,34.0,57.0,False,0.011813206858810656
0.0,,8.0,4,4,0.0,0.0,0.0,1.0,50.5,38.0,60.0,,,,,,41,MIX_M,70.0,40.0,54.0,False,0.005899595687331538
1.0,19.0,91.0,4,4,0.06250000000000006,0.0,0.2500000000000002,0.75,63.5,44.0,74.0,,,,,,42,MIX_M,70.0,40.0,53.0,False,0.0016956389143031416
0.0,,8.0,4,4,0.02,0.0,0.08,0.75,57.0,49.0,74.0,,,,,,43,MIX_M,70.0,40.0,58.0,False,0.0023777089783281738
0.0,,8.0,4,4,0.0,0.0,0.0,1.0,47.5,29.0,65.0,,,,,,44,MIX_M,61.0,35.0,51.0,False,0.006635103145079474
0.0,,8.0,4,4,0.0,0.0,0.0,1.0,58.0,43.0,67.0,,,,,,45,MIX_M,74.0,42.0,65.0,False,0.0037986798679867997
0.0,,8.0,4,4,0.0,0.0,0.0,1.0,51.5,44.0,57.0,,,,,,46,MIX_M,65.0,37.0,52.0,False,0.004933244325767691
0.0,,8.0,4,4,0.0,0.0,0.0,1.0,48.5,46.0,67.0,,,,,,47,MIX_M,79.0,45.0,62.0,False,0.003177860696517414
0.0,,8.0,4,4,0.0,0.0,0.0,1.0,76.0,76.0,76.0,,,,,,48,MIX_M,72.0,41.0,59.0,False,0.00268429237947123
0.0,,8.0,4,4,0.0,0.0,0.0,1.0,51.0,48.0,54.0,,,,,,49,MIX_M,60.0,34.0,61.0,False,0.005337386018237082
0.0,,8.0,4,4,0.0,0.0,0.0,1.0,51.0,40.0,79.0,,,,,,50,MIX_M,75.0,43.0,68.0,False,0.004541858932102836
0.0,,8.0,4,4,0.0,0.0,0.0,1.0,49.5,46.0,55.0,,,,,,51,MIX_M,66.0,38.0,54.0,False,0.006655498020103566
0.0,,8.0,4,4,0.0,0.0,0.0,1.0,54.0,50.0,57.0,,,,,,52,MIX_M,66.0,38.0,46.0,False,0.00344092963202066
0.0,,8.0,4,4,0.02,0.0,0.08,0.75,51.5,41.0,52.0,,,,,,53,MIX_M,63.0,36.0,62.0,False,0.013734385272846816
0.0,,8.0,4,4,0.005000000000000032,0.0,0.02000000000000013,0.75,40.0,24.0,46.0,,,,,,54,MIX_M,49.0,28.0,38.0,False,0.011248717071501884
0.0,,8.0,4,4,0.0,0.0,0.0,1.0,44.5,41.0,55.0,,,,,,55,MIX_M,60.0,34.0,55.0,False,0.007134399052693902
0.0,,8.0,4,4,0.0,0.0,0.0,1.0,55.5,37.0,69.0,,,,,,56,MIX_M,65.0,37.0,66.0,False,0.008626208736245415
0.0,,8.0,4,4,0.0,0.0,0.0,1.0,59.5,56.0,69.0,,,,,,57,MIX_M,65.0,37.0,56.0,False,0.004590470258486455
0.0,,8.0,4,4,0.0225,0.0,0.09,0.75,55.5,44.0,59.0,,,,,,58,MIX_M,65.0,37.0,71.0,False,0.004256
0.0,,8.0,4,4,0.0,0.0,0.0,1.0,65.5,52.0,74.0,,,,,,59,MIX_M,70.0,40.0,76.0,False,0.010681350954478709
0.0,,8.0,4,4,0.0,0.0,0.0,1.0,65.5,62.0,73.0,,,,,,0,MIXfix_F,95.0,35.0,46.0,False,0.0005413208228076509
0.0,,8.0,4,4,0.0,0.0,0.0,1.0,77.0,68.0,79.0,,,,,,1,MIXfix_F,95.0,36.0,52.0,False,0.00030852417302799
0.0,,8.0,4,4,0.0,0.0,0.0,1.0,63.5,42.0,77.0,,,,,,2,MIXfix_F,95.0,45.0,61.0,False,0.0010964285714285711
0.0,,8.0,4,4,0.0,0.0,0.0,1.0,79.0,78.0,80.0,,,,,,3,MIXfix_F,95.0,34.0,57.0,False,0.00040712468193384227
0.0,,8.0,4,4,0.0,0.0,0.0,1.0,76.5,56.0,77.0,,,,,,4,MIXfix_F,95.0,41.0,74.0,False,0.0014015277316506152
0.0,,8.0,4,4,0.0,0.0,0.0,1.0,77.0,72.0,80.0,,,,,,5,MIXfix_F,95.0,31.0,45.0,False,0.0004263565891472869
0.0,,8.0,4,4,0.0,0.0,0.0,1.0,68.5,58.0,73.0,,,,,,6,MIXfix_F,95.0,41.0,59.0,False,0.0010726012404232038
0.0,,8.0,4,4,0.0,0.0,0.0,1.0,77.0,73.0,79.0,,,,,,7,MIXfix_F,95.0,31.0,44.0,False,0.0010095824777549625
0.0,,8.0,4,4,0.0,0.0,0.0,1.0,74.0,65.0,75.0,,,,,,8,MIXfix_F,95.0,34.0,52.0,False,0.0003751660026560426
0.0,,8.0,4,4,0.0,0.0,0.0,1.0,72.5,49.0,77.0,,,,,,9,MIXfix_F,95.0,32.0,47.0,False,0.0005865197666882698
0.0,,8.0,4,4,0.0,0.0,0.0,1.0,70.0,63.0,80.0,,,,,,10,MIXfix_F,95.0,38.0,58.0,False,0.000751597143930853
0.0,,8.0,4,4,0.0,0.0,0.0,1.0,71.5,66.0,80.0,,,,,,11,MIXfix_F,95.0,35.0,51.0,False,0.0004296455424274974
0.0,,8.0,4,4,0.0,0.0,0.0,1.0,77.5,68.0,79.0,,,,,,12,MIXfix_F,95.0,35.0,58.0,False,0.0002737896494156929
0.0,,8.0,4,4,0.0,0.0,0.0,1.0,71.0,64.0,78.0,,,,,,13,MIXfix_F,95.0,32.0,59.0,False,0.000879082696316887
0.0,,8.0,4,4,0.0,0.0,0.0,1.0,71.5,69.0,78.0,,,,,,14,MIXfix_F,95.0,34.0,50.0,False,0.0003962017026850033
0.0,,8.0,4,4,0.0,0.0,0.0,1.0,74.0,70.0,77.0,,,,,,15,MIXfix_F,95.0,39.0,61.0,False,0.00032791817087845967
0.0,,8.0,4,4,0.0,0.0,0.0,1.0,76.5,74.0,78.0,,,,,,16,MIXfix_F,95.0,38.0,51.0,False,0.0009883720930232561
0.0,,8.0,4,4,0.0,0.0,0.0,1.0,76.0,65.0,77.0,,,,,,17,MIXfix_F,95.0,51.0,61.0,False,0.0008013293943870018
0.0,,8.0,4,4,0.0,0.0,0.0,1.0,66.0,33.0,80.0,,,,,,18,MIXfix_F,95.0,48.0,68.0,False,0.0011684420772303597
0.0,,8.0,4,4,0.0,0.0,0.0,1.0,73.0,67.0,76.0,,,,,,19,MIXfix_F,95.0,53.0,67.0,False,0.001047227926078029
0.0,,8.0,4,4,0.0,0.0,0.0,1.0,79.5,77.0,80.0,,,,,,20,MIXfix_F,95.0,27.0,36.0,False,0.00016918967052537848
0.0,,8.0,4,4,0.0,0.0,0.0,1.0,71.5,43.0,80.0,,,,,,21,MIXfix_F,95.0,47.0,65.0,False,0.0004403948367501899
0.0,,8.0,4,4,0.0,0.0,0.0,1.0,52.5,49.0,73.0,,,,,,22,MIXfix_F,95.0,54.0,71.0,False,0.0011017520215633424
0.0,,8.0,4,4,0.0,0.0,0.0,1.0,77.5,62.0,79.0,,,,,,23,MIXfix_F,95.0,41.0,56.0,False,0.0006212914485165797
0.0,,8.0,4,4,0.0175,0.0,0.07,0.75,76.5,48.0,79.0,,,,,,24,MIXfix_F,95.0,43.0,56.0,False,0.0006646341463414636
0.0,,8.0,4,4,0.0,0.0,0.0,1.0,65.0,53.0,70.0,,,,,,25,MIXfix_F,95.0,37.0,43.0,False,0.0004379038047379758
0.0,,8.0,4,4,0.0,0.0,0.0,1.0,63.0,48.0,68.0,,,,,,26,MIXfix_F,95.0,48.0,69.0,False,0.0009207419898819563
0.0,,8.0,4,4,0.0,0.0,0.0,1.0,76.5,75.0,77.0,,,,,,27,MIXfix_F,95.0,42.0,61.0,False,0.0005039267015706808
0.0,,8.0,4,4,0.0,0.0,0.0,1.0,71.5,68.0,78.0,,,,,,28,MIXfix_F,95.0,33.0,51.0,False,0.00028228423101881903
0.0,,8.0,4,4,0.0,0.0,0.0,1.0,73.5,66.0,77.0,,,,,,29,MIXfix_F,95.0,37.0,49.0,False,0.0007053941908713694
0.0,,8.0,4,4,0.0,0.0,0.0,1.0,77.5,74.0,80.0,,,,,,30,MIXfix_F,95.0,33.0,45.0,False,0.0015395530329904224
0.0,,8.0,4,4,0.0,0.0,0.0,1.0,79.0,77.0,80.0,,,,,,31,MIXfix_F,95.0,32.0,50.0,False,0.0014656488549618326
0.0,,8.0,4,4,0.0,0.0,0.0,1.0,76.5,70.0,80.0,,,,,,32,MIXfix_F,95.0,36.0,46.0,False,0.0004914170313025919
0.0,,8.0,4,4,0.0,0.0,0.0,1.0,77.5,75.0,79.0,,,,,,33,MIXfix_F,95.0,39.0,54.0,False,0.0010659536541889484
0.0,,8.0,4,4,0.0125,0.0,0.05,0.75,74.0,54.0,78.0,,,,,,34,MIXfix_F,95.0,40.0,67.0,False,0.0005335365853658537
0.0,,8.0,4,4,0.0,0.0,0.0,1.0,68.5,58.0,76.0,,,,,,35,MIXfix_F,95.0,32.0,50.0,False,0.001051253273475496
0.0,,8.0,4,4,0.0,0.0,0.0,1.0,75.0,69.0,79.0,,,,,,36,MIXfix_F,95.0,34.0,39.0,False,0.0010132827324478178
0.0,,8.0,4,4,0.0,0.0,0.0,1.0,76.0,59.0,80.0,,,,,,37,MIXfix_F,95.0,40.0,54.0,False,0.0008324974924774325
0.0,,8.0,4,4,0.0,0.0,0.0,1.0,74.0,72.0,77.0,,,,,,38,MIXfix_F,95.0,43.0,58.0,False,0.0014276002719238617
0.0,,8.0,4,4,0.0,0.0,0.0,1.0,73.0,70.0,77.0,,,,,,39,MIXfix_F,95.0,34.0,46.0,False,0.0006446111869031378
0.0,,10.0,4,4,0.11250000000000002,0.0,0.45000000000000007,0.75,77.5,7.0,80.0,,,,,,40,MIXfix_F,95.0,34.0,57.0,False,0.003559857763729752
0.0,,8.0,4,4,0.0,0.0,0.0,1.0,73.5,51.0,76.0,,,,,,41,MIXfix_F,95.0,40.0,54.0,False,0.0013832853025936601
0.0,,8.0,4,4,0.0,0.0,0.0,1.0,78.5,53.0,79.0,,,,,,42,MIXfix_F,95.0,40.0,53.0,False,0.0008185626812761843
0.0,,8.0,4,4,0.0,0.0,0.0,1.0,74.5,58.0,78.0,,,,,,43,MIXfix_F,95.0,40.0,58.0,False,0.000381578947368421
0.0,,8.0,4,4,0.0,0.0,0.0,1.0,74.5,73.0,77.0,,,,,,44,MIXfix_F,95.0,35.0,51.0,False,0.000872899926953981
0.0,,8.0,4,4,0.0175,0.0,0.07,0.75,76.0,63.0,80.0,,,,,,45,MIXfix_F,95.0,42.0,65.0,False,0.0004968062455642301
0.0,,8.0,4,4,0.0,0.0,0.0,1.0,75.5,60.0,79.0,,,,,,46,MIXfix_F,95.0,37.0,52.0,False,0.0007188612099644129
0.0,,8.0,4,4,0.0,0.0,0.0,1.0,71.5,69.0,78.0,,,,,,47,MIXfix_F,95.0,45.0,62.0,False,0.0012561657349556068
0.0,,8.0,4,4,0.0,0.0,0.0,1.0,78.0,56.0,79.0,,,,,,48,MIXfix_F,95.0,41.0,59.0,False,0.00048756218905472644
0.0,,8.0,4,4,0.0,0.0,0.0,1.0,78.5,76.0,80.0,,,,,,49,MIXfix_F,95.0,34.0,61.0,False,0.0006895435415992232
0.0,,8.0,4,4,0.0,0.0,0.0,1.0,72.0,70.0,74.0,,,,,,50,MIXfix_F,95.0,43.0,68.0,False,0.0011502265597769256
0.0,,8.0,4,4,0.0,0.0,0.0,1.0,78.5,76.0,80.0,,,,,,51,MIXfix_F,95.0,38.0,54.0,False,0.0008587167854828256
0.0,,8.0,4,4,0.0,0.0,0.0,1.0,76.0,65.0,80.0,,,,,,52,MIXfix_F,95.0,38.0,46.0,False,0.0009068881966078231
0.0,,8.0,4,4,0.0,0.0,0.0,1.0,76.0,72.0,79.0,,,,,,53,MIXfix_F,95.0,36.0,62.0,False,0.0010970017636684304
0.0,,8.0,4,4,0.0,0.0,0.0,1.0,74.5,71.0,79.0,,,,,,54,MIXfix_F,95.0,28.0,38.0,False,0.0006649427410417438
0.0,,8.0,4,4,0.0,0.0,0.0,1.0,68.0,64.0,72.0,,,,,,55,MIXfix_F,95.0,34.0,55.0,False,0.0009921752738654146
0.0,,8.0,4,4,0.0,0.0,0.0,1.0,78.0,70.0,79.0,,,,,,56,MIXfix_F,95.0,37.0,66.0,False,0.010335429769392035
0.0,,8.0,4,4,0.0,0.0,0.0,1.0,78.5,67.0,80.0,,,,,,57,MIXfix_F,95.0,37.0,56.0,False,0.00040157998683344314
0.0,,8.0,4,4,0.0,0.0,0.0,1.0,78.5,73.0,79.0,,,,,,58,MIXfix_F,95.0,37.0,71.0,False,0.0029887793267596077
0.0,,8.0,4,4,0.0,0.0,0.0,1.0,67.0,47.0,70.0,,,,,,59,MIXfix_F,95.0,40.0,76.0,False,0.0032522606797630188
0.0,,8.0,4,4,0.0,0.0,0.0,1.0,75.0,68.0,80.0,,,,,,0,MIXfix_M,95.0,35.0,46.0,False,0.0005413208228076509
0.0,,8.0,4,4,0.0,0.0,0.0,1.0,72.5,67.0,79.0,,,,,,1,MIXfix_M,95.0,36.0,52.0,False,0.00030852417302799
0.0,,8.0,4,4,0.0,0.0,0.0,1.0,77.5,55.0,80.0,,,,,,2,MIXfix_M,95.0,45.0,61.0,False,0.0010964285714285711
0.0,,8.0,4,4,0.0,0.0,0.0,1.0,77.0,63.0,80.0,,,,,,3,MIXfix_M,95.0,34.0,57.0,False,0.00040712468193384227
0.0,,8.0,4,4,0.0,0.0,0.0,1.0,76.0,68.0,80.0,,,,,,4,MIXfix_M,95.0,41.0,74.0,False,0.0014015277316506152
0.0,,8.0,4,4,0.0,0.0,0.0,1.0,78.0,68.0,79.0,,,,,,5,MIXfix_M,95.0,31.0,45.0,False,0.0004263565891472869
0.0,,8.0,4,4,0.0,0.0,0.0,1.0,69.0,57.0,77.0,,,,,,6,MIXfix_M,95.0,41.0,59.0,False,0.0010726012404232038
0.0,,8.0,4,4,0.0,0.0,0.0,1.0,70.5,67.0,76.0,,,,,,7,MIXfix_M,95.0,31.0,44.0,False,0.0010095824777549625
0.0,,8.0,4,4,0.0,0.0,0.0,1.0,73.5,67.0,80.0,,,,,,8,MIXfix_M,95.0,34.0,52.0,False,0.0003751660026560426
0.0,,8.0,4,4,0.0,0.0,0.0,1.0,73.5,65.0,78.0,,,,,,9,MIXfix_M,95.0,32.0,47.0,False,0.0005865197666882698
0.0,,8.0,4,4,0.0,0.0,0.0,1.0,78.5,72.0,80.0,,,,,,10,MIXfix_M,95.0,38.0,58.0,False,0.000751597143930853
0.0,,8.0,4,4,0.0,0.0,0.0,1.0,69.0,51.0,77.0,,,,,,11,MIXfix_M,95.0,35.0,51.0,False,0.0004296455424274974
0.0,,8.0,4,4,0.0,0.0,0.0,1.0,67.5,63.0,80.0,,,,,,12,MIXfix_M,95.0,35.0,58.0,False,0.0002737896494156929
0.0,,8.0,4,4,0.0,0.0,0.0,1.0,74.0,61.0,80.0,,,,,,13,MIXfix_M,95.0,32.0,59.0,False,0.000879082696316887
0.0,,8.0,4,4,0.0,0.0,0.0,1.0,78.5,70.0,79.0,,,,,,14,MIXfix_M,95.0,34.0,50.0,False,0.0003962017026850033
0.0,,8.0,4,4,0.0,0.0,0.0,1.0,78.5,74.0,80.0,,,,,,15,MIXfix_M,95.0,39.0,61.0,False,0.00032791817087845967
0.0,,8.0,4,4,0.0,0.0,0.0,1.0,74.5,46.0,80.0,,,,,,16,MIXfix_M,95.0,38.0,51.0,False,0.0009883720930232561
0.0,,8.0,4,4,0.0,0.0,0.0,1.0,73.0,65.0,74.0,,,,,,17,MIXfix_M,95.0,51.0,61.0,False,0.0008013293943870018
0.0,,8.0,4,4,0.0,0.0,0.0,1.0,59.5,48.0,80.0,,,,,,18,MIXfix_M,95.0,48.0,68.0,False,0.0011684420772303597
0.0,,8.0,4,4,0.0,0.0,0.0,1.0,73.5,54.0,78.0,,,,,,19,MIXfix_M,95.0,53.0,67.0,False,0.001047227926078029
0.0,,8.0,4,4,0.0,0.0,0.0,1.0,76.0,70.0,77.0,,,,,,20,MIXfix_M,95.0,27.0,36.0,False,0.00016918967052537848
0.0,,8.0,4,4,0.0,0.0,0.0,1.0,74.0,67.0,75.0,,,,,,21,MIXfix_M,95.0,47.0,65.0,False,0.0004403948367501899
0.0,,8.0,4,4,0.0,0.0,0.0,1.0,79.0,75.0,80.0,,,,,,22,MIXfix_M,95.0,54.0,71.0,False,0.0011017520215633424
0.0,,8.0,4,4,0.0,0.0,0.0,1.0,68.5,61.0,79.0,,,,,,23,MIXfix_M,95.0,41.0,56.0,False,0.0006212914485165797
0.0,,8.0,4,4,0.0,0.0,0.0,1.0,75.5,69.0,78.0,,,,,,24,MIXfix_M,95.0,43.0,56.0,False,0.0006646341463414636
0.0,,8.0,4,4,0.0,0.0,0.0,1.0,76.0,65.0,80.0,,,,,,25,MIXfix_M,95.0,37.0,43.0,False,0.0004379038047379758
0.0,,8.0,4,4,0.0,0.0,0.0,1.0,66.5,52.0,80.0,,,,,,26,MIXfix_M,95.0,48.0,69.0,False,0.0009207419898819563
0.0,,8.0,4,4,0.0,0.0,0.0,1.0,74.0,53.0,77.0,,,,,,27,MIXfix_M,95.0,42.0,61.0,False,0.0005039267015706808
0.0,,8.0,4,4,0.0,0.0,0.0,1.0,76.5,69.0,80.0,,,,,,28,MIXfix_M,95.0,33.0,51.0,False,0.00028228423101881903
0.0,,8.0,4,4,0.0,0.0,0.0,1.0,69.0,68.0,76.0,,,,,,29,MIXfix_M,95.0,37.0,49.0,False,0.0007053941908713694
0.0,,8.0,4,4,0.0,0.0,0.0,1.0,73.5,65.0,80.0,,,,,,30,MIXfix_M,95.0,33.0,45.0,False,0.0015395530329904224
0.0,,8.0,4,4,0.0,0.0,0.0,1.0,78.0,57.0,80.0,,,,,,31,MIXfix_M,95.0,32.0,50.0,False,0.0014656488549618326
0.0,,8.0,4,4,0.0,0.0,0.0,1.0,73.0,70.0,79.0,,,,,,32,MIXfix_M,95.0,36.0,46.0,False,0.0004914170313025919
0.0,,8.0,4,4,0.0,0.0,0.0,1.0,69.5,62.0,74.0,,,,,,33,MIXfix_M,95.0,39.0,54.0,False,0.0010659536541889484
0.0,,8.0,4,4,0.0,0.0,0.0,1.0,75.5,70.0,80.0,,,,,,34,MIXfix_M,95.0,40.0,67.0,False,0.0005335365853658537
0.0,,8.0,4,4,0.0,0.0,0.0,1.0,73.0,71.0,79.0,,,,,,35,MIXfix_M,95.0,32.0,50.0,False,0.001051253273475496
0.0,,8.0,4,4,0.0,0.0,0.0,1.0,74.5,62.0,80.0,,,,,,36,MIXfix_M,95.0,34.0,39.0,False,0.0010132827324478178
0.0,,8.0,4,4,0.0,0.0,0.0,1.0,70.5,65.0,75.0,,,,,,37,MIXfix_M,95.0,40.0,54.0,False,0.0008324974924774325
0.0,,8.0,4,4,0.0,0.0,0.0,1.0,73.0,68.0,79.0,,,,,,38,MIXfix_M,95.0,43.0,58.0,False,0.0014276002719238617
0.0,,8.0,4,4,0.0,0.0,0.0,1.0,75.5,72.0,79.0,,,,,,39,MIXfix_M,95.0,34.0,46.0,False,0.0006446111869031378
0.0,,8.0,4,4,0.12500000000000003,0.0,0.5000000000000001,0.75,77.0,73.0,79.0,,,,,,40,MIXfix_M,95.0,34.0,57.0,False,0.003559857763729752
0.0,,8.0,4,4,0.0,0.0,0.0,1.0,78.0,68.0,79.0,,,,,,41,MIXfix_M,95.0,40.0,54.0,False,0.0013832853025936601
0.0,,8.0,4,4,0.0,0.0,0.0,1.0,78.5,59.0,80.0,,,,,,42,MIXfix_M,95.0,40.0,53.0,False,0.0008185626812761843
0.0,,8.0,4,4,0.0,0.0,0.0,1.0,75.0,50.0,77.0,,,,,,43,MIXfix_M,95.0,40.0,58.0,False,0.000381578947368421
0.0,,8.0,4,4,0.0,0.0,0.0,1.0,72.0,55.0,75.0,,,,,,44,MIXfix_M,95.0,35.0,51.0,False,0.000872899926953981
0.0,,8.0,4,4,0.0,0.0,0.0,1.0,77.0,75.0,78.0,,,,,,45,MIXfix_M,95.0,42.0,65.0,False,0.0004968062455642301
0.0,,8.0,4,4,0.0,0.0,0.0,1.0,75.0,58.0,79.0,,,,,,46,MIXfix_M,95.0,37.0,52.0,False,0.0007188612099644129
0.0,,8.0,4,4,0.0,0.0,0.0,1.0,76.0,61.0,80.0,,,,,,47,MIXfix_M,95.0,45.0,62.0,False,0.0012561657349556068
0.0,,8.0,4,4,0.0,0.0,0.0,1.0,72.5,66.0,79.0,,,,,,48,MIXfix_M,95.0,41.0,59.0,False,0.00048756218905472644
0.0,,8.0,4,4,0.0,0.0,0.0,1.0,73.0,69.0,78.0,,,,,,49,MIXfix_M,95.0,34.0,61.0,False,0.0006895435415992232
0.0,,8.0,4,4,0.0,0.0,0.0,1.0,77.5,52.0,80.0,,,,,,50,MIXfix_M,95.0,43.0,68.0,False,0.0011502265597769256
0.0,,8.0,4,4,0.0,0.0,0.0,1.0,77.5,75.0,80.0,,,,,,51,MIXfix_M,95.0,38.0,54.0,False,0.0008587167854828256
0.0,,8.0,4,4,0.0,0.0,0.0,1.0,73.5,64.0,80.0,,,,,,52,MIXfix_M,95.0,38.0,46.0,False,0.0009068881966078231
0.0,,8.0,4,4,0.0,0.0,0.0,1.0,74.5,35.0,77.0,,,,,,53,MIXfix_M,95.0,36.0,62.0,False,0.0010970017636684304
0.0,,8.0,4,4,0.0,0.0,0.0,1.0,77.5,76.0,80.0,,,,,,54,MIXfix_M,95.0,28.0,38.0,False,0.0006649427410417438
0.0,,8.0,4,4,0.0,0.0,0.0,1.0,73.5,59.0,75.0,,,,,,55,MIXfix_M,95.0,34.0,55.0,False,0.0009921752738654146
0.0,,8.0,4,4,0.1,1.3877787807814457e-17,0.4,0.75,53.5,36.0,79.0,,,,,,56,MIXfix_M,95.0,37.0,66.0,False,0.010335429769392035
0.0,,8.0,4,4,0.0,0.0,0.0,1.0,68.0,53.0,76.0,,,,,,57,MIXfix_M,95.0,37.0,56.0,False,0.00040157998683344314
0.0,,8.0,4,4,0.0,0.0,0.0,1.0,71.5,65.0,80.0,,,,,,58,MIXfix_M,95.0,37.0,71.0,False,0.0029887793267596077
0.0,,8.0,4,4,0.0,0.0,0.0,1.0,71.0,67.0,79.0,,,,,,59,MIXfix_M,95.0,40.0,76.0,False,0.0032522606797630188
