point,plast_age_max,plast_outside_rec,social_rec_lambda,inherit_weight,s_newborn_base,rec,crowd_aversion,refuge_frac,refuge_pref,refuge_hard,alpha
0,12.0,0.0,1.0,0.2,0.0,0.1,0.15,0.3,100.0,strict,4.0
1,,1.0,1.0,0.2,0.0,0.1,0.15,0.3,100.0,strict,4.0
2,12.0,0.0,0.0,1.0,1.0,0.01,0.15,0.3,100.0,strict,4.0
3,12.0,0.0,1.0,0.2,0.0,0.1,0.0,0.3,100.0,strict,4.0
4,12.0,0.0,1.0,0.2,0.0,0.1,0.15,0.0,0.0,False,4.0
5,,1.0,1.0,0.2,0.0,0.1,0.15,0.3,100.0,strict,6.0
6,12.0,0.0,1.0,0.0,0.0,0.15,0.15,0.3,100.0,strict,4.0
7,12.0,0.0,1.0,0.2,0.0,0.1,0.15,0.3,0.0,strict,4.0
8,12.0,0.0,1.0,0.2,0.0,0.1,0.15,0.3,100.0,False,4.0
