metric,name,S1,S1_conf,ST,ST_conf,interaction,n_nan,ST_ruido,piso,degenerada,ST_corregido,relevante
f_PRIMARIO,inherit_weight,0.08652815580677647,0.10335725255384703,0.4296489897461279,0.14986295341277625,0.34312083393935144,0,0.07217591224328228,exacto,False,0.3574730775028456,True
f_PRIMARIO,rec,0.08797730374303261,0.093763748895974,0.31600774351907573,0.12074311840076185,0.22803043977604312,0,0.08491283793327328,exacto,False,0.23109490558580245,True
f_PRIMARIO,plast_age_max,-0.04132408953710989,0.07580189337504246,0.1081718814353759,0.05681292028339267,0.1494959709724858,0,0.061865067637099105,exacto,False,0.046306813798276794,False
f_PRIMARIO,m_c,-0.015239426684499808,0.08417112420255063,0.3087152571301739,0.12111892320020748,0.3239546838146737,0,0.07278243251423425,exacto,False,0.23593282461593965,True
f_PRIMARIO,crowd_aversion,0.04052939550755008,0.1184132456096136,0.41384860257017414,0.14337926183839483,0.37331920706262406,0,0.06368462844995496,exacto,False,0.35016397412021916,True
f_PRIMARIO,alpha,-0.030104879708030278,0.0938325382917811,0.12275685421317942,0.05958557217586298,0.1528617339212097,0,0.0618650676370991,exacto,False,0.06089178657608032,True
f_PRIMARIO,refuge_capacity,0.1747391930879149,0.14378154934903128,0.48738117365826683,0.16114501453825947,0.3126419805703519,0,0.03760425679902102,exacto,False,0.4497769168592458,True
f_PRIMARIO,gamma,-0.07643086696060483,0.0697114681131075,0.15982699335676329,0.06929724272707079,0.23625786031736812,0,0.06974983115947447,exacto,False,0.09007716219728881,True
f_PRIMARIO,eta,0.017810495603663885,0.07450563581754706,0.16468865094936444,0.07664420828867503,0.14687815534570056,0,0.05276726357281982,exacto,False,0.11192138737654461,True
f_PRIMARIO,crowd_power,-0.03697664572834154,0.11455586285963197,0.15374992136601184,0.059576081299562114,0.19072656709435337,0,0.07096287170137837,exacto,False,0.08278704966463347,True
f_PRIMARIO,p0,-0.05936831867887959,0.06350624704506592,0.14463431337988464,0.06472327136474144,0.20400263205876423,0,0.06671722980471471,exacto,False,0.07791708357516992,True
f_O13,inherit_weight,-0.02252862680709436,0.056795653797789926,0.12360721342853835,0.049433400187628665,0.1461358402356327,0,0.02329970247223067,exacto,False,0.10030751095630769,True
f_O13,rec,0.029497068527969836,0.07515631922595616,0.21281082868611179,0.07204498351455237,0.18331376015814194,0,0.020111322133925417,exacto,False,0.19269950655218637,True
f_O13,plast_age_max,-0.04655325485677062,0.05483863855425288,0.09559285491789547,0.04063960242519824,0.1421461097746661,0,0.019866062107901938,exacto,False,0.07572679280999353,True
f_O13,m_c,0.0798613607061687,0.13124178336326384,0.5715912096118891,0.1078628697296091,0.49172984890572047,0,0.021092362238019344,exacto,False,0.5504988473738698,True
f_O13,crowd_aversion,0.14867682714381278,0.10678285527579091,0.36762702045545403,0.09245116930124052,0.21895019331164126,0,0.01765872187369061,exacto,False,0.3499682985817634,True
f_O13,alpha,0.02908504054506723,0.05167339913723784,0.10345653449983032,0.04440082426260425,0.07437149395476308,0,0.024771262628371548,exacto,False,0.07868527187145877,True
f_O13,refuge_capacity,0.3442394851363304,0.1290498276291591,0.5590584702781803,0.11427545706498787,0.21481898514184994,0,0.015451381639479284,exacto,False,0.5436070886387011,True
f_O13,gamma,-0.02474117277119721,0.07953931149757244,0.18921978994030725,0.062164264895854054,0.21396096271150444,0,0.026978602862582874,exacto,False,0.16224118707772436,True
f_O13,eta,-0.06136883596815261,0.07100520402055573,0.15285027187385858,0.05787735397359612,0.2142191078420112,0,0.025997562758488958,exacto,False,0.1268527091153696,True
f_O13,crowd_power,0.018863202242347835,0.047481351731052814,0.09018657520531527,0.04237685330993513,0.07132337296296744,0,0.018394501951761053,exacto,False,0.07179207325355422,True
f_O13,p0,0.03748155057944388,0.060557768841580914,0.11377761395111982,0.04316725847610449,0.07629606337167594,0,0.014470341535385362,exacto,False,0.09930727241573446,True
f_O13p,inherit_weight,-0.007166276385374423,0.04845321242666677,0.06446072892791425,0.03270412865024557,0.07162700531328868,0,0.018145721018820418,exacto,False,0.04631500790909383,False
f_O13p,rec,0.05010599261817908,0.07708644701902154,0.17602737514930433,0.06928500502537337,0.12592138253112525,0,0.019520396853579543,exacto,False,0.1565069782957248,True
f_O13p,plast_age_max,-0.03639259235346655,0.06626854829931525,0.130849770259655,0.05843720055778063,0.16724236261312153,0,0.00962273084331386,exacto,False,0.12122703941634114,True
f_O13p,m_c,0.04735920695503612,0.1258916715941197,0.4773950565473309,0.11429956151903724,0.4300358495922948,0,0.016771045184061296,exacto,False,0.4606240113632696,True
f_O13p,crowd_aversion,0.08112785085377652,0.10407194906326034,0.30274504740075975,0.08969819681060322,0.22161719654698323,0,0.01402169351454305,exacto,False,0.28872335388621667,True
f_O13p,alpha,-0.00594386405794869,0.043062041951804186,0.1041288698066307,0.04621977186040705,0.1100727338645794,0,0.01924546168662772,exacto,False,0.08488340812000299,True
f_O13p,refuge_capacity,0.30279934740663667,0.11681833125634193,0.6231203796365046,0.13032490083950116,0.3203210322298679,0,0.008248055008554736,exacto,False,0.6148723246279498,True
f_O13p,gamma,-0.002069028882471108,0.08585018678425171,0.17878210715477075,0.06989658722378647,0.18085113603724184,0,0.0145715638484467,exacto,False,0.16421054330632404,True
f_O13p,eta,-0.033442843863478525,0.061765070891736225,0.13663470747113451,0.05991985631188783,0.17007755133461305,0,0.024194294691760557,exacto,False,0.11244041277937396,True
f_O13p,crowd_power,0.00908862903245832,0.06980044123219663,0.14269511788316064,0.05544934088596017,0.1336064888507023,0,0.01704598035101312,exacto,False,0.12564913753214751,True
f_O13p,p0,0.0514591884963451,0.08028620414551187,0.1471026890919069,0.056685206134339756,0.09564350059556181,0,0.018145721018820418,exacto,False,0.1289569680730865,True
f_O4,inherit_weight,0.033269581056805955,0.0375348168116442,0.04517812789835697,0.025459197013129015,0.011908546841551015,0,0.013378318823266466,exacto,False,0.0317998090750905,False
f_O4,rec,0.008797448675737679,0.07049322588490596,0.16457746591544328,0.06411287730766961,0.1557800172397056,0,0.01164409230913933,exacto,False,0.15293337360630396,True
f_O4,plast_age_max,0.033243325804963086,0.044875343401117006,0.07198712687100836,0.034930332767380994,0.038743801066045275,0,0.014369305402767686,exacto,False,0.057617821468240675,True
f_O4,m_c,0.16874489043523042,0.1110818737875164,0.40263144753370883,0.10249788541173498,0.23388655709847841,0,0.016351278561770127,exacto,False,0.38628016897193873,True
f_O4,crowd_aversion,0.20221347436679996,0.13281022705914497,0.5480950901075395,0.11125960139156034,0.3458816157407396,0,0.024774664487530497,exacto,False,0.523320425620009,True
f_O4,alpha,0.05878163025944628,0.08798430877142868,0.219933084164529,0.07585182553302071,0.16115145390508273,0,0.011396345664264024,exacto,False,0.20853673850026497,True
f_O4,refuge_capacity,0.05312153500136479,0.058507114087279384,0.09432795934821785,0.047928630727476315,0.04120642434685306,0,0.006936906056508539,exacto,False,0.0873910532917093,True
f_O4,gamma,-0.014013591493566922,0.04498668304226176,0.055355618249085733,0.0275838039249817,0.06936920974265265,0,0.01164409230913933,exacto,False,0.0437115259399464,False
f_O4,eta,0.07748760213209054,0.08405598076788427,0.25418902729625026,0.07880330450511268,0.1767014251641597,0,0.011891838954014636,exacto,False,0.24229718834223563,True
f_O4,crowd_power,0.06847906719863885,0.06025850080982419,0.1275909765920631,0.04990397657653101,0.05911190939342424,0,0.017342265141271344,exacto,False,0.11024871145079174,True
f_O4,p0,0.004051513550003568,0.04241240030418059,0.07868937661417119,0.03790029166624811,0.07463786306416763,0,0.018085505075897262,exacto,False,0.06060387153827393,True
f_O11,inherit_weight,0.49253317411731895,0.13277098454288982,0.7450165404532447,0.12076812543552215,0.2524833663359258,0,0.034711712949461355,exacto,False,0.7103048275037833,True
f_O11,rec,0.12457257088747435,0.09541404284922105,0.32896834253779633,0.08648969653937603,0.20439577165032197,0,0.05167608393979961,exacto,False,0.2772922585979967,True
f_O11,plast_age_max,-0.016319300974959743,0.06497793299468571,0.1600386531264955,0.05752186471462068,0.17635795410145524,0,0.03445072262653308,exacto,False,0.12558793049996242,True
f_O11,m_c,0.028814148842117207,0.04409946125063713,0.07112829027844247,0.022828858651706325,0.04231414143632527,0,0.03653864520995932,exacto,False,0.03458964506848315,False
f_O11,crowd_aversion,0.012221088937432303,0.05248511667989304,0.09335588099045573,0.034800522731346165,0.08113479205302343,0,0.033667751657748234,exacto,False,0.0596881293327075,True
f_O11,alpha,-0.019400110422911582,0.037714880539574176,0.051254209171230594,0.021496593119057644,0.07065431959414217,0,0.0396705290850987,exacto,False,0.011583680086131892,False
f_O11,refuge_capacity,-0.015784040978034423,0.03733581825649399,0.04733169316322825,0.020300693149981255,0.06311573414126267,0,0.024272100032330123,exacto,False,0.02305959313089813,False
f_O11,gamma,-0.02201103514073813,0.039133505541210506,0.055699727313633256,0.0222690383395829,0.07771076245437139,0,0.03366775165774824,exacto,False,0.022031975655885015,False
f_O11,eta,-0.05458017586968257,0.05220738621884823,0.09100237138565431,0.038941131307727396,0.14558254725533687,0,0.038626567793385566,exacto,False,0.052375803592268746,True
f_O11,crowd_power,0.01830916065818593,0.034290047294051135,0.048900699566429194,0.02020657699125043,0.030591538908243263,0,0.04280241296023807,exacto,False,0.0060982866061911264,False
f_O11,p0,0.016552200362934887,0.09041574467998142,0.2638545768049575,0.0741795837430388,0.2473023764420226,0,0.037843596824600735,exacto,False,0.22601097998035677,True
f_O7,inherit_weight,-0.042488361292661134,0.183954311202212,1.375938742453247,2.123847195782425,1.4184271037459082,0,0.24455161242821385,exacto,True,1.131387130025033,False
f_O7,rec,-0.04408549777420345,0.16800469730745443,0.4900603740244441,1.5301900840308973,0.5341458717986476,0,0.26336327492269185,exacto,True,0.22669709910175223,False
f_O7,plast_age_max,-0.029711269440322534,0.15813273891471452,0.4335149462523928,0.2228380007635634,0.4632262156927153,0,0.35742158739508173,exacto,True,0.07609335885731106,False
f_O7,m_c,0.042488361292661155,0.3592220700682844,1.0743631276689738,0.9539806415516874,1.0318747663763126,0,0.24455161242821385,exacto,True,0.8298115152407599,False
f_O7,crowd_aversion,-0.03609981536649183,0.17586291786716937,1.1874539832130762,1.6099342270131802,1.223553798579568,0,0.2821749374171698,exacto,True,0.9052790457959063,False
f_O7,alpha,0.1130908555441025,0.45728432001447333,0.6031512295685466,0.7241897848997122,0.49006037402444413,0,0.22573994993373586,exacto,True,0.37741127963481075,False
f_O7,refuge_capacity,-0.03609981536649183,0.15624234176778062,0.24503018701222204,1.1499572600331316,0.2811300023787139,0,0.24455161242821385,exacto,True,0.00047857458400818453,False
f_O7,gamma,-0.037696951848034156,0.16042845693181085,0.22618171108820484,0.5926216188869466,0.263878662936239,0,0.22573994993373586,exacto,True,0.0004417611544689781,False
f_O7,eta,-0.04248836129266113,0.16640172610954315,0.433514946252393,1.7698568889955242,0.47600330754505416,0,0.20692828743925787,exacto,True,0.22658665881313514,False
f_O7,crowd_power,-0.03609981536649183,0.15603767357387352,0.2073332351641879,0.661016264836006,0.2434330505306797,0,0.2069282874392579,exacto,True,0.00040494772492999376,False
f_O7,p0,-0.03609981536649183,0.16440764216774645,0.5466058017964952,0.5966632483572831,0.5827056171629871,0,0.24455161242821385,exacto,True,0.3020541893682813,False
P_ext,inherit_weight,-0.042488361292661134,0.19095713273117282,1.375938742453247,2.1381104785693874,1.4184271037459082,0,0.24455161242821385,exacto,True,1.131387130025033,False
P_ext,rec,-0.04408549777420345,0.17593182120505974,0.4900603740244441,1.5859605740289022,0.5341458717986476,0,0.26336327492269185,exacto,True,0.22669709910175223,False
P_ext,plast_age_max,-0.029711269440322534,0.15818435563062036,0.4335149462523928,0.22093456577340298,0.4632262156927153,0,0.35742158739508173,exacto,True,0.07609335885731106,False
P_ext,m_c,0.042488361292661155,0.36567433627479384,1.0743631276689738,0.9745935291261391,1.0318747663763126,0,0.24455161242821385,exacto,True,0.8298115152407599,False
P_ext,crowd_aversion,-0.03609981536649183,0.18077847119768126,1.1874539832130762,1.843877098000675,1.223553798579568,0,0.2821749374171698,exacto,True,0.9052790457959063,False
P_ext,alpha,0.1130908555441025,0.4519057679411486,0.6031512295685466,0.7504020837222896,0.49006037402444413,0,0.22573994993373586,exacto,True,0.37741127963481075,False
P_ext,refuge_capacity,-0.03609981536649183,0.15607852102505673,0.24503018701222204,1.0807716275254975,0.2811300023787139,0,0.24455161242821385,exacto,True,0.00047857458400818453,False
P_ext,gamma,-0.037696951848034156,0.16143377963871494,0.22618171108820484,0.5910290960948308,0.263878662936239,0,0.22573994993373586,exacto,True,0.0004417611544689781,False
P_ext,eta,-0.04248836129266113,0.16867691930650974,0.433514946252393,1.7656628544338997,0.47600330754505416,0,0.20692828743925787,exacto,True,0.22658665881313514,False
P_ext,crowd_power,-0.03609981536649183,0.1588766821165577,0.2073332351641879,0.7067095512826834,0.2434330505306797,0,0.2069282874392579,exacto,True,0.00040494772492999376,False
P_ext,p0,-0.03609981536649183,0.16751274600460186,0.5466058017964952,0.5859306079009354,0.5827056171629871,0,0.24455161242821385,exacto,True,0.3020541893682813,False
x_rho_pk_mean,inherit_weight,0.041727010503142904,0.04335525740002422,0.0673335380874679,0.02159846920919632,0.025606527584325002,0,0.001915877176956812,exacto,False,0.0654176609105111,True
x_rho_pk_mean,rec,0.14311705122421417,0.07403699270820337,0.20901259074620887,0.060292102788683376,0.0658955395219947,0,0.0018837265528409142,exacto,False,0.20712886419336796,True
x_rho_pk_mean,plast_age_max,0.09655461229930866,0.06125966688024514,0.10408034942565317,0.03166349675465712,0.007525737126344509,0,0.0013780363767247634,exacto,False,0.1027023130489284,True
x_rho_pk_mean,m_c,0.053445851494124105,0.04454278376577276,0.06488273336537671,0.017077967338402916,0.011436881871252608,0,0.0020033502962943338,exacto,False,0.06287938306908238,True
x_rho_pk_mean,crowd_aversion,0.15602050410633564,0.08044302423938153,0.18737307100475362,0.05303611720229256,0.03135256689841798,0,0.0021239773498680768,exacto,False,0.18524909365488554,True
x_rho_pk_mean,alpha,0.06963480294282233,0.04852668781069768,0.0980056485765562,0.027621104033256592,0.028370845633733877,0,0.0022433660095936138,exacto,False,0.09576228256696259,True
x_rho_pk_mean,refuge_capacity,0.0423113390080572,0.04275885496593545,0.05660650079684813,0.015871733566573582,0.014295161788790936,0,0.001218116974475596,exacto,False,0.05538838382237254,True
x_rho_pk_mean,gamma,0.12599548009224873,0.08004230116725568,0.12640558627027257,0.03767085069950087,0.0004101061780238391,0,0.0018048148808584266,exacto,False,0.12460077138941414,True
x_rho_pk_mean,eta,0.1397637544299474,0.0650956735196615,0.14708033523779074,0.04021359611452273,0.007316580807843337,0,0.002004024839233829,exacto,False,0.1450763103985569,True
x_rho_pk_mean,crowd_power,0.06194391616458721,0.0458878020665617,0.08994370748184298,0.025839311584532475,0.027999791317255773,0,0.0022170861302384507,exacto,False,0.08772662135160453,True
x_rho_pk_mean,p0,0.08206618970678341,0.0485200986356023,0.06513772093164907,0.015395584006171394,-0.016928468775134334,0,0.002171911304545071,exacto,False,0.062965809627104,True
x_f0_pk_mean,inherit_weight,-0.002305074563984392,0.023681354023614345,0.017940099059600086,0.005548058322969796,0.020245173623584477,0,0.0020698365711828526,exacto,False,0.015870262488417233,False
x_f0_pk_mean,rec,0.006728852521096431,0.039933044183704525,0.05551800062125193,0.017031042953909774,0.0487891481001555,0,0.0021032716188632778,exacto,False,0.05341472900238865,True
x_f0_pk_mean,plast_age_max,0.01045520957053781,0.027675867382277678,0.027623597603081432,0.009590778239053875,0.01716838803254362,0,0.0016818642668043682,exacto,False,0.025941733336277063,False
x_f0_pk_mean,m_c,0.13230478914768995,0.08874061627818991,0.27807608985829607,0.06425534207428314,0.14577130071060612,0,0.0019864005932378544,exacto,False,0.2760896892650582,True
x_f0_pk_mean,crowd_aversion,0.3779535109146085,0.10792200945479452,0.44079868945294504,0.09002914834024468,0.06284517853833654,0,0.0020644255673381096,exacto,False,0.43873426388560693,True
x_f0_pk_mean,alpha,0.0992835438624813,0.06653327618970811,0.16163002818797004,0.04021311649258514,0.06234648432548874,0,0.002020353440329262,exacto,False,0.15960967474764076,True
x_f0_pk_mean,refuge_capacity,0.018644898069375235,0.0297992743010167,0.02671136179105037,0.006183105148984075,0.008066463721675136,0,0.001217072721239771,exacto,False,0.025494289069810598,False
x_f0_pk_mean,gamma,0.00287671625228901,0.030659612642202645,0.02967206661773774,0.007614211673754219,0.02679535036544873,0,0.002158420954699878,exacto,False,0.02751364566303786,False
x_f0_pk_mean,eta,0.08349177674934789,0.04641819911990456,0.12358778924454225,0.03342490440372843,0.04009601249519436,0,0.002359881911243338,exacto,False,0.12122790733329891,True
x_f0_pk_mean,crowd_power,0.024554941956083768,0.03204584037985372,0.032091983302984066,0.01005510994198819,0.007537041346900298,0,0.002259225404316033,exacto,False,0.029832757898668034,False
x_f0_pk_mean,p0,0.009438117857824117,0.03355779962960473,0.04165096308856394,0.010872392486259142,0.03221284523073982,0,0.0019634916678692082,exacto,False,0.03968747142069473,False
t_ext_med,inherit_weight,-0.0396160971019149,0.08874401645622673,0.1714958551602653,0.07464316973369835,0.2111119522621802,10,0.10695808340092633,aprox. (medianas),False,0.06453777175933897,False
t_ext_med,rec,0.02361237585596738,0.09303935519224599,0.20141804439347655,0.07858247867238784,0.17780566853750918,10,0.12316722601756278,aprox. (medianas),False,0.07825081837591377,False
t_ext_med,plast_age_max,0.02442576514206756,0.08338890523900051,0.2108139399689274,0.16055271067667531,0.18638817482685982,10,0.10542860687085402,aprox. (medianas),False,0.10538533309807337,False
t_ext_med,m_c,0.2688322021646186,0.13034210208907251,0.66404644563058,0.3057364866469359,0.3952142434659614,10,0.08153373189734983,aprox. (medianas),False,0.5825127137332302,True
t_ext_med,crowd_aversion,0.024194328166785815,0.07637178633465544,0.3193095658452779,0.15125631308078621,0.2951152376784921,10,0.06115650255200603,aprox. (medianas),False,0.25815306329327187,True
t_ext_med,alpha,-0.015333454080583694,0.05205085938381521,0.10610943409102308,0.03230735250702463,0.12144288817160677,10,0.09365223915332094,aprox. (medianas),False,0.012457194937702143,False
t_ext_med,refuge_capacity,-0.012827845250682375,0.06567474371284798,0.10312300091354669,0.04016894503933704,0.11595084616422907,10,0.05858556830602905,aprox. (medianas),False,0.04453743260751764,False
t_ext_med,gamma,-0.04325632365027353,0.06059222715196717,0.07283525296857199,0.02070752437837504,0.11609157661884552,10,0.05821560643149828,aprox. (medianas),False,0.014619646537073712,False
t_ext_med,eta,-0.030273746792939656,0.07118284058944203,0.09731596731644403,0.03706560600388573,0.1275897141093837,10,0.09108205686237347,aprox. (medianas),False,0.006233910454070554,False
t_ext_med,crowd_power,-0.05473961266205056,0.05659363809411171,0.17418920830563112,0.07768442424552556,0.2289288209676817,10,0.10987566891551853,aprox. (medianas),False,0.06431353939011258,False
t_ext_med,p0,0.07998976361889026,0.07410516275928027,0.29933975758591985,0.16952704220831258,0.2193499939670296,10,0.12897683057574302,aprox. (medianas),False,0.17036292701017683,True
x_BO4_mean,inherit_weight,0.00733306740616102,0.017060660845344255,0.011026144152262062,0.003407158815783439,0.003693076746101042,0,0.001035139924738632,exacto,False,0.00999100422752343,False
x_BO4_mean,rec,0.03486773481309502,0.03158753910804858,0.03734568405925085,0.01289752114329846,0.002477949246155832,0,0.0009521784286873115,exacto,False,0.03639350563056354,False
x_BO4_mean,plast_age_max,0.014359335288253026,0.024178300729436105,0.025237835371227896,0.010187904569114612,0.01087850008297487,0,0.0009137625297349871,exacto,False,0.02432407284149291,False
x_BO4_mean,m_c,0.22080902267872027,0.10819535801102687,0.3660555985605181,0.09174120411136788,0.14524657588179785,0,0.0010851301603800785,exacto,False,0.364970468400138,True
x_BO4_mean,crowd_aversion,-0.0011680270127043936,0.023379849613466425,0.018045307383386174,0.005796781223427733,0.01921333439609057,0,0.001106917358185238,exacto,False,0.016938390025200936,False
x_BO4_mean,alpha,0.01815870567439007,0.02775207539390419,0.018936137338970482,0.007019617165126041,0.0007774316645804136,0,0.0014057648501075194,exacto,False,0.017530372488862963,False
x_BO4_mean,refuge_capacity,0.5251369656167628,0.12468604893172285,0.6421666541531051,0.14644166729532931,0.11702968853634232,0,0.0006582998487666326,exacto,False,0.6415083543043385,True
x_BO4_mean,gamma,0.011843810069903931,0.03683272504605761,0.05128720394718168,0.018661684687687564,0.039443393877277744,0,0.001602208514002339,exacto,False,0.049684995433179335,False
x_BO4_mean,eta,0.018524855068296705,0.028769822091418408,0.03858617992293912,0.013227834358210898,0.020061324854642414,0,0.0015449531097443685,exacto,False,0.03704122681319475,False
x_BO4_mean,crowd_power,0.02439014824027861,0.023907714405156058,0.018244482506755852,0.0063695254682889805,-0.006145665733522758,0,0.0008982699307355204,exacto,False,0.017346212576020332,False
x_BO4_mean,p0,0.015278910442860599,0.030200726623708127,0.03498398198896031,0.011585775638907397,0.019705071546099708,0,0.0013429703638763745,exacto,False,0.033641011625083934,False
