metrica,frac_modal,suma_ST,suma_S1,mediana_ST_conf,degenerada
f_PRIMARIO,0.7845552884615384,2.809430381324398,0.14814031645147202,0.07664420828867503,False
f_O13,0.4723557692307692,2.5797783828485006,0.5325126444779258,0.05787735397359612,False
f_O13p,0.6331129807692307,2.4839418493290726,0.45692560981969255,0.05991985631188783,False
f_O4,0.5775240384615384,2.0625553005903745,0.6941764769875142,0.04990397657653101,False
f_O11,0.43179086538461536,1.9565509847915679,0.5649076804191372,0.034800522731346165,False
f_O7,0.9762620192307693,6.8231482844941835,-0.18529048627708605,0.9539806415516874,True
P_ext,0.9762620192307693,6.8231482844941835,-0.18529048627708605,0.9745935291261391,True
x_rho_pk_mean,0.001201923076923077,1.21586178192442,1.0125805119715716,0.027621104033256592,False
x_f0_pk_mean,0.003605769230769231,1.2353006688280228,0.7634272823373496,0.010872392486259142,False
t_ext_med,0.026220614828209764,2.419996472179664,0.22500735540988492,0.07768442424552556,False
x_BO4_mean,0.014423076923076924,1.2619152093845578,0.8895345282860178,0.011585775638907397,False
