objetivo,f_A,n_A,f_B,n_B,dif,p,p_holm,difiere_holm_0.05
O4,1.0,200,1.0,200,0.0,1.0,1.0,False
O5,1.0,200,0.895,200,-0.10499999999999998,5.482296316253651e-07,1.1512822264132667e-05,True
O6,1.0,200,0.98,200,-0.020000000000000018,0.12312266813128538,1.0,False
O7,1.0,200,0.98,200,-0.020000000000000018,0.12312266813128538,1.0,False
O8,0.645,200,0.0,196,-0.645,1.2686850304446118e-52,3.0448440730670683e-51,True
O8b,1.0,200,0.59,200,-0.41000000000000003,1.0900214165714327e-29,2.507049258114295e-28,True
O9,0.4,200,0.3,200,-0.10000000000000003,0.046211128471774006,0.7855891840201581,False
O10,1.0,200,1.0,200,0.0,1.0,1.0,False
O11,0.99,200,0.995,200,0.0050000000000000044,1.0,1.0,False
O11b,1.0,200,1.0,200,0.0,1.0,1.0,False
O13,1.0,200,1.0,200,0.0,1.0,1.0,False
O13b,0.0,200,0.0,200,0.0,1.0,1.0,False
O13p,1.0,200,1.0,200,0.0,1.0,1.0,False
O14,1.0,200,1.0,200,0.0,1.0,1.0,False
O15,0.025,200,0.005,200,-0.02,0.215216723695538,1.0,False
O15b,0.65,200,0.4517766497461929,197,-0.1982233502538071,8.155947343405301e-05,0.001468070521812954,True
O17_run,0.99,200,0.88,200,-0.10999999999999999,5.6355730876182716e-06,0.00011271146175236543,True
O17p,0.99,200,0.88,200,-0.10999999999999999,5.6355730876182716e-06,0.00011271146175236543,True
O13b (PASS o MARG),0.0,200,1.0,200,1.0,1.942643449522235e-119,5.633666003614481e-118,True
A1,0.0,200,0.0,200,0.0,1.0,1.0,False
A2,0.0,200,0.02,200,0.02,0.12312266813128538,1.0,False
A3,0.0,200,0.0,200,0.0,1.0,1.0,False
A4,0.0,200,0.0,200,0.0,1.0,1.0,False
x_rho_pk,0.36076388888888883,200,0.4202083333333333,200,0.059444444444444466,4.061289978802026e-65,1.0559353944885268e-63,True
x_f0_pk,0.16277777777777774,200,0.1133333333333332,200,-0.04944444444444454,6.219009364184674e-61,1.5547523410461684e-59,True
x_BO4,0.17410625467880605,200,0.13349706195378624,200,-0.04060919272501981,5.525809368219182e-66,1.4919685294191792e-64,True
x_rho8 (extintas),2.056603773584906,200,1.7974683544303798,196,-0.2591354191545261,3.9440166195899244e-14,8.676836563097834e-13,True
x_D_last (extintas),110.0,200,110.0,196,0.0,0.37207547733435264,1.0,False
t_ext (mediana KM; log-rank con censura),169.0,200,218.0,200,49.0,1.1906178490598289e-104,3.3337299773675206e-103,True
