,ensamble,n,iqr_med_KM,lo,hi,censuradas,t_last_iqr
0,base:C1,200,0.08875739644970414,0.07142857142857142,0.10526315789473684,0,16.0
1,base:C1p,200,0.12087912087912088,0.10555555555555556,0.14756125022518463,1,21.5
2,base:C0 (control),200,0.08433734939759036,0.06626506024096386,0.09580838323353294,0,13.25
3,base:C1 alpha=0 (control O14),200,0.04516129032258064,0.03225806451612903,0.06451612903225806,0,10.0
4,c1c2:C1,200,0.09467455621301775,0.08178239272880998,0.10652472527472526,0,16.0
5,c1c2:C2,200,0.14220183486238533,0.11467889908256881,0.16591781874039938,4,32.5
6,nulos:C1 gamma=0 (sin hacinamiento),200,,,,200,1.0
7,"nulos:C1 -R2 (w=1, sin aprendizaje social)",200,0.09523809523809523,0.07692307692307693,0.11242603550295859,0,17.0
8,"nulos:longevo (notebook a_max=120, CI de C1)",200,0.16042780748663102,0.14361702127659576,0.17989417989417988,1,30.0
9,nulos:C1 sin reglas (-R1 -R2 -AV -R7),200,0.12650602409638553,0.10240963855421686,0.1497005988023952,0,20.25
10,ref:notebook alpha=1.4,100,,,,53,932.5
11,ref:longevo,100,0.16129032258064516,0.11538461538461539,0.1956550494593973,2,32.0
