,etapa,brazo,theta,O17p,O13p,n
0,base,C1,0.05,0.995,1.0,200
1,base,C1,0.075,0.995,1.0,200
2,base,C1,0.1,0.995,1.0,200
3,base,C1,0.125,0.995,1.0,200
4,base,C1,0.15,0.965,0.97,200
5,base,C1,0.175,0.07,0.07,200
6,base,C1,0.2,0.0,0.0,200
7,base,C1p,0.05,0.835,1.0,200
8,base,C1p,0.075,0.835,1.0,200
9,base,C1p,0.1,0.835,1.0,200
10,base,C1p,0.125,0.83,0.995,200
11,base,C1p,0.15,0.33,0.43,200
12,base,C1p,0.175,0.01,0.01,200
13,base,C1p,0.2,0.0,0.0,200
14,base,C0 (control),0.05,0.0,0.0,200
15,base,C0 (control),0.075,0.0,0.0,200
16,base,C0 (control),0.1,0.0,0.0,200
17,base,C0 (control),0.125,0.0,0.0,200
18,base,C0 (control),0.15,0.0,0.0,200
19,base,C0 (control),0.175,0.0,0.0,200
20,base,C0 (control),0.2,0.0,0.0,200
21,base,C1 alpha=0 (control O14),0.05,0.0,1.0,200
22,base,C1 alpha=0 (control O14),0.075,0.0,1.0,200
23,base,C1 alpha=0 (control O14),0.1,0.0,0.0,200
24,base,C1 alpha=0 (control O14),0.125,0.0,0.0,200
25,base,C1 alpha=0 (control O14),0.15,0.0,0.0,200
26,base,C1 alpha=0 (control O14),0.175,0.0,0.0,200
27,base,C1 alpha=0 (control O14),0.2,0.0,0.0,200
28,c1c2,C1,0.05,0.98,1.0,200
29,c1c2,C1,0.075,0.98,1.0,200
30,c1c2,C1,0.1,0.98,1.0,200
31,c1c2,C1,0.125,0.98,1.0,200
32,c1c2,C1,0.15,0.97,0.99,200
33,c1c2,C1,0.175,0.085,0.085,200
34,c1c2,C1,0.2,0.0,0.0,200
35,c1c2,C2,0.05,0.725,1.0,200
36,c1c2,C2,0.075,0.725,1.0,200
37,c1c2,C2,0.1,0.705,0.945,200
38,c1c2,C2,0.125,0.01,0.015,200
39,c1c2,C2,0.15,0.0,0.0,200
40,c1c2,C2,0.175,0.0,0.0,200
41,c1c2,C2,0.2,0.0,0.0,200
42,abl1,C1,0.05,0.9916666666666667,1.0,120
43,abl1,C1,0.075,0.9916666666666667,1.0,120
44,abl1,C1,0.1,0.9916666666666667,1.0,120
45,abl1,C1,0.125,0.9916666666666667,1.0,120
46,abl1,C1,0.15,0.975,0.9833333333333333,120
47,abl1,C1,0.175,0.06666666666666667,0.075,120
48,abl1,C1,0.2,0.0,0.0,120
49,abl1,C1 -R1,0.05,0.20833333333333334,1.0,120
50,abl1,C1 -R1,0.075,0.20833333333333334,1.0,120
51,abl1,C1 -R1,0.1,0.20833333333333334,1.0,120
52,abl1,C1 -R1,0.125,0.016666666666666666,0.16666666666666666,120
53,abl1,C1 -R1,0.15,0.0,0.0,120
54,abl1,C1 -R1,0.175,0.0,0.0,120
55,abl1,C1 -R1,0.2,0.0,0.0,120
56,abl1,C1 -R2,0.05,0.0,1.0,120
57,abl1,C1 -R2,0.075,0.0,1.0,120
58,abl1,C1 -R2,0.1,0.0,1.0,120
59,abl1,C1 -R2,0.125,0.0,0.9333333333333333,120
60,abl1,C1 -R2,0.15,0.0,0.11666666666666667,120
61,abl1,C1 -R2,0.175,0.0,0.0,120
62,abl1,C1 -R2,0.2,0.0,0.0,120
63,abl1,C1 -AV,0.05,0.7916666666666666,1.0,120
64,abl1,C1 -AV,0.075,0.7916666666666666,1.0,120
65,abl1,C1 -AV,0.1,0.7916666666666666,1.0,120
66,abl1,C1 -AV,0.125,0.7916666666666666,1.0,120
67,abl1,C1 -AV,0.15,0.30833333333333335,0.4083333333333333,120
68,abl1,C1 -AV,0.175,0.008333333333333333,0.008333333333333333,120
69,abl1,C1 -AV,0.2,0.0,0.0,120
70,abl1,C1 -R7,0.05,0.0,0.0,120
71,abl1,C1 -R7,0.075,0.0,0.0,120
72,abl1,C1 -R7,0.1,0.0,0.0,120
73,abl1,C1 -R7,0.125,0.0,0.0,120
74,abl1,C1 -R7,0.15,0.0,0.0,120
75,abl1,C1 -R7,0.175,0.0,0.0,120
76,abl1,C1 -R7,0.2,0.0,0.0,120
77,abl1,C1 -R1 alpha=6,0.05,0.041666666666666664,1.0,120
78,abl1,C1 -R1 alpha=6,0.075,0.041666666666666664,1.0,120
79,abl1,C1 -R1 alpha=6,0.1,0.041666666666666664,1.0,120
80,abl1,C1 -R1 alpha=6,0.125,0.041666666666666664,0.9,120
81,abl1,C1 -R1 alpha=6,0.15,0.0,0.0,120
82,abl1,C1 -R1 alpha=6,0.175,0.0,0.0,120
83,abl1,C1 -R1 alpha=6,0.2,0.0,0.0,120
84,abl1,C1 w=0 rec=0.15,0.05,1.0,1.0,120
85,abl1,C1 w=0 rec=0.15,0.075,1.0,1.0,120
86,abl1,C1 w=0 rec=0.15,0.1,1.0,1.0,120
87,abl1,C1 w=0 rec=0.15,0.125,1.0,1.0,120
88,abl1,C1 w=0 rec=0.15,0.15,0.825,0.825,120
89,abl1,C1 w=0 rec=0.15,0.175,0.008333333333333333,0.008333333333333333,120
90,abl1,C1 w=0 rec=0.15,0.2,0.0,0.0,120
91,abl1,C1 -pref (refugios sin preferencia),0.05,0.0,0.0,120
92,abl1,C1 -pref (refugios sin preferencia),0.075,0.0,0.0,120
93,abl1,C1 -pref (refugios sin preferencia),0.1,0.0,0.0,120
94,abl1,C1 -pref (refugios sin preferencia),0.125,0.0,0.0,120
95,abl1,C1 -pref (refugios sin preferencia),0.15,0.0,0.0,120
96,abl1,C1 -pref (refugios sin preferencia),0.175,0.0,0.0,120
97,abl1,C1 -pref (refugios sin preferencia),0.2,0.0,0.0,120
98,abl1,C1 -hard (capacidad blanda),0.05,0.0,0.0,120
99,abl1,C1 -hard (capacidad blanda),0.075,0.0,0.0,120
100,abl1,C1 -hard (capacidad blanda),0.1,0.0,0.0,120
101,abl1,C1 -hard (capacidad blanda),0.125,0.0,0.0,120
102,abl1,C1 -hard (capacidad blanda),0.15,0.0,0.0,120
103,abl1,C1 -hard (capacidad blanda),0.175,0.0,0.0,120
104,abl1,C1 -hard (capacidad blanda),0.2,0.0,0.0,120
105,rob,C1 R7 legacy (v1),0.05,0.995,1.0,200
106,rob,C1 R7 legacy (v1),0.075,0.995,1.0,200
107,rob,C1 R7 legacy (v1),0.1,0.995,1.0,200
108,rob,C1 R7 legacy (v1),0.125,0.995,1.0,200
109,rob,C1 R7 legacy (v1),0.15,0.575,0.58,200
110,rob,C1 R7 legacy (v1),0.175,0.005,0.005,200
111,rob,C1 R7 legacy (v1),0.2,0.0,0.0,200
112,rob,C1 mu_bg=0.003,0.05,0.55,1.0,200
113,rob,C1 mu_bg=0.003,0.075,0.55,1.0,200
114,rob,C1 mu_bg=0.003,0.1,0.55,1.0,200
115,rob,C1 mu_bg=0.003,0.125,0.55,1.0,200
116,rob,C1 mu_bg=0.003,0.15,0.5,0.915,200
117,rob,C1 mu_bg=0.003,0.175,0.055,0.14,200
118,rob,C1 mu_bg=0.003,0.2,0.0,0.0,200
119,rob,C1 mu_bg=0.008,0.05,0.06,1.0,200
120,rob,C1 mu_bg=0.008,0.075,0.06,1.0,200
121,rob,C1 mu_bg=0.008,0.1,0.06,1.0,200
122,rob,C1 mu_bg=0.008,0.125,0.055,0.975,200
123,rob,C1 mu_bg=0.008,0.15,0.05,0.63,200
124,rob,C1 mu_bg=0.008,0.175,0.0,0.04,200
125,rob,C1 mu_bg=0.008,0.2,0.0,0.0,200
126,rob,C1 nido=3,0.05,0.835,1.0,200
127,rob,C1 nido=3,0.075,0.835,1.0,200
128,rob,C1 nido=3,0.1,0.835,1.0,200
129,rob,C1 nido=3,0.125,0.835,0.995,200
130,rob,C1 nido=3,0.15,0.795,0.95,200
131,rob,C1 nido=3,0.175,0.495,0.58,200
132,rob,C1 nido=3,0.2,0.02,0.025,200
133,rob,C1 async,0.05,1.0,1.0,200
134,rob,C1 async,0.075,1.0,1.0,200
135,rob,C1 async,0.1,1.0,1.0,200
136,rob,C1 async,0.125,1.0,1.0,200
137,rob,C1 async,0.15,0.235,0.235,200
138,rob,C1 async,0.175,0.0,0.0,200
139,rob,C1 async,0.2,0.0,0.0,200
140,rob,C1 async blanda,0.05,0.995,1.0,200
141,rob,C1 async blanda,0.075,0.995,1.0,200
142,rob,C1 async blanda,0.1,0.995,1.0,200
143,rob,C1 async blanda,0.125,0.995,1.0,200
144,rob,C1 async blanda,0.15,0.24,0.245,200
145,rob,C1 async blanda,0.175,0.0,0.0,200
146,rob,C1 async blanda,0.2,0.0,0.0,200
147,rob,C1 s0=0.25,0.05,0.08,1.0,200
148,rob,C1 s0=0.25,0.075,0.08,1.0,200
149,rob,C1 s0=0.25,0.1,0.08,1.0,200
150,rob,C1 s0=0.25,0.125,0.08,1.0,200
151,rob,C1 s0=0.25,0.15,0.015,0.415,200
152,rob,C1 s0=0.25,0.175,0.0,0.01,200
153,rob,C1 s0=0.25,0.2,0.0,0.0,200
154,rob,C1 s0=0.5,0.05,0.0,1.0,200
155,rob,C1 s0=0.5,0.075,0.0,1.0,200
156,rob,C1 s0=0.5,0.1,0.0,1.0,200
157,rob,C1 s0=0.5,0.125,0.0,0.905,200
158,rob,C1 s0=0.5,0.15,0.0,0.055,200
159,rob,C1 s0=0.5,0.175,0.0,0.0,200
160,rob,C1 s0=0.5,0.2,0.0,0.0,200
161,rob,C1p R7 legacy (v1),0.05,0.85,1.0,200
162,rob,C1p R7 legacy (v1),0.075,0.85,1.0,200
163,rob,C1p R7 legacy (v1),0.1,0.85,1.0,200
164,rob,C1p R7 legacy (v1),0.125,0.61,0.735,200
165,rob,C1p R7 legacy (v1),0.15,0.01,0.025,200
166,rob,C1p R7 legacy (v1),0.175,0.0,0.0,200
167,rob,C1p R7 legacy (v1),0.2,0.0,0.0,200
168,rob,C1p mu_bg=0.003,0.05,0.275,1.0,200
169,rob,C1p mu_bg=0.003,0.075,0.275,1.0,200
170,rob,C1p mu_bg=0.003,0.1,0.275,1.0,200
171,rob,C1p mu_bg=0.003,0.125,0.275,1.0,200
172,rob,C1p mu_bg=0.003,0.15,0.25,0.87,200
173,rob,C1p mu_bg=0.003,0.175,0.07,0.19,200
174,rob,C1p mu_bg=0.003,0.2,0.0,0.005,200
175,rob,C1p mu_bg=0.008,0.05,0.04,1.0,200
176,rob,C1p mu_bg=0.008,0.075,0.04,1.0,200
177,rob,C1p mu_bg=0.008,0.1,0.04,1.0,200
178,rob,C1p mu_bg=0.008,0.125,0.04,1.0,200
179,rob,C1p mu_bg=0.008,0.15,0.04,1.0,200
180,rob,C1p mu_bg=0.008,0.175,0.04,0.885,200
181,rob,C1p mu_bg=0.008,0.2,0.01,0.255,200
182,rob,C1p nido=3,0.05,0.605,1.0,200
183,rob,C1p nido=3,0.075,0.605,1.0,200
184,rob,C1p nido=3,0.1,0.605,1.0,200
185,rob,C1p nido=3,0.125,0.605,1.0,200
186,rob,C1p nido=3,0.15,0.555,0.93,200
187,rob,C1p nido=3,0.175,0.185,0.35,200
188,rob,C1p nido=3,0.2,0.01,0.02,200
189,rob,C1p async,0.05,0.935,1.0,200
190,rob,C1p async,0.075,0.935,1.0,200
191,rob,C1p async,0.1,0.935,1.0,200
192,rob,C1p async,0.125,0.935,1.0,200
193,rob,C1p async,0.15,0.225,0.245,200
194,rob,C1p async,0.175,0.0,0.0,200
195,rob,C1p async,0.2,0.0,0.0,200
196,rob,C1p async blanda,0.05,0.97,1.0,200
197,rob,C1p async blanda,0.075,0.97,1.0,200
198,rob,C1p async blanda,0.1,0.97,1.0,200
199,rob,C1p async blanda,0.125,0.96,0.99,200
200,rob,C1p async blanda,0.15,0.175,0.18,200
201,rob,C1p async blanda,0.175,0.0,0.0,200
202,rob,C1p async blanda,0.2,0.0,0.0,200
203,rob,C1p s0=0.25,0.05,0.26,1.0,200
204,rob,C1p s0=0.25,0.075,0.26,1.0,200
205,rob,C1p s0=0.25,0.1,0.26,1.0,200
206,rob,C1p s0=0.25,0.125,0.11,0.565,200
207,rob,C1p s0=0.25,0.15,0.0,0.005,200
208,rob,C1p s0=0.25,0.175,0.0,0.0,200
209,rob,C1p s0=0.25,0.2,0.0,0.0,200
210,rob,C1p s0=0.5,0.05,0.01,1.0,200
211,rob,C1p s0=0.5,0.075,0.01,1.0,200
212,rob,C1p s0=0.5,0.1,0.0,0.895,200
213,rob,C1p s0=0.5,0.125,0.0,0.055,200
214,rob,C1p s0=0.5,0.15,0.0,0.0,200
215,rob,C1p s0=0.5,0.175,0.0,0.0,200
216,rob,C1p s0=0.5,0.2,0.0,0.0,200
