point,rec,inherit_weight,gamma
0,0.02,0.0,0.1
1,0.02,0.1,0.1
2,0.02,0.2,0.1
3,0.02,0.3,0.1
4,0.02,0.5,0.1
5,0.02,0.75,0.1
6,0.02,1.0,0.1
7,0.03,0.0,0.1
8,0.03,0.1,0.1
9,0.03,0.2,0.1
10,0.03,0.3,0.1
11,0.03,0.5,0.1
12,0.03,0.75,0.1
13,0.03,1.0,0.1
14,0.05,0.0,0.1
15,0.05,0.1,0.1
16,0.05,0.2,0.1
17,0.05,0.3,0.1
18,0.05,0.5,0.1
19,0.05,0.75,0.1
20,0.05,1.0,0.1
21,0.07,0.0,0.1
22,0.07,0.1,0.1
23,0.07,0.2,0.1
24,0.07,0.3,0.1
25,0.07,0.5,0.1
26,0.07,0.75,0.1
27,0.07,1.0,0.1
28,0.1,0.0,0.1
29,0.1,0.1,0.1
30,0.1,0.2,0.1
31,0.1,0.3,0.1
32,0.1,0.5,0.1
33,0.1,0.75,0.1
34,0.1,1.0,0.1
35,0.15,0.0,0.1
36,0.15,0.1,0.1
37,0.15,0.2,0.1
38,0.15,0.3,0.1
39,0.15,0.5,0.1
40,0.15,0.75,0.1
41,0.15,1.0,0.1
42,0.2,0.0,0.1
43,0.2,0.1,0.1
44,0.2,0.2,0.1
45,0.2,0.3,0.1
46,0.2,0.5,0.1
47,0.2,0.75,0.1
48,0.2,1.0,0.1
49,0.3,0.0,0.1
50,0.3,0.1,0.1
51,0.3,0.2,0.1
52,0.3,0.3,0.1
53,0.3,0.5,0.1
54,0.3,0.75,0.1
55,0.3,1.0,0.1
56,0.02,0.0,0.0
57,0.02,0.1,0.0
58,0.02,0.2,0.0
59,0.02,0.3,0.0
60,0.02,0.5,0.0
61,0.02,0.75,0.0
62,0.02,1.0,0.0
63,0.03,0.0,0.0
64,0.03,0.1,0.0
65,0.03,0.2,0.0
66,0.03,0.3,0.0
67,0.03,0.5,0.0
68,0.03,0.75,0.0
69,0.03,1.0,0.0
70,0.05,0.0,0.0
71,0.05,0.1,0.0
72,0.05,0.2,0.0
73,0.05,0.3,0.0
74,0.05,0.5,0.0
75,0.05,0.75,0.0
76,0.05,1.0,0.0
77,0.07,0.0,0.0
78,0.07,0.1,0.0
79,0.07,0.2,0.0
80,0.07,0.3,0.0
81,0.07,0.5,0.0
82,0.07,0.75,0.0
83,0.07,1.0,0.0
84,0.1,0.0,0.0
85,0.1,0.1,0.0
86,0.1,0.2,0.0
87,0.1,0.3,0.0
88,0.1,0.5,0.0
89,0.1,0.75,0.0
90,0.1,1.0,0.0
91,0.15,0.0,0.0
92,0.15,0.1,0.0
93,0.15,0.2,0.0
94,0.15,0.3,0.0
95,0.15,0.5,0.0
96,0.15,0.75,0.0
97,0.15,1.0,0.0
98,0.2,0.0,0.0
99,0.2,0.1,0.0
100,0.2,0.2,0.0
101,0.2,0.3,0.0
102,0.2,0.5,0.0
103,0.2,0.75,0.0
104,0.2,1.0,0.0
105,0.3,0.0,0.0
106,0.3,0.1,0.0
107,0.3,0.2,0.0
108,0.3,0.3,0.0
109,0.3,0.5,0.0
110,0.3,0.75,0.0
111,0.3,1.0,0.0
