contraste,fase,P_T,P_T_ref,p,p_bh
C1 -R1 vs C1,Dfix,0.0,0.0,1.0,1.0
C1 -R1 vs C1,MIXfix_M,0.35,0.0,1.1382288146452175e-07,5.975701276887392e-07
C1 -R1 vs C1,MIXfix_F,0.21666666666666667,0.0,0.00011798265184359342,0.000412939281452577
C1 -R1 vs C1,BAND,0.8333333333333334,0.08333333333333333,1.3119757757904627e-17,2.755149129159972e-16
C1 -R1 vs C1,BAND_MIX_M,0.95,0.6166666666666667,1.1370304556164292e-05,4.341389012353639e-05
C1 -R1 vs C1,BAND_MIX_F,0.9333333333333333,0.2833333333333333,6.706693002001351e-14,5.633622121681136e-13
C1 -R2 vs C1,Dfix,0.0,0.0,1.0,1.0
C1 -R2 vs C1,MIXfix_M,0.0,0.0,1.0,1.0
C1 -R2 vs C1,MIXfix_F,0.0,0.0,1.0,1.0
C1 -R2 vs C1,BAND,0.11666666666666667,0.08333333333333333,0.7622665782552092,1.0
C1 -R2 vs C1,BAND_MIX_M,0.65,0.6166666666666667,0.8498911178584925,1.0
C1 -R2 vs C1,BAND_MIX_F,0.11666666666666667,0.2833333333333333,0.03851469246958685,0.10110106773266549
C1 -R1 -R2 vs C1,Dfix,0.016666666666666666,0.0,1.0,1.0
C1 -R1 -R2 vs C1,MIXfix_M,0.18333333333333332,0.0,0.0005905152115232917,0.0017715456345698752
C1 -R1 -R2 vs C1,MIXfix_F,0.05,0.0,0.2436974789915967,0.5117647058823531
C1 -R1 -R2 vs C1,BAND,0.7666666666666667,0.08333333333333333,7.721716664335088e-15,8.107802497551843e-14
C1 -R1 -R2 vs C1,BAND_MIX_M,0.9,0.6166666666666667,0.000498759651317464,0.0016113773350256528
C1 -R1 -R2 vs C1,BAND_MIX_F,0.7166666666666667,0.2833333333333333,3.6326187341968146e-06,1.5256998683626622e-05
"X: madre C1, colonia -R1 -R2 rec=0.1 vs C1",Dfix,0.08333333333333333,0.0,0.057315233785822026,0.1337355455002514
"X: madre C1, colonia -R1 -R2 rec=0.1 vs C1",MIXfix_M,0.36666666666666664,0.0,4.483931694056917e-08,2.69035901643415e-07
"X: madre C1, colonia -R1 -R2 rec=0.1 vs C1",MIXfix_F,0.31666666666666665,0.0,7.009823797510181e-07,3.2712511055047515e-06
"X: madre C1, colonia -R1 -R2 rec=0.1 vs C1",BAND,0.95,0.08333333333333333,4.1524347195615616e-24,1.7440225822158558e-22
"X: madre C1, colonia -R1 -R2 rec=0.1 vs C1",BAND_MIX_M,1.0,0.6166666666666667,1.7386673915730903e-08,1.2170671741011633e-07
"X: madre C1, colonia -R1 -R2 rec=0.1 vs C1",BAND_MIX_F,0.9666666666666667,0.2833333333333333,6.161365795652868e-16,8.625912113914015e-15
C0 (control) vs C1,Dfix,0.0,0.0,1.0,1.0
C0 (control) vs C1,MIXfix_M,0.0,0.0,1.0,1.0
C0 (control) vs C1,MIXfix_F,0.0,0.0,1.0,1.0
C0 (control) vs C1,BAND,0.0,0.08333333333333333,0.057315233785822026,0.1337355455002514
C0 (control) vs C1,BAND_MIX_M,0.65,0.6166666666666667,0.8498911178584925,1.0
C0 (control) vs C1,BAND_MIX_F,0.3,0.2833333333333333,1.0,1.0
C2 (contraste) vs C1,Dfix,0.0,0.0,1.0,1.0
C2 (contraste) vs C1,MIXfix_M,0.03333333333333333,0.0,0.4957983193277311,0.9053708439897699
C2 (contraste) vs C1,MIXfix_F,0.016666666666666666,0.0,1.0,1.0
C2 (contraste) vs C1,BAND,0.13333333333333333,0.08333333333333333,0.5584950739025316,0.9773663793294304
C2 (contraste) vs C1,BAND_MIX_M,0.7666666666666667,0.6166666666666667,0.1131692621463956,0.25016363211308495
C2 (contraste) vs C1,BAND_MIX_F,0.5333333333333333,0.2833333333333333,0.008997341775154278,0.02519255697043198
C1p vs C1,Dfix,0.0,0.0,1.0,1.0
C1p vs C1,MIXfix_M,0.0,0.0,1.0,1.0
C1p vs C1,MIXfix_F,0.0,0.0,1.0,1.0
C1p vs C1,BAND,0.03333333333333333,0.08333333333333333,0.43897960522001434,0.8380519736018456
C1p vs C1,BAND_MIX_M,0.5833333333333334,0.6166666666666667,0.8523005486945341,1.0
C1p vs C1,BAND_MIX_F,0.18333333333333332,0.2833333333333333,0.2804331770195123,0.5608663540390246
