point,brazo,fase,n,k,P_T,lo,hi,t_snap_mediana,s_med_mediana,s_max_mediana,frac_s0_mediana,age_med_mediana,age_min_mediana,age_max_mediana,s_desc_ad_mediana,s_desc_mat_mediana,n_desc_ad_mediana,s_max_max,frac_ensayos_s0_todos
0,C1,B,60,52,0.8666666666666667,0.7583484032350039,0.9308589051941303,6.5,1.0,1.0,0.0,10.5,10.0,10.5,,,,1.0,0.0
0,C1,BAND,60,5,0.08333333333333333,0.03612045660173077,0.1806894201833441,9.0,0.35805591651918867,0.46678141846519794,0.0,13.0,13.0,13.0,0.419136131367454,0.27696393246892176,7.0,0.5,0.0
0,C1,BAND_MIX_F,60,17,0.2833333333333333,0.18506828428432714,0.4076728516439118,9.0,0.3628997023528573,0.44662819226761624,0.0,13.0,13.0,13.0,0.4390214151757212,0.28649061951064203,51.0,0.5,0.0
0,C1,BAND_MIX_M,60,37,0.6166666666666667,0.49017595824099924,0.7291172762591798,9.0,0.3725286453894243,0.4447991178751116,0.0,13.0,13.0,13.0,0.302463589661267,0.27711647083363744,149.0,0.5,0.0
0,C1,D,60,0,0.0,0.0,0.06017185214208986,60.5,0.0,0.0,1.0,50.75,37.0,63.5,,,,0.3598300502218747,0.55
0,C1,Darg,60,0,0.0,0.0,0.06017185214208986,97.0,0.0,0.0,1.0,74.5,59.0,80.0,,,,0.5621300922281254,0.7666666666666667
0,C1,Dfix,60,0,0.0,0.0,0.06017185214208986,95.0,0.0,0.0,1.0,75.0,65.0,80.0,,,,0.2959324120671487,0.8333333333333334
0,C1,MIX_F,60,0,0.0,0.0,0.06017185214208986,60.5,0.0,0.0,1.0,50.0,40.5,58.0,,,,0.4785432293879934,0.7
0,C1,MIX_M,60,0,0.0,0.0,0.06017185214208986,60.5,0.0,0.0,1.0,49.25,41.0,58.0,,,,0.5546545782051994,0.5666666666666667
0,C1,MIXfix_F,60,0,0.0,0.0,0.06017185214208986,95.0,0.0,0.0,1.0,75.5,66.5,79.0,,,,0.4029903089638987,0.9333333333333333
0,C1,MIXfix_M,60,0,0.0,0.0,0.06017185214208986,95.0,0.0,0.0,1.0,74.75,67.0,79.0,,,,0.298121827701568,0.8833333333333333
1,C1 -R1,B,60,58,0.9666666666666667,0.886362257256914,0.9908106807438021,7.0,1.0,1.0,0.0,11.0,11.0,11.0,,,,1.0,0.0
1,C1 -R1,BAND,60,50,0.8333333333333334,0.7196838683638547,0.9068682302080855,9.0,0.36059689951445356,0.4712602992858028,0.0,13.0,13.0,13.0,0.33789244365297466,0.21592479991568297,243.0,0.4994233041261939,0.0
1,C1 -R1,BAND_MIX_F,60,56,0.9333333333333333,0.8407464268680283,0.9737713012754938,9.0,0.35535959716741683,0.4488296992227318,0.0,13.0,13.0,13.0,0.3520381672677695,0.2382925638673632,247.0,0.4992159443550246,0.0
1,C1 -R1,BAND_MIX_M,60,57,0.95,0.8629948352365147,0.9828504978356043,9.0,0.35236031971540716,0.4480904709830126,0.0,13.0,13.0,13.0,0.37019998969573065,0.3004513226891235,244.5,0.4978334072840041,0.0
1,C1 -R1,D,60,0,0.0,0.0,0.06017185214208986,86.0,0.003405872646572,0.07254762984879859,0.375,67.0,45.5,78.0,,,,0.3660183092559944,0.0
1,C1 -R1,Darg,60,10,0.16666666666666666,0.0931317697919145,0.2803161316361453,126.0,0.0812738832486396,0.3748975452582015,0.0,69.75,48.0,79.0,,,,1.0,0.0
1,C1 -R1,Dfix,60,0,0.0,0.0,0.06017185214208986,95.0,0.004269335054297401,0.07264266488837545,0.3125,73.0,56.5,80.0,,,,0.4581305685002271,0.0
1,C1 -R1,MIX_F,60,21,0.35,0.24167774406017556,0.47637381158245135,86.0,0.0046773720119162,0.03613802868707535,0.25,67.25,56.0,76.5,,,,0.4730298353488253,0.016666666666666666
1,C1 -R1,MIX_M,60,25,0.4166666666666667,0.30064278558341617,0.5427191897735989,86.0,0.007826915263886151,0.05073751774788955,0.25,68.0,52.5,76.0,,,,0.4448339748168893,0.0
1,C1 -R1,MIXfix_F,60,13,0.21666666666666667,0.13123044048190308,0.33620027573194783,95.0,0.0037470997408289497,0.032582345286264996,0.25,72.5,59.5,79.0,,,,0.6270325743198277,0.03333333333333333
1,C1 -R1,MIXfix_M,60,21,0.35,0.24167774406017556,0.47637381158245135,95.0,0.0044090164102831,0.026477412651464853,0.25,71.25,54.5,79.0,,,,0.306849719831118,0.0
2,C1 -R2,B,60,50,0.8333333333333334,0.7196838683638547,0.9068682302080855,7.0,1.0,1.0,0.0,11.0,11.0,11.0,,,,1.0,0.0
2,C1 -R2,BAND,60,7,0.11666666666666667,0.0576772064005603,0.2217878802417086,9.5,0.3625,0.4399999999999999,0.0,13.5,13.5,13.5,0.5500000000000002,0.6175000000000002,7.0,0.5,0.0
2,C1 -R2,BAND_MIX_F,60,7,0.11666666666666667,0.0576772064005603,0.2217878802417086,9.5,0.3549999999999999,0.42499999999999993,0.0,13.5,13.5,13.5,0.49000000000000016,0.5366666666666672,10.5,0.5,0.0
2,C1 -R2,BAND_MIX_M,60,39,0.65,0.5236261884175486,0.7583222559398244,9.5,0.36499999999999994,0.4299999999999999,0.0,13.5,13.5,13.5,0.14599795918367345,0.4537500000000001,191.0,0.5,0.0
2,C1 -R2,D,60,0,0.0,0.0,0.06017185214208986,65.0,0.0,0.0,1.0,54.75,39.5,67.0,,,,1.0,0.7666666666666667
2,C1 -R2,Darg,60,0,0.0,0.0,0.06017185214208986,98.0,0.0,0.0,1.0,72.25,58.0,79.0,,,,0.5500000000000005,0.9
2,C1 -R2,Dfix,60,0,0.0,0.0,0.06017185214208986,95.0,0.0,0.0,1.0,74.0,59.0,80.0,,,,0.6100000000000002,0.9
2,C1 -R2,MIX_F,60,0,0.0,0.0,0.06017185214208986,65.0,0.0,0.0,1.0,56.0,44.0,67.0,,,,0.63,0.8666666666666667
2,C1 -R2,MIX_M,60,2,0.03333333333333333,0.009189319256197877,0.113637742743086,65.0,0.0,0.0,1.0,51.5,41.5,64.0,,,,0.8,0.8333333333333334
2,C1 -R2,MIXfix_F,60,0,0.0,0.0,0.06017185214208986,95.0,0.0,0.0,1.0,74.75,66.0,79.0,,,,0.45,0.9333333333333333
2,C1 -R2,MIXfix_M,60,0,0.0,0.0,0.06017185214208986,95.0,0.0,0.0,1.0,74.0,65.0,79.0,,,,0.5000000000000001,0.9666666666666667
3,C1 -R1 -R2,B,60,58,0.9666666666666667,0.886362257256914,0.9908106807438021,7.0,1.0,1.0,0.0,11.0,11.0,11.0,,,,1.0,0.0
3,C1 -R1 -R2,BAND,60,46,0.7666666666666667,0.6456372962239805,0.8556043826335717,9.0,0.3299999999999999,0.42,0.0,13.0,13.0,13.0,0.243625,0.5467857142857143,200.0,0.4600000000000001,0.0
3,C1 -R1 -R2,BAND_MIX_F,60,43,0.7166666666666667,0.5923271483560882,0.8149317157156729,9.0,0.3524999999999999,0.42,0.0,13.0,13.0,13.0,0.23375728383458644,0.6023076923076923,212.5,0.4600000000000001,0.0
3,C1 -R1 -R2,BAND_MIX_M,60,54,0.9,0.7985053527602123,0.9533571655261158,9.0,0.3149999999999999,0.4199999999999999,0.0,13.0,13.0,13.0,0.233996897483217,0.652200956937799,232.0,0.45,0.0
3,C1 -R1 -R2,D,60,0,0.0,0.0,0.06017185214208986,82.0,0.025,0.16,0.25,66.25,47.0,77.5,,,,0.8000000000000005,0.0
3,C1 -R1 -R2,Darg,60,3,0.05,0.01714950216439568,0.1370051647634852,131.0,0.23000000000000026,0.3800000000000001,0.0,65.75,39.5,78.0,,,,0.9300000000000006,0.0
3,C1 -R1 -R2,Dfix,60,1,0.016666666666666666,0.0029481597947862495,0.08855129727590061,95.0,0.0275,0.15,0.25,74.5,51.5,80.0,,,,0.8100000000000005,0.0
3,C1 -R1 -R2,MIX_F,60,3,0.05,0.01714950216439568,0.1370051647634852,82.0,0.037500000000000006,0.1399999999999999,0.25,66.25,54.0,76.0,,,,0.4500000000000003,0.0
3,C1 -R1 -R2,MIX_M,60,10,0.16666666666666666,0.0931317697919145,0.2803161316361453,82.0,0.037500000000000006,0.10499999999999995,0.25,65.75,52.0,76.0,,,,0.6000000000000003,0.0
3,C1 -R1 -R2,MIXfix_F,60,3,0.05,0.01714950216439568,0.1370051647634852,95.0,0.025,0.1049999999999999,0.25,72.75,58.0,79.0,,,,0.5900000000000003,0.0
3,C1 -R1 -R2,MIXfix_M,60,11,0.18333333333333332,0.10557796889197638,0.2991975374646805,95.0,0.025,0.08,0.25,73.5,64.5,79.0,,,,0.3800000000000001,0.016666666666666666
4,"X: madre C1, colonia -R1 -R2 rec=0.1",B,60,59,0.9833333333333333,0.9114487027240993,0.9970518402052136,6.5,1.0,1.0,0.0,10.5,10.0,10.5,,,,1.0,0.0
4,"X: madre C1, colonia -R1 -R2 rec=0.1",BAND,60,57,0.95,0.8629948352365147,0.9828504978356043,9.0,0.35805591651918867,0.46678141846519794,0.0,13.0,13.0,13.0,0.3255905511811023,0.5349999999999999,221.0,0.5,0.0
4,"X: madre C1, colonia -R1 -R2 rec=0.1",BAND_MIX_F,60,58,0.9666666666666667,0.886362257256914,0.9908106807438021,9.0,0.3628997023528573,0.44662819226761624,0.0,13.0,13.0,13.0,0.32648564181538176,0.5162637362637363,219.5,0.5,0.0
4,"X: madre C1, colonia -R1 -R2 rec=0.1",BAND_MIX_M,60,60,1.0,0.93982814785791,0.9999999999999998,9.0,0.3725286453894243,0.4447991178751116,0.0,13.0,13.0,13.0,0.32517872711421103,0.509090909090909,223.0,0.5,0.0
4,"X: madre C1, colonia -R1 -R2 rec=0.1",D,60,51,0.85,0.7388541093022145,0.9190255941983225,60.5,0.0,0.0,1.0,50.75,37.0,63.5,,,,0.3598300502218747,0.55
4,"X: madre C1, colonia -R1 -R2 rec=0.1",Darg,60,12,0.2,0.11828505322897494,0.317818058056279,97.0,0.0,0.0,1.0,74.5,59.0,80.0,,,,0.5621300922281254,0.7666666666666667
4,"X: madre C1, colonia -R1 -R2 rec=0.1",Dfix,60,5,0.08333333333333333,0.03612045660173077,0.1806894201833441,95.0,0.0,0.0,1.0,75.0,65.0,80.0,,,,0.2959324120671487,0.8333333333333334
4,"X: madre C1, colonia -R1 -R2 rec=0.1",MIX_F,60,49,0.8166666666666667,0.7008024625353194,0.8944220311080237,60.5,0.0,0.0,1.0,50.0,40.5,58.0,,,,0.4785432293879934,0.7
4,"X: madre C1, colonia -R1 -R2 rec=0.1",MIX_M,60,48,0.8,0.6821819419437211,0.8817149467710251,60.5,0.0,0.0,1.0,49.25,41.0,58.0,,,,0.5546545782051994,0.5666666666666667
4,"X: madre C1, colonia -R1 -R2 rec=0.1",MIXfix_F,60,19,0.31666666666666665,0.21305867552366523,0.44233767026176773,95.0,0.0,0.0,1.0,75.5,66.5,79.0,,,,0.4029903089638987,0.9333333333333333
4,"X: madre C1, colonia -R1 -R2 rec=0.1",MIXfix_M,60,22,0.36666666666666664,0.25620916687225426,0.49316999369896963,95.0,0.0,0.0,1.0,74.75,67.0,79.0,,,,0.298121827701568,0.8833333333333333
5,C0 (control),B,60,47,0.7833333333333333,0.6637997242680521,0.868769559518097,6.0,1.0,1.0,0.0,10.0,10.0,10.0,,,,1.0,0.0
5,C0 (control),BAND,60,0,0.0,0.0,0.06017185214208986,11.0,0.39621291617679344,0.5,0.0,15.0,15.0,15.0,0.34979961814616034,,6.0,0.5,0.0
5,C0 (control),BAND_MIX_F,60,18,0.3,0.19898166138769108,0.42508707946914487,11.0,0.3999999999999999,0.5,0.0,15.0,15.0,15.0,0.11370322942601879,0.152423926044061,64.0,0.5,0.0
5,C0 (control),BAND_MIX_M,60,39,0.65,0.5236261884175486,0.7583222559398244,11.0,0.3999999999999999,0.4899720270249245,0.0,15.0,15.0,15.0,0.09065973970036681,0.2699028488883002,103.5,0.5,0.0
5,C0 (control),D,60,0,0.0,0.0,0.06017185214208986,58.0,0.0,0.0,1.0,47.5,35.5,58.0,,,,0.6000000000000001,0.6166666666666667
5,C0 (control),Darg,60,0,0.0,0.0,0.06017185214208986,93.0,0.0,0.0,1.0,74.0,61.5,79.0,,,,0.3991979889327072,0.8666666666666667
5,C0 (control),Dfix,60,0,0.0,0.0,0.06017185214208986,95.0,0.0,0.0,1.0,76.0,66.5,80.0,,,,0.2920882674738736,0.9166666666666666
5,C0 (control),MIX_F,60,0,0.0,0.0,0.06017185214208986,58.0,0.0,0.0,1.0,47.0,40.0,56.0,,,,0.8,0.65
5,C0 (control),MIX_M,60,0,0.0,0.0,0.06017185214208986,58.0,0.0,0.0,1.0,47.0,37.5,56.0,,,,0.3999999999999999,0.7166666666666667
5,C0 (control),MIXfix_F,60,0,0.0,0.0,0.06017185214208986,95.0,0.0,0.0,1.0,75.0,67.0,79.0,,,,0.1981072936291618,0.9333333333333333
5,C0 (control),MIXfix_M,60,0,0.0,0.0,0.06017185214208986,95.0,0.0,0.0,1.0,75.5,70.0,79.0,,,,0.120984691886348,0.9666666666666667
6,C2 (contraste),B,60,49,0.8166666666666667,0.7008024625353194,0.8944220311080237,7.0,1.0,1.0,0.0,11.0,11.0,11.0,,,,1.0,0.0
6,C2 (contraste),BAND,60,8,0.13333333333333333,0.06914109480586972,0.24165159676499615,10.0,0.3984869214798227,0.49044003232988787,0.0,14.0,14.0,14.0,0.369991807095092,0.2562232903847227,24.0,0.5,0.0
6,C2 (contraste),BAND_MIX_F,60,32,0.5333333333333333,0.4089342702715789,0.6537209395856151,10.0,0.3943734200352572,0.475630072880256,0.0,14.0,14.0,14.0,0.37665420815592077,0.264129616781959,224.0,0.5,0.0
6,C2 (contraste),BAND_MIX_M,60,46,0.7666666666666667,0.6456372962239805,0.8556043826335717,10.0,0.3959687744412014,0.47882591548044917,0.0,14.0,14.0,14.0,0.3323449236234505,0.27252972722579644,175.0,0.5,0.0
6,C2 (contraste),D,60,0,0.0,0.0,0.06017185214208986,110.0,0.0,0.18863938016543508,0.75,63.75,30.0,79.0,,,,0.6269235327050591,0.18333333333333332
6,C2 (contraste),Darg,60,0,0.0,0.0,0.06017185214208986,139.0,0.0,0.16966545522201193,0.75,67.5,48.5,78.0,,,,0.5649645146578676,0.06666666666666667
6,C2 (contraste),Dfix,60,0,0.0,0.0,0.06017185214208986,95.0,0.0,0.22248042996015693,0.75,68.5,28.0,79.0,,,,0.7079926767835086,0.2
6,C2 (contraste),MIX_F,60,0,0.0,0.0,0.06017185214208986,110.0,0.0,0.03631978955251415,0.75,63.5,46.0,75.5,,,,0.5483094875770992,0.38333333333333336
6,C2 (contraste),MIX_M,60,2,0.03333333333333333,0.009189319256197877,0.113637742743086,110.0,0.0,0.036671713136647,0.75,63.5,38.5,76.5,,,,0.596073294835533,0.36666666666666664
6,C2 (contraste),MIXfix_F,60,1,0.016666666666666666,0.0029481597947862495,0.08855129727590061,95.0,0.0,0.10050525990165765,0.75,71.25,47.0,79.0,,,,0.6250822281412965,0.26666666666666666
6,C2 (contraste),MIXfix_M,60,2,0.03333333333333333,0.009189319256197877,0.113637742743086,95.0,0.0,0.023688898274501248,0.75,70.25,46.5,78.0,,,,0.5050942386823357,0.4
7,C1p,B,60,46,0.7666666666666667,0.6456372962239805,0.8556043826335717,7.0,1.0,1.0,0.0,11.0,11.0,11.0,,,,1.0,0.0
7,C1p,BAND,60,2,0.03333333333333333,0.009189319256197877,0.113637742743086,8.0,0.3537433045650632,0.45711125556451626,0.0,12.0,12.0,12.0,0.3906288905540929,0.3751016980420381,4.0,0.5,0.0
7,C1p,BAND_MIX_F,60,11,0.18333333333333332,0.10557796889197638,0.2991975374646805,8.0,0.3558807002772679,0.45507747519027014,0.0,12.0,12.0,12.0,0.4512667586132183,0.2763490119137795,22.0,0.5,0.0
7,C1p,BAND_MIX_M,60,35,0.5833333333333334,0.45728081022640116,0.6993572144165838,8.0,0.3662897863598388,0.4453896098949288,0.0,12.0,12.0,12.0,0.27042657460689884,0.2709414700769508,116.0,0.5,0.0
7,C1p,D,60,0,0.0,0.0,0.06017185214208986,63.0,0.0,0.0,1.0,52.75,40.0,66.0,,,,0.6021908929127047,0.7666666666666667
7,C1p,Darg,60,0,0.0,0.0,0.06017185214208986,102.0,0.0,0.0,1.0,72.0,52.0,79.0,,,,0.5759198855731112,0.6166666666666667
7,C1p,Dfix,60,0,0.0,0.0,0.06017185214208986,95.0,0.0,0.0,1.0,75.5,60.0,80.0,,,,0.4878396002377868,0.65
7,C1p,MIX_F,60,0,0.0,0.0,0.06017185214208986,63.0,0.0,0.0,1.0,53.75,45.0,64.5,,,,0.4243886462038675,0.8166666666666667
7,C1p,MIX_M,60,0,0.0,0.0,0.06017185214208986,63.0,0.0,0.0,1.0,53.0,45.5,64.0,,,,1.0,0.85
7,C1p,MIXfix_F,60,0,0.0,0.0,0.06017185214208986,95.0,0.0,0.0,1.0,75.0,67.0,79.0,,,,0.4540954850155831,0.9
7,C1p,MIXfix_M,60,0,0.0,0.0,0.06017185214208986,95.0,0.0,0.0,1.0,73.75,64.0,79.0,,,,0.2955901022564523,0.85
