familia,contraste,efecto,p,se,p_bh_familia,p_bh_global,descubrimiento_FDR_0.10
trans_D_vs_candidato,C1 -R1 vs C1,0.0,1.0,,1.0,1.0,False
trans_D_vs_candidato,C1 -R2 vs C1,0.0,1.0,,1.0,1.0,False
trans_D_vs_candidato,C1 -R1 -R2 vs C1,0.0,1.0,,1.0,1.0,False
trans_D_vs_candidato,"X: madre C1, colonia -R1 -R2 rec=0.1 vs C1",0.85,1.1731538241502495e-24,,8.212076769051746e-24,1.2737098662202709e-23,True
trans_D_vs_candidato,C0 (control) vs C1,0.0,1.0,,1.0,1.0,False
trans_D_vs_candidato,C2 (contraste) vs C1,0.0,1.0,,1.0,1.0,False
trans_D_vs_candidato,C1p vs C1,0.0,1.0,,1.0,1.0,False
ablacion_x_objetivo,C1 -R1 vs C1: O4,0.0,1.0,,1.0,1.0,False
ablacion_x_objetivo,C1 -R1 vs C1: O5,-0.7833333333333333,1.3586868463385295e-41,,1.3043393724849883e-40,1.7210033386954707e-40,True
ablacion_x_objetivo,C1 -R1 vs C1: O6,-0.775,5.217068203249075e-42,,6.26048184389889e-41,7.929943668938593e-41,True
ablacion_x_objetivo,C1 -R1 vs C1: O7,-0.775,5.217068203249075e-42,,6.26048184389889e-41,7.929943668938593e-41,True
ablacion_x_objetivo,C1 -R1 vs C1: O10,0.0,1.0,,1.0,1.0,False
ablacion_x_objetivo,C1 -R1 vs C1: O11,-0.2857142857142857,2.461015902482421e-08,,1.1812876331915622e-07,1.16898255367915e-07,True
ablacion_x_objetivo,C1 -R1 vs C1: O13,0.0,1.0,,1.0,1.0,False
ablacion_x_objetivo,C1 -R1 vs C1: O13p,0.0,1.0,,1.0,1.0,False
ablacion_x_objetivo,C1 -R1 vs C1: O8,-0.725,3.711323756546144e-13,,2.5449077187744988e-12,2.1696969653654383e-12,True
ablacion_x_objetivo,C1 -R1 vs C1: O9,-0.3821428571428571,5.392045222211508e-10,,2.8757574518461377e-09,2.7319695792538308e-09,True
ablacion_x_objetivo,C1 -R1 vs C1: O14,0.0,1.0,,1.0,1.0,False
ablacion_x_objetivo,C1 -R1 vs C1: O15b,0.2675925925925926,0.004671190727372176,,0.016015511065276034,0.012678946260010192,True
ablacion_x_objetivo,C1 -R2 vs C1: O4,-0.008333333333333304,1.0,,1.0,1.0,False
ablacion_x_objetivo,C1 -R2 vs C1: O5,-0.01666666666666672,0.621842063450029,,1.0,1.0,False
ablacion_x_objetivo,C1 -R2 vs C1: O6,0.0,1.0,,1.0,1.0,False
ablacion_x_objetivo,C1 -R2 vs C1: O7,0.0,1.0,,1.0,1.0,False
ablacion_x_objetivo,C1 -R2 vs C1: O10,0.0,1.0,,1.0,1.0,False
ablacion_x_objetivo,C1 -R2 vs C1: O11,-1.0,2.2001332500149078e-71,,5.280319800035779e-70,5.5736709000377664e-70,True
ablacion_x_objetivo,C1 -R2 vs C1: O13,0.0,1.0,,1.0,1.0,False
ablacion_x_objetivo,C1 -R2 vs C1: O13p,0.0,1.0,,1.0,1.0,False
ablacion_x_objetivo,C1 -R2 vs C1: O8,-0.04166666666666663,0.5717632596047849,,1.0,1.0,False
ablacion_x_objetivo,C1 -R2 vs C1: O9,0.0,1.0,,1.0,1.0,False
ablacion_x_objetivo,C1 -R2 vs C1: O14,0.0,1.0,,1.0,1.0,False
ablacion_x_objetivo,C1 -R2 vs C1: O15b,-0.425,4.1706980934945385e-11,,2.502418856096723e-10,2.2640932507541782e-10,True
ablacion_x_objetivo,C1 -AV vs C1: O4,0.0,1.0,,1.0,1.0,False
ablacion_x_objetivo,C1 -AV vs C1: O5,-0.16666666666666674,4.575581140309184e-06,,1.9966172248621892e-05,1.8302324561236734e-05,True
ablacion_x_objetivo,C1 -AV vs C1: O6,0.0,1.0,,1.0,1.0,False
ablacion_x_objetivo,C1 -AV vs C1: O7,0.0,1.0,,1.0,1.0,False
ablacion_x_objetivo,C1 -AV vs C1: O10,0.0,1.0,,1.0,1.0,False
ablacion_x_objetivo,C1 -AV vs C1: O11,-0.033333333333333326,0.1218685450982469,,0.3656056352947407,0.28066695234747774,False
ablacion_x_objetivo,C1 -AV vs C1: O13,0.0,1.0,,1.0,1.0,False
ablacion_x_objetivo,C1 -AV vs C1: O13p,0.0,1.0,,1.0,1.0,False
ablacion_x_objetivo,C1 -AV vs C1: O8,-0.5666666666666667,2.573452202526671e-19,,2.058761762021337e-18,2.1731374154669668e-18,True
ablacion_x_objetivo,C1 -AV vs C1: O9,-0.19999999999999998,0.001663422279321113,,0.006141866877493341,0.004682225675126096,True
ablacion_x_objetivo,C1 -AV vs C1: O14,0.0,1.0,,1.0,1.0,False
ablacion_x_objetivo,C1 -AV vs C1: O15b,0.06666666666666665,0.3278785312800969,,0.8743427500802584,0.711964810779639,False
ablacion_x_objetivo,C1 -R7 vs C1: O4,0.0,1.0,,1.0,1.0,False
ablacion_x_objetivo,C1 -R7 vs C1: O5,0.0,1.0,,1.0,1.0,False
ablacion_x_objetivo,C1 -R7 vs C1: O6,0.0,1.0,,1.0,1.0,False
ablacion_x_objetivo,C1 -R7 vs C1: O7,0.0,1.0,,1.0,1.0,False
ablacion_x_objetivo,C1 -R7 vs C1: O10,0.0,1.0,,1.0,1.0,False
ablacion_x_objetivo,C1 -R7 vs C1: O11,0.0,1.0,,1.0,1.0,False
ablacion_x_objetivo,C1 -R7 vs C1: O13,-0.050000000000000044,0.02931349425911673,,0.09380318162917355,0.07682157116182316,True
ablacion_x_objetivo,C1 -R7 vs C1: O13p,-1.0,2.2001332500149078e-71,,5.280319800035779e-70,5.5736709000377664e-70,True
ablacion_x_objetivo,C1 -R7 vs C1: O8,0.06666666666666665,0.29116885698430456,,0.8221238314850953,0.6508480332590336,False
ablacion_x_objetivo,C1 -R7 vs C1: O9,-0.05833333333333329,0.43150996043501544,,1.0,0.910965472029477,False
ablacion_x_objetivo,C1 -R7 vs C1: O14,0.0,1.0,,1.0,1.0,False
ablacion_x_objetivo,C1 -R7 vs C1: O15b,-0.21666666666666667,0.0011336549835748054,,0.0045346199342992215,0.003313760721218662,True
factorial_logit,R1,-0.5464801842432784,0.6289236497562876,1.1308614704591071,0.7545167548036189,1.0,False
factorial_logit,R2,4.8562244769075384,7.552782487356858e-05,1.2268878786039095,0.000377639124367855,0.0002495702039300607,True
factorial_logit,AV,-0.4576899749992958,0.679065079323257,1.106228079092596,0.7545167548036189,1.0,False
factorial_logit,R7,4.8562244769075384,7.5527824873571e-05,1.226887878603912,0.000377639124367855,0.0002495702039300607,True
factorial_logit,R1:R2,6.597444922606538,0.0003791978736824916,1.8562633801284254,0.000947994684206229,0.0011527615359947744,True
factorial_logit,R1:AV,-0.7658265757397447,0.6295555954301755,1.5876908674314303,0.7545167548036189,1.0,False
factorial_logit,R1:R7,6.597444922606538,0.0003791978736824843,1.8562633801284227,0.000947994684206229,0.0011527615359947744,True
factorial_logit,R2:AV,3.8663956885861634,0.03635464977581701,1.8473527961184986,0.060591082959695015,0.08912752848264816,True
factorial_logit,R2:R7,-0.31653163326326106,0.9012232418628002,2.5502838267492223,0.9012232418628002,1.0,False
factorial_logit,AV:R7,3.8663956885861626,0.03635464977581654,1.8473527961184937,0.060591082959695015,0.08912752848264816,True
supervivencia,"Weibull k (candidato, todo t) = 14.67 vs k = 1",14.666205948748708,3.4420703782892276e-193,,2.0652422269735365e-192,2.615973487499813e-191,True
supervivencia,"modelo de curación (candidato): Weibull k = 14.67 (CV 0.084), π_escape = 0.000; LR de π = 0",1.0097458199787304e-15,0.5,,0.5,1.0,False
supervivencia,"Weibull k (notebook, todo t) = 0.60 vs k = 1",0.6025866296544053,1.5694597202890373e-05,,2.354189580433556e-05,5.963946937098342e-05,True
supervivencia,"modelo de curación (notebook): Weibull k = 2.23 (CV 0.473), π_escape = 0.530; LR de π = 0",0.5299999970190095,1.1852688938748048e-23,,3.5558066816244144e-23,1.1260054491810645e-22,True
supervivencia,log-rank C1 vs notebook,53.169712546917076,3.059397936389426e-13,,6.118795872778852e-13,1.9376186930466366e-12,True
supervivencia,P_ext C1 vs longevo puro,0.020000000000000018,0.11036789297658864,,0.13244147157190636,0.262123745819398,False
fase_D,residuo medio vs 0 (E[máx de n vidas]),-2.0217428343386956,8.710670155575185e-14,,8.710670155575185e-14,6.018281198397401e-13,True
planos_tendencias,f0(t_pk) vs alpha (signo esperado +1),0.559151240222781,3.304746715071923e-07,,3.304746715071923e-07,1.477416178502742e-06,True
planos_tendencias,f0(t_pk) vs crowd_aversion (signo esperado -1),-0.7667935596906038,4.08744695978095e-15,,8.1748939195619e-15,3.106459689433522e-14,True
frontera_gamma0,logit P_ext ~ w + Λ: coef w,-144.59208988490352,1.8258291722371672e-06,30.301345675363628,3.6516583444743344e-06,7.709056505001372e-06,True
frontera_gamma0,logit P_ext ~ w + Λ: coef Λ,-34.62575539224529,3.2132537589940645e-05,8.327900545978535,3.2132537589940645e-05,0.0001162891836588328,True
frontera_gamma0,φ̂ = b_Λ/b_w (frontera w + φΛ = cte),0.23947198923404228,,,,,False
frontera_gamma0,"cte de la frontera P_ext = 1/2: w + φ̂Λ = c; normalizada a la forma de campo medio σw + φΛ = 1: σ̂ = 1/c = 4.65, φ̂/c = 1.11",0.21527744529148393,,,,,False
